序号,汉字,Unicode,Unicode十六进制,来源,出现次数
1,一,19968,U+4E00,追加字库; 合并字库; GB2312,3
2,丁,19969,U+4E01,合并字库; GB2312,2
3,七,19971,U+4E03,合并字库; GB2312,2
4,万,19975,U+4E07,合并字库; GB2312,2
5,丈,19976,U+4E08,追加字库; 合并字库; GB2312,3
6,三,19977,U+4E09,合并字库; GB2312,2
7,上,19978,U+4E0A,合并字库; GB2312,2
8,下,19979,U+4E0B,追加字库; 合并字库; GB2312,3
9,丌,19980,U+4E0C,追加字库; 合并字库; GB2312,3
10,不,19981,U+4E0D,合并字库; GB2312,2
11,与,19982,U+4E0E,追加字库; 追加字库; 合并字库; GB2312,4
12,丐,19984,U+4E10,追加字库; 合并字库; GB2312,3
13,丑,19985,U+4E11,追加字库; 合并字库; GB2312,3
14,专,19987,U+4E13,追加字库; 合并字库; GB2312,3
15,且,19988,U+4E14,追加字库; 合并字库; GB2312,3
16,丕,19989,U+4E15,追加字库; 合并字库; GB2312,3
17,世,19990,U+4E16,追加字库; 合并字库; GB2312,3
18,丘,19992,U+4E18,合并字库; GB2312,2
19,丙,19993,U+4E19,追加字库; 合并字库; GB2312,3
20,业,19994,U+4E1A,合并字库; GB2312,2
21,丛,19995,U+4E1B,追加字库; 合并字库; GB2312,3
22,东,19996,U+4E1C,合并字库; GB2312,2
23,丝,19997,U+4E1D,合并字库; GB2312,2
24,丞,19998,U+4E1E,追加字库; 合并字库; GB2312,3
25,丢,20002,U+4E22,追加字库; 合并字库; GB2312,3
26,两,20004,U+4E24,合并字库; GB2312,2
27,严,20005,U+4E25,追加字库; 合并字库; GB2312,3
28,丧,20007,U+4E27,追加字库; 合并字库; GB2312,3
29,丨,20008,U+4E28,追加字库; 合并字库; GB2312,3
30,个,20010,U+4E2A,合并字库; GB2312,2
31,丫,20011,U+4E2B,追加字库; 合并字库; GB2312,3
32,丬,20012,U+4E2C,追加字库; 合并字库; GB2312,3
33,中,20013,U+4E2D,追加字库; 合并字库; GB2312,3
34,丰,20016,U+4E30,合并字库; GB2312,2
35,串,20018,U+4E32,追加字库; 合并字库; GB2312,3
36,临,20020,U+4E34,合并字库; GB2312,2
37,丶,20022,U+4E36,追加字库; 合并字库; GB2312,3
38,丸,20024,U+4E38,追加字库; 合并字库; GB2312,3
39,丹,20025,U+4E39,合并字库; GB2312,2
40,为,20026,U+4E3A,合并字库; GB2312,2
41,主,20027,U+4E3B,合并字库; GB2312,2
42,丽,20029,U+4E3D,合并字库; GB2312,2
43,举,20030,U+4E3E,追加字库; 合并字库; GB2312,3
44,丿,20031,U+4E3F,追加字库; 合并字库; GB2312,3
45,乃,20035,U+4E43,追加字库; 合并字库; GB2312,3
46,久,20037,U+4E45,追加字库; 合并字库; GB2312,3
47,乇,20039,U+4E47,追加字库; 合并字库; GB2312,3
48,么,20040,U+4E48,追加字库; 合并字库; GB2312,3
49,义,20041,U+4E49,合并字库; GB2312,2
50,之,20043,U+4E4B,合并字库; GB2312,2
51,乌,20044,U+4E4C,合并字库; GB2312,2
52,乍,20045,U+4E4D,追加字库; 合并字库; GB2312,3
53,乎,20046,U+4E4E,追加字库; 合并字库; GB2312,3
54,乏,20047,U+4E4F,追加字库; 合并字库; GB2312,3
55,乐,20048,U+4E50,合并字库; GB2312,2
56,乒,20050,U+4E52,追加字库; 合并字库; GB2312,3
57,乓,20051,U+4E53,追加字库; 合并字库; GB2312,3
58,乔,20052,U+4E54,追加字库; 合并字库; GB2312,3
59,乖,20054,U+4E56,追加字库; 合并字库; GB2312,3
60,乘,20056,U+4E58,合并字库; GB2312,2
61,乙,20057,U+4E59,追加字库; 合并字库; GB2312,3
62,乜,20060,U+4E5C,追加字库; 合并字库; GB2312,3
63,九,20061,U+4E5D,合并字库; GB2312,2
64,乞,20062,U+4E5E,追加字库; 合并字库; GB2312,3
65,也,20063,U+4E5F,追加字库; 合并字库; GB2312,3
66,习,20064,U+4E60,追加字库; 合并字库; GB2312,3
67,乡,20065,U+4E61,合并字库; GB2312,2
68,书,20070,U+4E66,追加字库; 合并字库; GB2312,3
69,乩,20073,U+4E69,追加字库; 合并字库; GB2312,3
70,买,20080,U+4E70,合并字库; GB2312,2
71,乱,20081,U+4E71,追加字库; 合并字库; GB2312,3
72,乳,20083,U+4E73,追加字库; 合并字库; GB2312,3
73,乾,20094,U+4E7E,合并字库; GB2312,2
74,了,20102,U+4E86,合并字库; GB2312,2
75,予,20104,U+4E88,追加字库; 合并字库; GB2312,3
76,争,20105,U+4E89,追加字库; 合并字库; GB2312,3
77,事,20107,U+4E8B,合并字库; GB2312,2
78,二,20108,U+4E8C,合并字库; GB2312,2
79,亍,20109,U+4E8D,追加字库; 合并字库; GB2312,3
80,于,20110,U+4E8E,合并字库; GB2312,2
81,亏,20111,U+4E8F,追加字库; 合并字库; GB2312,3
82,云,20113,U+4E91,合并字库; GB2312,2
83,互,20114,U+4E92,合并字库; GB2312,2
84,亓,20115,U+4E93,合并字库; GB2312,2
85,五,20116,U+4E94,合并字库; GB2312,2
86,井,20117,U+4E95,合并字库; GB2312,2
87,亘,20120,U+4E98,追加字库; 合并字库; GB2312,3
88,亚,20122,U+4E9A,合并字库; GB2312,2
89,些,20123,U+4E9B,追加字库; 合并字库; GB2312,3
90,亟,20127,U+4E9F,追加字库; 合并字库; GB2312,3
91,亠,20128,U+4EA0,追加字库; 合并字库; GB2312,3
92,亡,20129,U+4EA1,追加字库; 合并字库; GB2312,3
93,亢,20130,U+4EA2,追加字库; 合并字库; GB2312,3
94,交,20132,U+4EA4,合并字库; GB2312,2
95,亥,20133,U+4EA5,追加字库; 合并字库; GB2312,3
96,亦,20134,U+4EA6,追加字库; 合并字库; GB2312,3
97,产,20135,U+4EA7,追加字库; 合并字库; GB2312,3
98,亨,20136,U+4EA8,追加字库; 合并字库; GB2312,3
99,亩,20137,U+4EA9,追加字库; 合并字库; GB2312,3
100,享,20139,U+4EAB,追加字库; 合并字库; GB2312,3
101,京,20140,U+4EAC,合并字库; GB2312,2
102,亭,20141,U+4EAD,合并字库; GB2312,2
103,亮,20142,U+4EAE,合并字库; GB2312,2
104,亲,20146,U+4EB2,追加字库; 合并字库; GB2312,3
105,亳,20147,U+4EB3,合并字库; GB2312,2
106,亵,20149,U+4EB5,追加字库; 合并字库; GB2312,3
107,人,20154,U+4EBA,合并字库; GB2312,2
108,亻,20155,U+4EBB,追加字库; 合并字库; GB2312,3
109,亿,20159,U+4EBF,追加字库; 合并字库; GB2312,3
110,什,20160,U+4EC0,合并字库; GB2312,2
111,仁,20161,U+4EC1,合并字库; GB2312,2
112,仂,20162,U+4EC2,追加字库; 合并字库; GB2312,3
113,仃,20163,U+4EC3,追加字库; 合并字库; GB2312,3
114,仄,20164,U+4EC4,追加字库; 合并字库; GB2312,3
115,仅,20165,U+4EC5,合并字库; GB2312,2
116,仆,20166,U+4EC6,追加字库; 合并字库; GB2312,3
117,仇,20167,U+4EC7,追加字库; 合并字库; GB2312,3
118,仉,20169,U+4EC9,追加字库; 合并字库; GB2312,3
119,今,20170,U+4ECA,追加字库; 合并字库; GB2312,3
120,介,20171,U+4ECB,合并字库; GB2312,2
121,仍,20173,U+4ECD,追加字库; 合并字库; GB2312,3
122,从,20174,U+4ECE,合并字库; GB2312,2
123,仑,20177,U+4ED1,追加字库; 合并字库; GB2312,3
124,仓,20179,U+4ED3,追加字库; 合并字库; GB2312,3
125,仔,20180,U+4ED4,合并字库; GB2312,2
126,仕,20181,U+4ED5,追加字库; 合并字库; GB2312,3
127,他,20182,U+4ED6,合并字库; GB2312,2
128,仗,20183,U+4ED7,追加字库; 合并字库; GB2312,3
129,付,20184,U+4ED8,追加字库; 合并字库; GB2312,3
130,仙,20185,U+4ED9,合并字库; GB2312,2
131,仝,20189,U+4EDD,追加字库; 合并字库; GB2312,3
132,仞,20190,U+4EDE,追加字库; 合并字库; GB2312,3
133,仟,20191,U+4EDF,追加字库; 合并字库; GB2312,3
134,仡,20193,U+4EE1,追加字库; 合并字库; GB2312,3
135,代,20195,U+4EE3,追加字库; 合并字库; GB2312,3
136,令,20196,U+4EE4,合并字库; GB2312,2
137,以,20197,U+4EE5,追加字库; 追加字库; 合并字库; GB2312,4
138,仨,20200,U+4EE8,追加字库; 合并字库; GB2312,3
139,仪,20202,U+4EEA,合并字库; GB2312,2
140,仫,20203,U+4EEB,追加字库; 合并字库; GB2312,3
141,们,20204,U+4EEC,合并字库; GB2312,2
142,仰,20208,U+4EF0,追加字库; 合并字库; GB2312,3
143,仲,20210,U+4EF2,追加字库; 合并字库; GB2312,3
144,仳,20211,U+4EF3,追加字库; 合并字库; GB2312,3
145,仵,20213,U+4EF5,追加字库; 合并字库; GB2312,3
146,件,20214,U+4EF6,追加字库; 合并字库; GB2312,3
147,价,20215,U+4EF7,追加字库; 合并字库; GB2312,3
148,任,20219,U+4EFB,合并字库; GB2312,2
149,份,20221,U+4EFD,追加字库; 合并字库; GB2312,3
150,仿,20223,U+4EFF,追加字库; 合并字库; GB2312,3
151,企,20225,U+4F01,追加字库; 合并字库; GB2312,3
152,伉,20233,U+4F09,追加字库; 合并字库; GB2312,3
153,伊,20234,U+4F0A,合并字库; GB2312,2
154,伍,20237,U+4F0D,合并字库; GB2312,2
155,伎,20238,U+4F0E,追加字库; 合并字库; GB2312,3
156,伏,20239,U+4F0F,追加字库; 合并字库; GB2312,3
157,伐,20240,U+4F10,追加字库; 合并字库; GB2312,3
158,休,20241,U+4F11,合并字库; GB2312,2
159,众,20247,U+4F17,追加字库; 合并字库; GB2312,3
160,优,20248,U+4F18,合并字库; GB2312,2
161,伙,20249,U+4F19,追加字库; 合并字库; GB2312,3
162,会,20250,U+4F1A,合并字库; GB2312,2
163,伛,20251,U+4F1B,追加字库; 合并字库; GB2312,3
164,伞,20254,U+4F1E,追加字库; 合并字库; GB2312,3
165,伟,20255,U+4F1F,追加字库; 合并字库; GB2312,3
166,传,20256,U+4F20,追加字库; 合并字库; GB2312,3
167,伢,20258,U+4F22,追加字库; 合并字库; GB2312,3
168,伤,20260,U+4F24,追加字库; 合并字库; GB2312,3
169,伥,20261,U+4F25,追加字库; 合并字库; GB2312,3
170,伦,20262,U+4F26,追加字库; 合并字库; GB2312,3
171,伧,20263,U+4F27,追加字库; 合并字库; GB2312,3
172,伪,20266,U+4F2A,追加字库; 合并字库; GB2312,3
173,伫,20267,U+4F2B,追加字库; 合并字库; GB2312,3
174,伯,20271,U+4F2F,追加字库; 合并字库; GB2312,3
175,估,20272,U+4F30,追加字库; 合并字库; GB2312,3
176,伲,20274,U+4F32,追加字库; 合并字库; GB2312,3
177,伴,20276,U+4F34,追加字库; 合并字库; GB2312,3
178,伶,20278,U+4F36,追加字库; 合并字库; GB2312,3
179,伸,20280,U+4F38,追加字库; 合并字库; GB2312,3
180,伺,20282,U+4F3A,追加字库; 合并字库; GB2312,3
181,似,20284,U+4F3C,追加字库; 合并字库; GB2312,3
182,伽,20285,U+4F3D,追加字库; 合并字库; GB2312,3
183,佃,20291,U+4F43,追加字库; 合并字库; GB2312,3
184,但,20294,U+4F46,追加字库; 合并字库; GB2312,3
185,位,20301,U+4F4D,追加字库; 合并字库; GB2312,3
186,低,20302,U+4F4E,合并字库; GB2312,2
187,住,20303,U+4F4F,追加字库; 合并字库; GB2312,3
188,佐,20304,U+4F50,追加字库; 合并字库; GB2312,3
189,佑,20305,U+4F51,追加字库; 合并字库; GB2312,3
190,体,20307,U+4F53,追加字库; 合并字库; GB2312,3
191,何,20309,U+4F55,合并字库; GB2312,2
192,佗,20311,U+4F57,追加字库; 合并字库; GB2312,3
193,佘,20312,U+4F58,追加字库; 合并字库; GB2312,3
194,余,20313,U+4F59,合并字库; GB2312,2
195,佚,20314,U+4F5A,追加字库; 合并字库; GB2312,3
196,佛,20315,U+4F5B,合并字库; GB2312,2
197,作,20316,U+4F5C,合并字库; GB2312,2
198,佝,20317,U+4F5D,追加字库; 合并字库; GB2312,3
199,佞,20318,U+4F5E,追加字库; 合并字库; GB2312,3
200,佟,20319,U+4F5F,追加字库; 合并字库; GB2312,3
201,你,20320,U+4F60,合并字库; GB2312,2
202,佣,20323,U+4F63,追加字库; 合并字库; GB2312,3
203,佤,20324,U+4F64,追加字库; 合并字库; GB2312,3
204,佥,20325,U+4F65,追加字库; 合并字库; GB2312,3
205,佧,20327,U+4F67,追加字库; 合并字库; GB2312,3
206,佩,20329,U+4F69,合并字库; GB2312,2
207,佬,20332,U+4F6C,追加字库; 合并字库; GB2312,3
208,佯,20335,U+4F6F,追加字库; 合并字库; GB2312,3
209,佰,20336,U+4F70,追加字库; 合并字库; GB2312,3
210,佳,20339,U+4F73,合并字库; GB2312,2
211,佴,20340,U+4F74,追加字库; 合并字库; GB2312,3
212,佶,20342,U+4F76,追加字库; 合并字库; GB2312,3
213,佻,20347,U+4F7B,追加字库; 合并字库; GB2312,3
214,佼,20348,U+4F7C,追加字库; 合并字库; GB2312,3
215,佾,20350,U+4F7E,追加字库; 合并字库; GB2312,3
216,使,20351,U+4F7F,追加字库; 合并字库; GB2312,3
217,侃,20355,U+4F83,追加字库; 合并字库; GB2312,3
218,侄,20356,U+4F84,追加字库; 合并字库; GB2312,3
219,侈,20360,U+4F88,追加字库; 合并字库; GB2312,3
220,侉,20361,U+4F89,追加字库; 合并字库; GB2312,3
221,例,20363,U+4F8B,追加字库; 合并字库; GB2312,3
222,侍,20365,U+4F8D,追加字库; 合并字库; GB2312,3
223,侏,20367,U+4F8F,追加字库; 合并字库; GB2312,3
224,侑,20369,U+4F91,追加字库; 合并字库; GB2312,3
225,侔,20372,U+4F94,追加字库; 合并字库; GB2312,3
226,侗,20375,U+4F97,追加字库; 合并字库; GB2312,3
227,供,20379,U+4F9B,追加字库; 合并字库; GB2312,3
228,依,20381,U+4F9D,合并字库; GB2312,2
229,侠,20384,U+4FA0,追加字库; 合并字库; GB2312,3
230,侣,20387,U+4FA3,追加字库; 合并字库; GB2312,3
231,侥,20389,U+4FA5,追加字库; 合并字库; GB2312,3
232,侦,20390,U+4FA6,追加字库; 合并字库; GB2312,3
233,侧,20391,U+4FA7,合并字库; GB2312,2
234,侨,20392,U+4FA8,追加字库; 合并字库; GB2312,3
235,侩,20393,U+4FA9,追加字库; 合并字库; GB2312,3
236,侪,20394,U+4FAA,追加字库; 合并字库; GB2312,3
237,侬,20396,U+4FAC,追加字库; 合并字库; GB2312,3
238,侮,20398,U+4FAE,追加字库; 合并字库; GB2312,3
239,侯,20399,U+4FAF,追加字库; 合并字库; GB2312,3
240,侵,20405,U+4FB5,追加字库; 合并字库; GB2312,3
241,便,20415,U+4FBF,追加字库; 合并字库; GB2312,3
242,促,20419,U+4FC3,追加字库; 合并字库; GB2312,3
243,俄,20420,U+4FC4,追加字库; 合并字库; GB2312,3
244,俅,20421,U+4FC5,追加字库; 合并字库; GB2312,3
245,俊,20426,U+4FCA,追加字库; 合并字库; GB2312,3
246,俎,20430,U+4FCE,追加字库; 合并字库; GB2312,3
247,俏,20431,U+4FCF,追加字库; 合并字库; GB2312,3
248,俐,20432,U+4FD0,追加字库; 合并字库; GB2312,3
249,俑,20433,U+4FD1,追加字库; 合并字库; GB2312,3
250,俗,20439,U+4FD7,追加字库; 合并字库; GB2312,3
251,俘,20440,U+4FD8,追加字库; 合并字库; GB2312,3
252,俚,20442,U+4FDA,追加字库; 合并字库; GB2312,3
253,俜,20444,U+4FDC,追加字库; 合并字库; GB2312,3
254,保,20445,U+4FDD,合并字库; GB2312,2
255,俞,20446,U+4FDE,追加字库; 合并字库; GB2312,3
256,俟,20447,U+4FDF,追加字库; 合并字库; GB2312,3
257,信,20449,U+4FE1,合并字库; GB2312,2
258,俣,20451,U+4FE3,追加字库; 合并字库; GB2312,3
259,俦,20454,U+4FE6,追加字库; 合并字库; GB2312,3
260,俨,20456,U+4FE8,追加字库; 合并字库; GB2312,3
261,俩,20457,U+4FE9,追加字库; 合并字库; GB2312,3
262,俪,20458,U+4FEA,追加字库; 合并字库; GB2312,3
263,俭,20461,U+4FED,追加字库; 合并字库; GB2312,3
264,修,20462,U+4FEE,合并字库; GB2312,2
265,俯,20463,U+4FEF,追加字库; 合并字库; GB2312,3
266,俱,20465,U+4FF1,合并字库; GB2312,2
267,俳,20467,U+4FF3,追加字库; 合并字库; GB2312,3
268,俸,20472,U+4FF8,追加字库; 合并字库; GB2312,3
269,俺,20474,U+4FFA,追加字库; 合并字库; GB2312,3
270,俾,20478,U+4FFE,追加字库; 合并字库; GB2312,3
271,倌,20492,U+500C,合并字库; GB2312,2
272,倍,20493,U+500D,追加字库; 合并字库; GB2312,3
273,倏,20495,U+500F,追加字库; 合并字库; GB2312,3
274,倒,20498,U+5012,合并字库; GB2312,2
275,倔,20500,U+5014,追加字库; 合并字库; GB2312,3
276,倘,20504,U+5018,追加字库; 合并字库; GB2312,3
277,候,20505,U+5019,合并字库; GB2312,2
278,倚,20506,U+501A,追加字库; 合并字库; GB2312,3
279,倜,20508,U+501C,追加字库; 合并字库; GB2312,3
280,借,20511,U+501F,合并字库; GB2312,2
281,倡,20513,U+5021,追加字库; 合并字库; GB2312,3
282,倥,20517,U+5025,追加字库; 合并字库; GB2312,3
283,倦,20518,U+5026,追加字库; 合并字库; GB2312,3
284,倨,20520,U+5028,追加字库; 合并字库; GB2312,3
285,倩,20521,U+5029,追加字库; 合并字库; GB2312,3
286,倪,20522,U+502A,追加字库; 合并字库; GB2312,3
287,倬,20524,U+502C,追加字库; 合并字库; GB2312,3
288,倭,20525,U+502D,追加字库; 合并字库; GB2312,3
289,倮,20526,U+502E,追加字库; 合并字库; GB2312,3
290,债,20538,U+503A,追加字库; 合并字库; GB2312,3
291,值,20540,U+503C,追加字库; 合并字库; GB2312,3
292,倾,20542,U+503E,追加字库; 合并字库; GB2312,3
293,偃,20547,U+5043,合并字库; GB2312,2
294,假,20551,U+5047,合并字库; GB2312,2
295,偈,20552,U+5048,追加字库; 合并字库; GB2312,3
296,偌,20556,U+504C,追加字库; 合并字库; GB2312,3
297,偎,20558,U+504E,追加字库; 合并字库; GB2312,3
298,偏,20559,U+504F,合并字库; GB2312,2
299,偕,20565,U+5055,追加字库; 合并字库; GB2312,3
300,做,20570,U+505A,追加字库; 合并字库; GB2312,3
301,停,20572,U+505C,合并字库; GB2312,2
302,健,20581,U+5065,追加字库; 合并字库; GB2312,3
303,偬,20588,U+506C,追加字库; 合并字库; GB2312,3
304,偶,20598,U+5076,追加字库; 合并字库; GB2312,3
305,偷,20599,U+5077,追加字库; 合并字库; GB2312,3
306,偻,20603,U+507B,追加字库; 合并字库; GB2312,3
307,偾,20606,U+507E,追加字库; 合并字库; GB2312,3
308,偿,20607,U+507F,追加字库; 合并字库; GB2312,3
309,傀,20608,U+5080,追加字库; 合并字库; GB2312,3
310,傅,20613,U+5085,合并字库; GB2312,2
311,傈,20616,U+5088,追加字库; 合并字库; GB2312,3
312,傍,20621,U+508D,追加字库; 合并字库; GB2312,3
313,傣,20643,U+50A3,追加字库; 合并字库; GB2312,3
314,傥,20645,U+50A5,追加字库; 合并字库; GB2312,3
315,傧,20647,U+50A7,追加字库; 合并字库; GB2312,3
316,储,20648,U+50A8,合并字库; GB2312,2
317,傩,20649,U+50A9,追加字库; 合并字库; GB2312,3
318,催,20652,U+50AC,追加字库; 合并字库; GB2312,3
319,傲,20658,U+50B2,合并字库; GB2312,2
320,傺,20666,U+50BA,追加字库; 合并字库; GB2312,3
321,傻,20667,U+50BB,追加字库; 合并字库; GB2312,3
322,像,20687,U+50CF,追加字库; 合并字库; GB2312,3
323,僖,20694,U+50D6,追加字库; 合并字库; GB2312,3
324,僚,20698,U+50DA,追加字库; 合并字库; GB2312,3
325,僦,20710,U+50E6,追加字库; 合并字库; GB2312,3
326,僧,20711,U+50E7,追加字库; 合并字库; GB2312,3
327,僬,20716,U+50EC,追加字库; 合并字库; GB2312,3
328,僭,20717,U+50ED,追加字库; 合并字库; GB2312,3
329,僮,20718,U+50EE,追加字库; 合并字库; GB2312,3
330,僳,20723,U+50F3,追加字库; 合并字库; GB2312,3
331,僵,20725,U+50F5,追加字库; 合并字库; GB2312,3
332,僻,20731,U+50FB,追加字库; 合并字库; GB2312,3
333,儆,20742,U+5106,追加字库; 合并字库; GB2312,3
334,儇,20743,U+5107,追加字库; 合并字库; GB2312,3
335,儋,20747,U+510B,合并字库; GB2312,2
336,儒,20754,U+5112,追加字库; 合并字库; GB2312,3
337,儡,20769,U+5121,追加字库; 合并字库; GB2312,3
338,儿,20799,U+513F,追加字库; 合并字库; GB2312,3
339,兀,20800,U+5140,追加字库; 合并字库; GB2312,3
340,允,20801,U+5141,追加字库; 合并字库; GB2312,3
341,元,20803,U+5143,合并字库; GB2312,2
342,兄,20804,U+5144,合并字库; GB2312,2
343,充,20805,U+5145,合并字库; GB2312,2
344,兆,20806,U+5146,合并字库; GB2312,2
345,先,20808,U+5148,合并字库; GB2312,2
346,光,20809,U+5149,合并字库; GB2312,2
347,克,20811,U+514B,合并字库; GB2312,2
348,免,20813,U+514D,追加字库; 合并字库; GB2312,3
349,兑,20817,U+5151,追加字库; 合并字库; GB2312,3
350,兔,20820,U+5154,追加字库; 合并字库; GB2312,3
351,兕,20821,U+5155,追加字库; 合并字库; GB2312,3
352,兖,20822,U+5156,合并字库; GB2312,2
353,党,20826,U+515A,合并字库; GB2312,2
354,兜,20828,U+515C,追加字库; 合并字库; GB2312,3
355,兢,20834,U+5162,追加字库; 合并字库; GB2312,3
356,入,20837,U+5165,合并字库; GB2312,2
357,全,20840,U+5168,合并字库; GB2312,2
358,八,20843,U+516B,合并字库; GB2312,2
359,公,20844,U+516C,合并字库; GB2312,2
360,六,20845,U+516D,合并字库; GB2312,2
361,兮,20846,U+516E,追加字库; 合并字库; GB2312,3
362,兰,20848,U+5170,合并字库; GB2312,2
363,共,20849,U+5171,合并字库; GB2312,2
364,关,20851,U+5173,合并字库; GB2312,2
365,兴,20852,U+5174,合并字库; GB2312,2
366,兵,20853,U+5175,合并字库; GB2312,2
367,其,20854,U+5176,合并字库; GB2312,2
368,具,20855,U+5177,追加字库; 合并字库; GB2312,3
369,典,20856,U+5178,合并字库; GB2312,2
370,兹,20857,U+5179,追加字库; 合并字库; GB2312,3
371,养,20859,U+517B,追加字库; 合并字库; GB2312,3
372,兼,20860,U+517C,追加字库; 合并字库; GB2312,3
373,兽,20861,U+517D,合并字库; GB2312,2
374,冀,20864,U+5180,合并字库; GB2312,2
375,冁,20865,U+5181,追加字库; 合并字库; GB2312,3
376,冂,20866,U+5182,追加字库; 合并字库; GB2312,3
377,内,20869,U+5185,合并字库; GB2312,2
378,冈,20872,U+5188,合并字库; GB2312,2
379,冉,20873,U+5189,追加字库; 合并字库; GB2312,3
380,册,20876,U+518C,追加字库; 合并字库; GB2312,3
381,再,20877,U+518D,追加字库; 合并字库; GB2312,3
382,冒,20882,U+5192,追加字库; 合并字库; GB2312,3
383,冕,20885,U+5195,合并字库; GB2312,2
384,冖,20886,U+5196,追加字库; 合并字库; GB2312,3
385,冗,20887,U+5197,追加字库; 合并字库; GB2312,3
386,写,20889,U+5199,追加字库; 合并字库; GB2312,3
387,军,20891,U+519B,追加字库; 合并字库; GB2312,3
388,农,20892,U+519C,合并字库; GB2312,2
389,冠,20896,U+51A0,合并字库; GB2312,2
390,冢,20898,U+51A2,追加字库; 合并字库; GB2312,3
391,冤,20900,U+51A4,追加字库; 合并字库; GB2312,3
392,冥,20901,U+51A5,追加字库; 合并字库; GB2312,3
393,冫,20907,U+51AB,追加字库; 合并字库; GB2312,3
394,冬,20908,U+51AC,合并字库; GB2312,2
395,冯,20911,U+51AF,合并字库; GB2312,2
396,冰,20912,U+51B0,追加字库; 合并字库; GB2312,3
397,冱,20913,U+51B1,追加字库; 合并字库; GB2312,3
398,冲,20914,U+51B2,追加字库; 合并字库; GB2312,3
399,决,20915,U+51B3,追加字库; 合并字库; GB2312,3
400,况,20917,U+51B5,追加字库; 合并字库; GB2312,3
401,冶,20918,U+51B6,合并字库; GB2312,2
402,冷,20919,U+51B7,合并字库; GB2312,2
403,冻,20923,U+51BB,追加字库; 合并字库; GB2312,3
404,冼,20924,U+51BC,追加字库; 合并字库; GB2312,3
405,冽,20925,U+51BD,追加字库; 合并字库; GB2312,3
406,净,20928,U+51C0,追加字库; 合并字库; GB2312,3
407,凄,20932,U+51C4,追加字库; 合并字库; GB2312,3
408,准,20934,U+51C6,合并字库; GB2312,2
409,凇,20935,U+51C7,追加字库; 合并字库; GB2312,3
410,凉,20937,U+51C9,合并字库; GB2312,2
411,凋,20939,U+51CB,追加字库; 合并字库; GB2312,3
412,凌,20940,U+51CC,合并字库; GB2312,2
413,减,20943,U+51CF,合并字库; GB2312,2
414,凑,20945,U+51D1,追加字库; 合并字库; GB2312,3
415,凛,20955,U+51DB,追加字库; 合并字库; GB2312,3
416,凝,20957,U+51DD,追加字库; 合并字库; GB2312,3
417,几,20960,U+51E0,合并字库; GB2312,2
418,凡,20961,U+51E1,追加字库; 合并字库; GB2312,3
419,凤,20964,U+51E4,合并字库; GB2312,2
420,凫,20971,U+51EB,追加字库; 合并字库; GB2312,3
421,凭,20973,U+51ED,追加字库; 合并字库; GB2312,3
422,凯,20975,U+51EF,追加字库; 合并字库; GB2312,3
423,凰,20976,U+51F0,追加字库; 合并字库; GB2312,3
424,凳,20979,U+51F3,追加字库; 合并字库; GB2312,3
425,凵,20981,U+51F5,追加字库; 合并字库; GB2312,3
426,凶,20982,U+51F6,追加字库; 合并字库; GB2312,3
427,凸,20984,U+51F8,追加字库; 合并字库; GB2312,3
428,凹,20985,U+51F9,追加字库; 合并字库; GB2312,3
429,出,20986,U+51FA,追加字库; 合并字库; GB2312,3
430,击,20987,U+51FB,追加字库; 合并字库; GB2312,3
431,凼,20988,U+51FC,追加字库; 合并字库; GB2312,3
432,函,20989,U+51FD,追加字库; 合并字库; GB2312,3
433,凿,20991,U+51FF,追加字库; 合并字库; GB2312,3
434,刀,20992,U+5200,追加字库; 合并字库; GB2312,3
435,刁,20993,U+5201,追加字库; 合并字库; GB2312,3
436,刂,20994,U+5202,追加字库; 合并字库; GB2312,3
437,刃,20995,U+5203,追加字库; 合并字库; GB2312,3
438,分,20998,U+5206,合并字库; GB2312,2
439,切,20999,U+5207,合并字库; GB2312,2
440,刈,21000,U+5208,追加字库; 合并字库; GB2312,3
441,刊,21002,U+520A,合并字库; GB2312,2
442,刍,21005,U+520D,追加字库; 合并字库; GB2312,3
443,刎,21006,U+520E,追加字库; 合并字库; GB2312,3
444,刑,21009,U+5211,追加字库; 合并字库; GB2312,3
445,划,21010,U+5212,追加字库; 合并字库; GB2312,3
446,刖,21014,U+5216,追加字库; 合并字库; GB2312,3
447,列,21015,U+5217,合并字库; GB2312,2
448,刘,21016,U+5218,合并字库; GB2312,2
449,则,21017,U+5219,追加字库; 合并字库; GB2312,3
450,刚,21018,U+521A,追加字库; 合并字库; GB2312,3
451,创,21019,U+521B,追加字库; 合并字库; GB2312,3
452,初,21021,U+521D,追加字库; 合并字库; GB2312,3
453,删,21024,U+5220,合并字库; GB2312,2
454,判,21028,U+5224,追加字库; 合并字库; GB2312,3
455,刨,21032,U+5228,追加字库; 合并字库; GB2312,3
456,利,21033,U+5229,合并字库; GB2312,2
457,别,21035,U+522B,追加字库; 合并字库; GB2312,3
458,刭,21037,U+522D,追加字库; 合并字库; GB2312,3
459,刮,21038,U+522E,追加字库; 合并字库; GB2312,3
460,到,21040,U+5230,合并字库; GB2312,2
461,刳,21043,U+5233,追加字库; 合并字库; GB2312,3
462,制,21046,U+5236,合并字库; GB2312,2
463,刷,21047,U+5237,合并字库; GB2312,2
464,券,21048,U+5238,追加字库; 合并字库; GB2312,3
465,刹,21049,U+5239,追加字库; 合并字库; GB2312,3
466,刺,21050,U+523A,追加字库; 合并字库; GB2312,3
467,刻,21051,U+523B,追加字库; 合并字库; GB2312,3
468,刽,21053,U+523D,追加字库; 合并字库; GB2312,3
469,刿,21055,U+523F,追加字库; 合并字库; GB2312,3
470,剀,21056,U+5240,追加字库; 合并字库; GB2312,3
471,剁,21057,U+5241,追加字库; 合并字库; GB2312,3
472,剂,21058,U+5242,追加字库; 合并字库; GB2312,3
473,剃,21059,U+5243,追加字库; 合并字库; GB2312,3
474,削,21066,U+524A,追加字库; 合并字库; GB2312,3
475,剌,21068,U+524C,追加字库; 合并字库; GB2312,3
476,前,21069,U+524D,合并字库; GB2312,2
477,剐,21072,U+5250,追加字库; 合并字库; GB2312,3
478,剑,21073,U+5251,合并字库; GB2312,2
479,剔,21076,U+5254,追加字库; 合并字库; GB2312,3
480,剖,21078,U+5256,追加字库; 合并字库; GB2312,3
481,剜,21084,U+525C,追加字库; 合并字库; GB2312,3
482,剞,21086,U+525E,追加字库; 合并字库; GB2312,3
483,剡,21089,U+5261,追加字库; 合并字库; GB2312,3
484,剥,21093,U+5265,追加字库; 合并字库; GB2312,3
485,剧,21095,U+5267,追加字库; 合并字库; GB2312,3
486,剩,21097,U+5269,追加字库; 合并字库; GB2312,3
487,剪,21098,U+526A,追加字库; 合并字库; GB2312,3
488,副,21103,U+526F,合并字库; GB2312,2
489,割,21106,U+5272,追加字库; 合并字库; GB2312,3
490,剽,21117,U+527D,追加字库; 合并字库; GB2312,3
491,剿,21119,U+527F,追加字库; 合并字库; GB2312,3
492,劁,21121,U+5281,追加字库; 合并字库; GB2312,3
493,劂,21122,U+5282,追加字库; 合并字库; GB2312,3
494,劈,21128,U+5288,追加字库; 合并字库; GB2312,3
495,劐,21136,U+5290,追加字库; 合并字库; GB2312,3
496,劓,21139,U+5293,追加字库; 合并字库; GB2312,3
497,力,21147,U+529B,合并字库; GB2312,2
498,劝,21149,U+529D,追加字库; 合并字库; GB2312,3
499,办,21150,U+529E,追加字库; 合并字库; GB2312,3
500,功,21151,U+529F,合并字库; GB2312,2
501,加,21152,U+52A0,追加字库; 追加字库; 合并字库; GB2312,4
502,务,21153,U+52A1,合并字库; GB2312,2
503,劢,21154,U+52A2,追加字库; 合并字库; GB2312,3
504,劣,21155,U+52A3,追加字库; 合并字库; GB2312,3
505,动,21160,U+52A8,合并字库; GB2312,2
506,助,21161,U+52A9,追加字库; 合并字库; GB2312,3
507,努,21162,U+52AA,追加字库; 合并字库; GB2312,3
508,劫,21163,U+52AB,追加字库; 合并字库; GB2312,3
509,劬,21164,U+52AC,追加字库; 合并字库; GB2312,3
510,劭,21165,U+52AD,追加字库; 合并字库; GB2312,3
511,励,21169,U+52B1,追加字库; 合并字库; GB2312,3
512,劲,21170,U+52B2,合并字库; GB2312,2
513,劳,21171,U+52B3,合并字库; GB2312,2
514,劾,21182,U+52BE,追加字库; 合并字库; GB2312,3
515,势,21183,U+52BF,追加字库; 合并字库; GB2312,3
516,勃,21187,U+52C3,追加字库; 合并字库; GB2312,3
517,勇,21191,U+52C7,合并字库; GB2312,2
518,勉,21193,U+52C9,追加字库; 合并字库; GB2312,3
519,勋,21195,U+52CB,追加字库; 合并字库; GB2312,3
520,勐,21200,U+52D0,追加字库; 合并字库; GB2312,3
521,勒,21202,U+52D2,合并字库; GB2312,2
522,勖,21206,U+52D6,追加字库; 合并字库; GB2312,3
523,勘,21208,U+52D8,追加字库; 合并字库; GB2312,3
524,募,21215,U+52DF,追加字库; 合并字库; GB2312,3
525,勤,21220,U+52E4,追加字库; 合并字库; GB2312,3
526,勰,21232,U+52F0,追加字库; 合并字库; GB2312,3
527,勹,21241,U+52F9,追加字库; 合并字库; GB2312,3
528,勺,21242,U+52FA,追加字库; 合并字库; GB2312,3
529,勾,21246,U+52FE,追加字库; 合并字库; GB2312,3
530,勿,21247,U+52FF,追加字库; 合并字库; GB2312,3
531,匀,21248,U+5300,合并字库; GB2312,2
532,包,21253,U+5305,合并字库; GB2312,2
533,匆,21254,U+5306,追加字库; 合并字库; GB2312,3
534,匈,21256,U+5308,追加字库; 合并字库; GB2312,3
535,匍,21261,U+530D,追加字库; 合并字库; GB2312,3
536,匏,21263,U+530F,追加字库; 合并字库; GB2312,3
537,匐,21264,U+5310,追加字库; 合并字库; GB2312,3
538,匕,21269,U+5315,追加字库; 合并字库; GB2312,3
539,化,21270,U+5316,合并字库; GB2312,2
540,北,21271,U+5317,合并字库; GB2312,2
541,匙,21273,U+5319,追加字库; 合并字库; GB2312,3
542,匚,21274,U+531A,追加字库; 合并字库; GB2312,3
543,匝,21277,U+531D,追加字库; 合并字库; GB2312,3
544,匠,21280,U+5320,追加字库; 合并字库; GB2312,3
545,匡,21281,U+5321,追加字库; 合并字库; GB2312,3
546,匣,21283,U+5323,追加字库; 合并字库; GB2312,3
547,匦,21286,U+5326,追加字库; 合并字库; GB2312,3
548,匪,21290,U+532A,追加字库; 合并字库; GB2312,3
549,匮,21294,U+532E,追加字库; 合并字库; GB2312,3
550,匹,21305,U+5339,追加字库; 合并字库; GB2312,3
551,区,21306,U+533A,合并字库; GB2312,2
552,医,21307,U+533B,合并字库; GB2312,2
553,匾,21310,U+533E,追加字库; 合并字库; GB2312,3
554,匿,21311,U+533F,追加字库; 合并字库; GB2312,3
555,十,21313,U+5341,合并字库; GB2312,2
556,千,21315,U+5343,合并字库; GB2312,2
557,卅,21317,U+5345,追加字库; 合并字库; GB2312,3
558,升,21319,U+5347,合并字库; GB2312,2
559,午,21320,U+5348,追加字库; 合并字库; GB2312,3
560,卉,21321,U+5349,追加字库; 合并字库; GB2312,3
561,半,21322,U+534A,合并字库; GB2312,2
562,华,21326,U+534E,合并字库; GB2312,2
563,协,21327,U+534F,合并字库; GB2312,2
564,卑,21329,U+5351,追加字库; 合并字库; GB2312,3
565,卒,21330,U+5352,追加字库; 合并字库; GB2312,3
566,卓,21331,U+5353,追加字库; 合并字库; GB2312,3
567,单,21333,U+5355,追加字库; 合并字库; GB2312,3
568,卖,21334,U+5356,合并字库; GB2312,2
569,南,21335,U+5357,合并字库; GB2312,2
570,博,21338,U+535A,合并字库; GB2312,2
571,卜,21340,U+535C,追加字库; 合并字库; GB2312,3
572,卞,21342,U+535E,追加字库; 合并字库; GB2312,3
573,卟,21343,U+535F,追加字库; 合并字库; GB2312,3
574,占,21344,U+5360,合并字库; GB2312,2
575,卡,21345,U+5361,合并字库; GB2312,2
576,卢,21346,U+5362,合并字库; GB2312,2
577,卣,21347,U+5363,追加字库; 合并字库; GB2312,3
578,卤,21348,U+5364,追加字库; 合并字库; GB2312,3
579,卦,21350,U+5366,追加字库; 合并字库; GB2312,3
580,卧,21351,U+5367,合并字库; GB2312,2
581,卩,21353,U+5369,追加字库; 合并字库; GB2312,3
582,卫,21355,U+536B,合并字库; GB2312,2
583,卮,21358,U+536E,追加字库; 合并字库; GB2312,3
584,卯,21359,U+536F,追加字库; 合并字库; GB2312,3
585,印,21360,U+5370,追加字库; 合并字库; GB2312,3
586,危,21361,U+5371,合并字库; GB2312,2
587,即,21363,U+5373,合并字库; GB2312,2
588,却,21364,U+5374,追加字库; 合并字库; GB2312,3
589,卵,21365,U+5375,追加字库; 合并字库; GB2312,3
590,卷,21367,U+5377,追加字库; 合并字库; GB2312,3
591,卸,21368,U+5378,追加字库; 合并字库; GB2312,3
592,卺,21370,U+537A,追加字库; 合并字库; GB2312,3
593,卿,21375,U+537F,追加字库; 合并字库; GB2312,3
594,厂,21378,U+5382,合并字库; GB2312,2
595,厄,21380,U+5384,追加字库; 合并字库; GB2312,3
596,厅,21381,U+5385,合并字库; GB2312,2
597,历,21382,U+5386,追加字库; 合并字库; GB2312,3
598,厉,21385,U+5389,追加字库; 合并字库; GB2312,3
599,压,21387,U+538B,合并字库; GB2312,2
600,厌,21388,U+538C,追加字库; 合并字库; GB2312,3
601,厍,21389,U+538D,追加字库; 合并字库; GB2312,3
602,厕,21397,U+5395,追加字库; 合并字库; GB2312,3
603,厘,21400,U+5398,追加字库; 合并字库; GB2312,3
604,厚,21402,U+539A,合并字库; GB2312,2
605,厝,21405,U+539D,追加字库; 合并字库; GB2312,3
606,原,21407,U+539F,合并字库; GB2312,2
607,厢,21410,U+53A2,追加字库; 合并字库; GB2312,3
608,厣,21411,U+53A3,追加字库; 合并字库; GB2312,3
609,厥,21413,U+53A5,追加字库; 合并字库; GB2312,3
610,厦,21414,U+53A6,合并字库; GB2312,2
611,厨,21416,U+53A8,追加字库; 合并字库; GB2312,3
612,厩,21417,U+53A9,追加字库; 合并字库; GB2312,3
613,厮,21422,U+53AE,追加字库; 合并字库; GB2312,3
614,厶,21430,U+53B6,追加字库; 合并字库; GB2312,3
615,去,21435,U+53BB,追加字库; 追加字库; 合并字库; GB2312,4
616,县,21439,U+53BF,合并字库; GB2312,2
617,叁,21441,U+53C1,追加字库; 合并字库; GB2312,3
618,参,21442,U+53C2,追加字库; 合并字库; GB2312,3
619,又,21448,U+53C8,合并字库; GB2312,2
620,叉,21449,U+53C9,追加字库; 合并字库; GB2312,3
621,及,21450,U+53CA,合并字库; GB2312,2
622,友,21451,U+53CB,合并字库; GB2312,2
623,双,21452,U+53CC,合并字库; GB2312,2
624,反,21453,U+53CD,合并字库; GB2312,2
625,发,21457,U+53D1,合并字库; GB2312,2
626,叔,21460,U+53D4,追加字库; 合并字库; GB2312,3
627,取,21462,U+53D6,合并字库; GB2312,2
628,受,21463,U+53D7,追加字库; 合并字库; GB2312,3
629,变,21464,U+53D8,追加字库; 合并字库; GB2312,3
630,叙,21465,U+53D9,追加字库; 合并字库; GB2312,3
631,叛,21467,U+53DB,追加字库; 合并字库; GB2312,3
632,叟,21471,U+53DF,追加字库; 合并字库; GB2312,3
633,叠,21472,U+53E0,追加字库; 合并字库; GB2312,3
634,口,21475,U+53E3,合并字库; GB2312,2
635,古,21476,U+53E4,合并字库; GB2312,2
636,句,21477,U+53E5,合并字库; GB2312,2
637,另,21478,U+53E6,追加字库; 合并字库; GB2312,3
638,叨,21480,U+53E8,追加字库; 合并字库; GB2312,3
639,叩,21481,U+53E9,追加字库; 合并字库; GB2312,3
640,只,21482,U+53EA,追加字库; 合并字库; GB2312,3
641,叫,21483,U+53EB,合并字库; GB2312,2
642,召,21484,U+53EC,追加字库; 合并字库; GB2312,3
643,叭,21485,U+53ED,追加字库; 合并字库; GB2312,3
644,叮,21486,U+53EE,合并字库; GB2312,2
645,可,21487,U+53EF,追加字库; 追加字库; 合并字库; GB2312,4
646,台,21488,U+53F0,合并字库; GB2312,2
647,叱,21489,U+53F1,追加字库; 合并字库; GB2312,3
648,史,21490,U+53F2,追加字库; 合并字库; GB2312,3
649,右,21491,U+53F3,合并字库; GB2312,2
650,叵,21493,U+53F5,追加字库; 合并字库; GB2312,3
651,叶,21494,U+53F6,合并字库; GB2312,2
652,号,21495,U+53F7,合并字库; GB2312,2
653,司,21496,U+53F8,追加字库; 合并字库; GB2312,3
654,叹,21497,U+53F9,追加字库; 合并字库; GB2312,3
655,叻,21499,U+53FB,追加字库; 合并字库; GB2312,3
656,叼,21500,U+53FC,追加字库; 合并字库; GB2312,3
657,叽,21501,U+53FD,追加字库; 合并字库; GB2312,3
658,吁,21505,U+5401,追加字库; 合并字库; GB2312,3
659,吃,21507,U+5403,追加字库; 合并字库; GB2312,3
660,各,21508,U+5404,合并字库; GB2312,2
661,吆,21510,U+5406,追加字库; 合并字库; GB2312,3
662,合,21512,U+5408,合并字库; GB2312,2
663,吉,21513,U+5409,合并字库; GB2312,2
664,吊,21514,U+540A,追加字库; 合并字库; GB2312,3
665,同,21516,U+540C,合并字库; GB2312,2
666,名,21517,U+540D,合并字库; GB2312,2
667,后,21518,U+540E,追加字库; 合并字库; GB2312,3
668,吏,21519,U+540F,追加字库; 合并字库; GB2312,3
669,吐,21520,U+5410,追加字库; 合并字库; GB2312,3
670,向,21521,U+5411,合并字库; GB2312,2
671,吒,21522,U+5412,追加字库; 合并字库; GB2312,3
672,吓,21523,U+5413,追加字库; 合并字库; GB2312,3
673,吕,21525,U+5415,合并字库; GB2312,2
674,吖,21526,U+5416,追加字库; 合并字库; GB2312,3
675,吗,21527,U+5417,追加字库; 合并字库; GB2312,3
676,君,21531,U+541B,追加字库; 合并字库; GB2312,3
677,吝,21533,U+541D,追加字库; 合并字库; GB2312,3
678,吞,21534,U+541E,追加字库; 合并字库; GB2312,3
679,吟,21535,U+541F,追加字库; 合并字库; GB2312,3
680,吠,21536,U+5420,追加字库; 合并字库; GB2312,3
681,吡,21537,U+5421,追加字库; 合并字库; GB2312,3
682,吣,21539,U+5423,追加字库; 合并字库; GB2312,3
683,否,21542,U+5426,追加字库; 合并字库; GB2312,3
684,吧,21543,U+5427,追加字库; 合并字库; GB2312,3
685,吨,21544,U+5428,追加字库; 合并字库; GB2312,3
686,吩,21545,U+5429,追加字库; 合并字库; GB2312,3
687,含,21547,U+542B,追加字库; 合并字库; GB2312,3
688,听,21548,U+542C,合并字库; GB2312,2
689,吭,21549,U+542D,追加字库; 合并字库; GB2312,3
690,吮,21550,U+542E,追加字库; 合并字库; GB2312,3
691,启,21551,U+542F,合并字库; GB2312,2
692,吱,21553,U+5431,追加字库; 合并字库; GB2312,3
693,吲,21554,U+5432,追加字库; 合并字库; GB2312,3
694,吴,21556,U+5434,合并字库; GB2312,2
695,吵,21557,U+5435,追加字库; 合并字库; GB2312,3
696,吸,21560,U+5438,追加字库; 合并字库; GB2312,3
697,吹,21561,U+5439,追加字库; 合并字库; GB2312,3
698,吻,21563,U+543B,追加字库; 合并字库; GB2312,3
699,吼,21564,U+543C,追加字库; 合并字库; GB2312,3
700,吾,21566,U+543E,合并字库; GB2312,2
701,呀,21568,U+5440,追加字库; 合并字库; GB2312,3
702,呃,21571,U+5443,追加字库; 合并字库; GB2312,3
703,呆,21574,U+5446,追加字库; 合并字库; GB2312,3
704,呈,21576,U+5448,追加字库; 合并字库; GB2312,3
705,告,21578,U+544A,追加字库; 合并字库; GB2312,3
706,呋,21579,U+544B,追加字库; 合并字库; GB2312,3
707,呐,21584,U+5450,追加字库; 合并字库; GB2312,3
708,呒,21586,U+5452,追加字库; 合并字库; GB2312,3
709,呓,21587,U+5453,追加字库; 合并字库; GB2312,3
710,呔,21588,U+5454,追加字库; 合并字库; GB2312,3
711,呕,21589,U+5455,追加字库; 合并字库; GB2312,3
712,呖,21590,U+5456,追加字库; 合并字库; GB2312,3
713,呗,21591,U+5457,追加字库; 合并字库; GB2312,3
714,员,21592,U+5458,追加字库; 合并字库; GB2312,3
715,呙,21593,U+5459,追加字库; 合并字库; GB2312,3
716,呛,21595,U+545B,追加字库; 合并字库; GB2312,3
717,呜,21596,U+545C,追加字库; 合并字库; GB2312,3
718,呢,21602,U+5462,合并字库; GB2312,2
719,呤,21604,U+5464,追加字库; 合并字库; GB2312,3
720,呦,21606,U+5466,追加字库; 合并字库; GB2312,3
721,周,21608,U+5468,合并字库; GB2312,2
722,呱,21617,U+5471,追加字库; 合并字库; GB2312,3
723,呲,21618,U+5472,追加字库; 合并字库; GB2312,3
724,味,21619,U+5473,追加字库; 合并字库; GB2312,3
725,呵,21621,U+5475,追加字库; 合并字库; GB2312,3
726,呶,21622,U+5476,追加字库; 合并字库; GB2312,3
727,呷,21623,U+5477,追加字库; 合并字库; GB2312,3
728,呸,21624,U+5478,追加字库; 合并字库; GB2312,3
729,呻,21627,U+547B,追加字库; 合并字库; GB2312,3
730,呼,21628,U+547C,合并字库; GB2312,2
731,命,21629,U+547D,合并字库; GB2312,2
732,咀,21632,U+5480,追加字库; 合并字库; GB2312,3
733,咂,21634,U+5482,追加字库; 合并字库; GB2312,3
734,咄,21636,U+5484,追加字库; 合并字库; GB2312,3
735,咆,21638,U+5486,追加字库; 合并字库; GB2312,3
736,咋,21643,U+548B,追加字库; 合并字库; GB2312,3
737,和,21644,U+548C,合并字库; GB2312,2
738,咎,21646,U+548E,追加字库; 合并字库; GB2312,3
739,咏,21647,U+548F,追加字库; 合并字库; GB2312,3
740,咐,21648,U+5490,追加字库; 合并字库; GB2312,3
741,咒,21650,U+5492,追加字库; 合并字库; GB2312,3
742,咔,21652,U+5494,追加字库; 合并字库; GB2312,3
743,咕,21653,U+5495,追加字库; 合并字库; GB2312,3
744,咖,21654,U+5496,追加字库; 合并字库; GB2312,3
745,咙,21657,U+5499,追加字库; 合并字库; GB2312,3
746,咚,21658,U+549A,合并字库; GB2312,2
747,咛,21659,U+549B,追加字库; 合并字库; GB2312,3
748,咝,21661,U+549D,追加字库; 合并字库; GB2312,3
749,咣,21667,U+54A3,追加字库; 合并字库; GB2312,3
750,咤,21668,U+54A4,追加字库; 合并字库; GB2312,3
751,咦,21670,U+54A6,追加字库; 合并字库; GB2312,3
752,咧,21671,U+54A7,追加字库; 合并字库; GB2312,3
753,咨,21672,U+54A8,追加字库; 合并字库; GB2312,3
754,咩,21673,U+54A9,追加字库; 合并字库; GB2312,3
755,咪,21674,U+54AA,追加字库; 合并字库; GB2312,3
756,咫,21675,U+54AB,追加字库; 合并字库; GB2312,3
757,咬,21676,U+54AC,追加字库; 合并字库; GB2312,3
758,咭,21677,U+54AD,追加字库; 合并字库; GB2312,3
759,咯,21679,U+54AF,追加字库; 合并字库; GB2312,3
760,咱,21681,U+54B1,追加字库; 合并字库; GB2312,3
761,咳,21683,U+54B3,追加字库; 合并字库; GB2312,3
762,咴,21684,U+54B4,追加字库; 合并字库; GB2312,3
763,咸,21688,U+54B8,合并字库; GB2312,2
764,咻,21691,U+54BB,追加字库; 合并字库; GB2312,3
765,咽,21693,U+54BD,追加字库; 合并字库; GB2312,3
766,咿,21695,U+54BF,追加字库; 合并字库; GB2312,3
767,哀,21696,U+54C0,追加字库; 合并字库; GB2312,3
768,品,21697,U+54C1,追加字库; 合并字库; GB2312,3
769,哂,21698,U+54C2,追加字库; 合并字库; GB2312,3
770,哄,21700,U+54C4,追加字库; 合并字库; GB2312,3
771,哆,21702,U+54C6,追加字库; 合并字库; GB2312,3
772,哇,21703,U+54C7,追加字库; 合并字库; GB2312,3
773,哈,21704,U+54C8,合并字库; GB2312,2
774,哉,21705,U+54C9,追加字库; 合并字库; GB2312,3
775,哌,21708,U+54CC,追加字库; 合并字库; GB2312,3
776,响,21709,U+54CD,合并字库; GB2312,2
777,哎,21710,U+54CE,追加字库; 合并字库; GB2312,3
778,哏,21711,U+54CF,追加字库; 合并字库; GB2312,3
779,哐,21712,U+54D0,追加字库; 合并字库; GB2312,3
780,哑,21713,U+54D1,追加字库; 合并字库; GB2312,3
781,哒,21714,U+54D2,追加字库; 合并字库; GB2312,3
782,哓,21715,U+54D3,追加字库; 合并字库; GB2312,3
783,哔,21716,U+54D4,追加字库; 合并字库; GB2312,3
784,哕,21717,U+54D5,追加字库; 合并字库; GB2312,3
785,哗,21719,U+54D7,追加字库; 合并字库; GB2312,3
786,哙,21721,U+54D9,追加字库; 合并字库; GB2312,3
787,哚,21722,U+54DA,追加字库; 合并字库; GB2312,3
788,哜,21724,U+54DC,追加字库; 合并字库; GB2312,3
789,哝,21725,U+54DD,追加字库; 合并字库; GB2312,3
790,哞,21726,U+54DE,追加字库; 合并字库; GB2312,3
791,哟,21727,U+54DF,追加字库; 合并字库; GB2312,3
792,哥,21733,U+54E5,合并字库; GB2312,2
793,哦,21734,U+54E6,追加字库; 合并字库; GB2312,3
794,哧,21735,U+54E7,追加字库; 合并字库; GB2312,3
795,哨,21736,U+54E8,追加字库; 合并字库; GB2312,3
796,哩,21737,U+54E9,追加字库; 合并字库; GB2312,3
797,哪,21738,U+54EA,追加字库; 合并字库; GB2312,3
798,哭,21741,U+54ED,追加字库; 合并字库; GB2312,3
799,哮,21742,U+54EE,追加字库; 合并字库; GB2312,3
800,哲,21746,U+54F2,追加字库; 合并字库; GB2312,3
801,哳,21747,U+54F3,追加字库; 合并字库; GB2312,3
802,哺,21754,U+54FA,追加字库; 合并字库; GB2312,3
803,哼,21756,U+54FC,追加字库; 合并字库; GB2312,3
804,哽,21757,U+54FD,追加字库; 合并字库; GB2312,3
805,哿,21759,U+54FF,追加字库; 合并字库; GB2312,3
806,唁,21761,U+5501,追加字库; 合并字库; GB2312,3
807,唆,21766,U+5506,追加字库; 合并字库; GB2312,3
808,唇,21767,U+5507,追加字库; 合并字库; GB2312,3
809,唉,21769,U+5509,追加字库; 合并字库; GB2312,3
810,唏,21775,U+550F,追加字库; 合并字库; GB2312,3
811,唐,21776,U+5510,合并字库; GB2312,2
812,唑,21777,U+5511,追加字库; 合并字库; GB2312,3
813,唔,21780,U+5514,追加字库; 合并字库; GB2312,3
814,唛,21787,U+551B,追加字库; 合并字库; GB2312,3
815,唠,21792,U+5520,追加字库; 合并字库; GB2312,3
816,唢,21794,U+5522,追加字库; 合并字库; GB2312,3
817,唣,21795,U+5523,追加字库; 合并字库; GB2312,3
818,唤,21796,U+5524,追加字库; 合并字库; GB2312,3
819,唧,21799,U+5527,追加字库; 合并字库; GB2312,3
820,唪,21802,U+552A,追加字库; 合并字库; GB2312,3
821,唬,21804,U+552C,追加字库; 合并字库; GB2312,3
822,售,21806,U+552E,追加字库; 合并字库; GB2312,3
823,唯,21807,U+552F,追加字库; 合并字库; GB2312,3
824,唰,21808,U+5530,追加字库; 合并字库; GB2312,3
825,唱,21809,U+5531,追加字库; 合并字库; GB2312,3
826,唳,21811,U+5533,追加字库; 合并字库; GB2312,3
827,唷,21815,U+5537,追加字库; 合并字库; GB2312,3
828,唼,21820,U+553C,追加字库; 合并字库; GB2312,3
829,唾,21822,U+553E,追加字库; 合并字库; GB2312,3
830,唿,21823,U+553F,追加字库; 合并字库; GB2312,3
831,啁,21825,U+5541,追加字库; 合并字库; GB2312,3
832,啃,21827,U+5543,追加字库; 合并字库; GB2312,3
833,啄,21828,U+5544,追加字库; 合并字库; GB2312,3
834,商,21830,U+5546,合并字库; GB2312,2
835,啉,21833,U+5549,追加字库; 合并字库; GB2312,3
836,啊,21834,U+554A,合并字库; GB2312,2
837,啐,21840,U+5550,追加字库; 合并字库; GB2312,3
838,啕,21845,U+5555,追加字库; 合并字库; GB2312,3
839,啖,21846,U+5556,追加字库; 合并字库; GB2312,3
840,啜,21852,U+555C,追加字库; 合并字库; GB2312,3
841,啡,21857,U+5561,追加字库; 合并字库; GB2312,3
842,啤,21860,U+5564,追加字库; 合并字库; GB2312,3
843,啥,21861,U+5565,追加字库; 合并字库; GB2312,3
844,啦,21862,U+5566,追加字库; 合并字库; GB2312,3
845,啧,21863,U+5567,追加字库; 合并字库; GB2312,3
846,啪,21866,U+556A,追加字库; 合并字库; GB2312,3
847,啬,21868,U+556C,追加字库; 合并字库; GB2312,3
848,啭,21869,U+556D,追加字库; 合并字库; GB2312,3
849,啮,21870,U+556E,追加字库; 合并字库; GB2312,3
850,啵,21877,U+5575,追加字库; 合并字库; GB2312,3
851,啶,21878,U+5576,追加字库; 合并字库; GB2312,3
852,啷,21879,U+5577,追加字库; 合并字库; GB2312,3
853,啸,21880,U+5578,追加字库; 合并字库; GB2312,3
854,啻,21883,U+557B,追加字库; 合并字库; GB2312,3
855,啼,21884,U+557C,追加字库; 合并字库; GB2312,3
856,啾,21886,U+557E,追加字库; 合并字库; GB2312,3
857,喀,21888,U+5580,合并字库; GB2312,2
858,喁,21889,U+5581,追加字库; 合并字库; GB2312,3
859,喂,21890,U+5582,追加字库; 合并字库; GB2312,3
860,喃,21891,U+5583,追加字库; 合并字库; GB2312,3
861,善,21892,U+5584,合并字库; GB2312,2
862,喇,21895,U+5587,追加字库; 合并字库; GB2312,3
863,喈,21896,U+5588,追加字库; 合并字库; GB2312,3
864,喉,21897,U+5589,追加字库; 合并字库; GB2312,3
865,喊,21898,U+558A,追加字库; 合并字库; GB2312,3
866,喋,21899,U+558B,追加字库; 合并字库; GB2312,3
867,喏,21903,U+558F,追加字库; 合并字库; GB2312,3
868,喑,21905,U+5591,追加字库; 合并字库; GB2312,3
869,喔,21908,U+5594,追加字库; 合并字库; GB2312,3
870,喘,21912,U+5598,追加字库; 合并字库; GB2312,3
871,喙,21913,U+5599,追加字库; 合并字库; GB2312,3
872,喜,21916,U+559C,追加字库; 合并字库; GB2312,3
873,喝,21917,U+559D,追加字库; 合并字库; GB2312,3
874,喟,21919,U+559F,追加字库; 合并字库; GB2312,3
875,喧,21927,U+55A7,追加字库; 合并字库; GB2312,3
876,喱,21937,U+55B1,追加字库; 合并字库; GB2312,3
877,喳,21939,U+55B3,追加字库; 合并字库; GB2312,3
878,喵,21941,U+55B5,追加字库; 合并字库; GB2312,3
879,喷,21943,U+55B7,追加字库; 合并字库; GB2312,3
880,喹,21945,U+55B9,追加字库; 合并字库; GB2312,3
881,喻,21947,U+55BB,追加字库; 合并字库; GB2312,3
882,喽,21949,U+55BD,追加字库; 合并字库; GB2312,3
883,喾,21950,U+55BE,追加字库; 合并字库; GB2312,3
884,嗄,21956,U+55C4,追加字库; 合并字库; GB2312,3
885,嗅,21957,U+55C5,追加字库; 合并字库; GB2312,3
886,嗉,21961,U+55C9,追加字库; 合并字库; GB2312,3
887,嗌,21964,U+55CC,追加字库; 合并字库; GB2312,3
888,嗍,21965,U+55CD,追加字库; 合并字库; GB2312,3
889,嗑,21969,U+55D1,追加字库; 合并字库; GB2312,3
890,嗒,21970,U+55D2,追加字库; 合并字库; GB2312,3
891,嗓,21971,U+55D3,追加字库; 合并字库; GB2312,3
892,嗔,21972,U+55D4,追加字库; 合并字库; GB2312,3
893,嗖,21974,U+55D6,追加字库; 合并字库; GB2312,3
894,嗜,21980,U+55DC,追加字库; 合并字库; GB2312,3
895,嗝,21981,U+55DD,追加字库; 合并字库; GB2312,3
896,嗟,21983,U+55DF,追加字库; 合并字库; GB2312,3
897,嗡,21985,U+55E1,追加字库; 合并字库; GB2312,3
898,嗣,21987,U+55E3,追加字库; 合并字库; GB2312,3
899,嗤,21988,U+55E4,追加字库; 合并字库; GB2312,3
900,嗥,21989,U+55E5,追加字库; 合并字库; GB2312,3
901,嗦,21990,U+55E6,追加字库; 合并字库; GB2312,3
902,嗨,21992,U+55E8,追加字库; 合并字库; GB2312,3
903,嗪,21994,U+55EA,追加字库; 合并字库; GB2312,3
904,嗫,21995,U+55EB,追加字库; 合并字库; GB2312,3
905,嗬,21996,U+55EC,追加字库; 合并字库; GB2312,3
906,嗯,21999,U+55EF,追加字库; 合并字库; GB2312,3
907,嗲,22002,U+55F2,追加字库; 合并字库; GB2312,3
908,嗳,22003,U+55F3,追加字库; 合并字库; GB2312,3
909,嗵,22005,U+55F5,追加字库; 合并字库; GB2312,3
910,嗷,22007,U+55F7,追加字库; 合并字库; GB2312,3
911,嗽,22013,U+55FD,追加字库; 合并字库; GB2312,3
912,嗾,22014,U+55FE,追加字库; 合并字库; GB2312,3
913,嘀,22016,U+5600,追加字库; 合并字库; GB2312,3
914,嘁,22017,U+5601,追加字库; 合并字库; GB2312,3
915,嘈,22024,U+5608,追加字库; 合并字库; GB2312,3
916,嘉,22025,U+5609,合并字库; GB2312,2
917,嘌,22028,U+560C,追加字库; 合并字库; GB2312,3
918,嘎,22030,U+560E,追加字库; 合并字库; GB2312,3
919,嘏,22031,U+560F,追加字库; 合并字库; GB2312,3
920,嘘,22040,U+5618,追加字库; 合并字库; GB2312,3
921,嘛,22043,U+561B,追加字库; 合并字库; GB2312,3
922,嘞,22046,U+561E,追加字库; 合并字库; GB2312,3
923,嘟,22047,U+561F,追加字库; 合并字库; GB2312,3
924,嘣,22051,U+5623,追加字库; 合并字库; GB2312,3
925,嘤,22052,U+5624,追加字库; 合并字库; GB2312,3
926,嘧,22055,U+5627,追加字库; 合并字库; GB2312,3
927,嘬,22060,U+562C,追加字库; 合并字库; GB2312,3
928,嘭,22061,U+562D,追加字库; 合并字库; GB2312,3
929,嘱,22065,U+5631,追加字库; 合并字库; GB2312,3
930,嘲,22066,U+5632,追加字库; 合并字库; GB2312,3
931,嘴,22068,U+5634,合并字库; GB2312,2
932,嘶,22070,U+5636,追加字库; 合并字库; GB2312,3
933,嘹,22073,U+5639,追加字库; 合并字库; GB2312,3
934,嘻,22075,U+563B,追加字库; 合并字库; GB2312,3
935,嘿,22079,U+563F,追加字库; 合并字库; GB2312,3
936,噌,22092,U+564C,追加字库; 合并字库; GB2312,3
937,噍,22093,U+564D,追加字库; 合并字库; GB2312,3
938,噎,22094,U+564E,追加字库; 合并字库; GB2312,3
939,噔,22100,U+5654,追加字库; 合并字库; GB2312,3
940,噗,22103,U+5657,追加字库; 合并字库; GB2312,3
941,噘,22104,U+5658,追加字库; 合并字库; GB2312,3
942,噙,22105,U+5659,追加字库; 合并字库; GB2312,3
943,噜,22108,U+565C,追加字库; 合并字库; GB2312,3
944,噢,22114,U+5662,追加字库; 合并字库; GB2312,3
945,噤,22116,U+5664,追加字库; 合并字库; GB2312,3
946,器,22120,U+5668,合并字库; GB2312,2
947,噩,22121,U+5669,追加字库; 合并字库; GB2312,3
948,噪,22122,U+566A,合并字库; GB2312,2
949,噫,22123,U+566B,追加字库; 合并字库; GB2312,3
950,噬,22124,U+566C,追加字库; 合并字库; GB2312,3
951,噱,22129,U+5671,追加字库; 合并字库; GB2312,3
952,噶,22134,U+5676,追加字库; 合并字库; GB2312,3
953,噻,22139,U+567B,追加字库; 合并字库; GB2312,3
954,噼,22140,U+567C,追加字库; 合并字库; GB2312,3
955,嚅,22149,U+5685,追加字库; 合并字库; GB2312,3
956,嚆,22150,U+5686,追加字库; 合并字库; GB2312,3
957,嚎,22158,U+568E,追加字库; 合并字库; GB2312,3
958,嚏,22159,U+568F,追加字库; 合并字库; GB2312,3
959,嚓,22163,U+5693,追加字库; 合并字库; GB2312,3
960,嚣,22179,U+56A3,追加字库; 合并字库; GB2312,3
961,嚯,22191,U+56AF,追加字库; 合并字库; GB2312,3
962,嚷,22199,U+56B7,追加字库; 合并字库; GB2312,3
963,嚼,22204,U+56BC,追加字库; 合并字库; GB2312,3
964,囊,22218,U+56CA,追加字库; 合并字库; GB2312,3
965,囔,22228,U+56D4,追加字库; 合并字库; GB2312,3
966,囗,22231,U+56D7,追加字库; 合并字库; GB2312,3
967,囚,22234,U+56DA,追加字库; 合并字库; GB2312,3
968,四,22235,U+56DB,合并字库; GB2312,2
969,囝,22237,U+56DD,追加字库; 合并字库; GB2312,3
970,回,22238,U+56DE,合并字库; GB2312,2
971,囟,22239,U+56DF,追加字库; 合并字库; GB2312,3
972,因,22240,U+56E0,追加字库; 合并字库; GB2312,3
973,囡,22241,U+56E1,追加字库; 合并字库; GB2312,3
974,团,22242,U+56E2,合并字库; GB2312,2
975,囤,22244,U+56E4,追加字库; 合并字库; GB2312,3
976,囫,22251,U+56EB,追加字库; 合并字库; GB2312,3
977,园,22253,U+56ED,合并字库; GB2312,2
978,困,22256,U+56F0,追加字库; 合并字库; GB2312,3
979,囱,22257,U+56F1,追加字库; 合并字库; GB2312,3
980,围,22260,U+56F4,合并字库; GB2312,2
981,囵,22261,U+56F5,追加字库; 合并字库; GB2312,3
982,囹,22265,U+56F9,追加字库; 合并字库; GB2312,3
983,固,22266,U+56FA,合并字库; GB2312,2
984,国,22269,U+56FD,合并字库; GB2312,2
985,图,22270,U+56FE,追加字库; 合并字库; GB2312,3
986,囿,22271,U+56FF,追加字库; 合并字库; GB2312,3
987,圃,22275,U+5703,追加字库; 合并字库; GB2312,3
988,圄,22276,U+5704,追加字库; 合并字库; GB2312,3
989,圆,22278,U+5706,合并字库; GB2312,2
990,圈,22280,U+5708,合并字库; GB2312,2
991,圉,22281,U+5709,追加字库; 合并字库; GB2312,3
992,圊,22282,U+570A,追加字库; 合并字库; GB2312,3
993,圜,22300,U+571C,追加字库; 合并字库; GB2312,3
994,土,22303,U+571F,合并字库; GB2312,2
995,圣,22307,U+5723,合并字库; GB2312,2
996,在,22312,U+5728,追加字库; 合并字库; GB2312,3
997,圩,22313,U+5729,追加字库; 合并字库; GB2312,3
998,圪,22314,U+572A,追加字库; 合并字库; GB2312,3
999,圬,22316,U+572C,追加字库; 合并字库; GB2312,3
1000,圭,22317,U+572D,追加字库; 合并字库; GB2312,3
1001,圮,22318,U+572E,追加字库; 合并字库; GB2312,3
1002,圯,22319,U+572F,追加字库; 合并字库; GB2312,3
1003,地,22320,U+5730,合并字库; GB2312,2
1004,圳,22323,U+5733,合并字库; GB2312,2
1005,圹,22329,U+5739,追加字库; 合并字库; GB2312,3
1006,场,22330,U+573A,合并字库; GB2312,2
1007,圻,22331,U+573B,追加字库; 合并字库; GB2312,3
1008,圾,22334,U+573E,追加字库; 合并字库; GB2312,3
1009,址,22336,U+5740,合并字库; GB2312,2
1010,坂,22338,U+5742,追加字库; 合并字库; GB2312,3
1011,均,22343,U+5747,追加字库; 合并字库; GB2312,3
1012,坊,22346,U+574A,合并字库; GB2312,2
1013,坌,22348,U+574C,追加字库; 合并字库; GB2312,3
1014,坍,22349,U+574D,追加字库; 合并字库; GB2312,3
1015,坎,22350,U+574E,追加字库; 合并字库; GB2312,3
1016,坏,22351,U+574F,合并字库; GB2312,2
1017,坐,22352,U+5750,合并字库; GB2312,2
1018,坑,22353,U+5751,追加字库; 合并字库; GB2312,3
1019,块,22359,U+5757,追加字库; 合并字库; GB2312,3
1020,坚,22362,U+575A,追加字库; 合并字库; GB2312,3
1021,坛,22363,U+575B,合并字库; GB2312,2
1022,坜,22364,U+575C,追加字库; 合并字库; GB2312,3
1023,坝,22365,U+575D,合并字库; GB2312,2
1024,坞,22366,U+575E,追加字库; 合并字库; GB2312,3
1025,坟,22367,U+575F,追加字库; 合并字库; GB2312,3
1026,坠,22368,U+5760,追加字库; 合并字库; GB2312,3
1027,坡,22369,U+5761,合并字库; GB2312,2
1028,坤,22372,U+5764,追加字库; 合并字库; GB2312,3
1029,坦,22374,U+5766,合并字库; GB2312,2
1030,坨,22376,U+5768,追加字库; 合并字库; GB2312,3
1031,坩,22377,U+5769,追加字库; 合并字库; GB2312,3
1032,坪,22378,U+576A,合并字库; GB2312,2
1033,坫,22379,U+576B,追加字库; 合并字库; GB2312,3
1034,坭,22381,U+576D,追加字库; 合并字库; GB2312,3
1035,坯,22383,U+576F,追加字库; 合并字库; GB2312,3
1036,坳,22387,U+5773,追加字库; 合并字库; GB2312,3
1037,坶,22390,U+5776,追加字库; 合并字库; GB2312,3
1038,坷,22391,U+5777,追加字库; 合并字库; GB2312,3
1039,坻,22395,U+577B,合并字库; GB2312,2
1040,坼,22396,U+577C,追加字库; 合并字库; GB2312,3
1041,垂,22402,U+5782,追加字库; 合并字库; GB2312,3
1042,垃,22403,U+5783,追加字库; 合并字库; GB2312,3
1043,垄,22404,U+5784,追加字库; 合并字库; GB2312,3
1044,垅,22405,U+5785,追加字库; 合并字库; GB2312,3
1045,垆,22406,U+5786,追加字库; 合并字库; GB2312,3
1046,型,22411,U+578B,合并字库; GB2312,2
1047,垌,22412,U+578C,追加字库; 合并字库; GB2312,3
1048,垒,22418,U+5792,追加字库; 合并字库; GB2312,3
1049,垓,22419,U+5793,追加字库; 合并字库; GB2312,3
1050,垛,22427,U+579B,追加字库; 合并字库; GB2312,3
1051,垠,22432,U+57A0,追加字库; 合并字库; GB2312,3
1052,垡,22433,U+57A1,追加字库; 合并字库; GB2312,3
1053,垢,22434,U+57A2,追加字库; 合并字库; GB2312,3
1054,垣,22435,U+57A3,合并字库; GB2312,2
1055,垤,22436,U+57A4,追加字库; 合并字库; GB2312,3
1056,垦,22438,U+57A6,合并字库; GB2312,2
1057,垧,22439,U+57A7,追加字库; 合并字库; GB2312,3
1058,垩,22441,U+57A9,追加字库; 合并字库; GB2312,3
1059,垫,22443,U+57AB,合并字库; GB2312,2
1060,垭,22445,U+57AD,合并字库; GB2312,2
1061,垮,22446,U+57AE,追加字库; 合并字库; GB2312,3
1062,垲,22450,U+57B2,追加字库; 合并字库; GB2312,3
1063,垴,22452,U+57B4,追加字库; 合并字库; GB2312,3
1064,垸,22456,U+57B8,追加字库; 合并字库; GB2312,3
1065,埂,22466,U+57C2,追加字库; 合并字库; GB2312,3
1066,埃,22467,U+57C3,追加字库; 合并字库; GB2312,3
1067,埋,22475,U+57CB,追加字库; 合并字库; GB2312,3
1068,城,22478,U+57CE,合并字库; GB2312,2
1069,埏,22479,U+57CF,追加字库; 合并字库; GB2312,3
1070,埒,22482,U+57D2,追加字库; 合并字库; GB2312,3
1071,埔,22484,U+57D4,追加字库; 合并字库; GB2312,3
1072,埕,22485,U+57D5,追加字库; 合并字库; GB2312,3
1073,埗,22487,U+57D7,合并字库,1
1074,埘,22488,U+57D8,追加字库; 合并字库; GB2312,3
1075,埙,22489,U+57D9,追加字库; 合并字库; GB2312,3
1076,埚,22490,U+57DA,追加字库; 合并字库; GB2312,3
1077,埝,22493,U+57DD,追加字库; 合并字库; GB2312,3
1078,域,22495,U+57DF,追加字库; 合并字库; GB2312,3
1079,埠,22496,U+57E0,合并字库; GB2312,2
1080,埤,22500,U+57E4,追加字库; 合并字库; GB2312,3
1081,埭,22509,U+57ED,追加字库; 合并字库; GB2312,3
1082,埯,22511,U+57EF,追加字库; 合并字库; GB2312,3
1083,埴,22516,U+57F4,追加字库; 合并字库; GB2312,3
1084,埸,22520,U+57F8,追加字库; 合并字库; GB2312,3
1085,培,22521,U+57F9,追加字库; 合并字库; GB2312,3
1086,基,22522,U+57FA,合并字库; GB2312,2
1087,埽,22525,U+57FD,追加字库; 合并字库; GB2312,3
1088,堀,22528,U+5800,追加字库; 合并字库; GB2312,3
1089,堂,22530,U+5802,合并字库; GB2312,2
1090,堆,22534,U+5806,追加字库; 合并字库; GB2312,3
1091,堇,22535,U+5807,追加字库; 合并字库; GB2312,3
1092,堋,22539,U+580B,追加字库; 合并字库; GB2312,3
1093,堍,22541,U+580D,追加字库; 合并字库; GB2312,3
1094,堑,22545,U+5811,追加字库; 合并字库; GB2312,3
1095,堕,22549,U+5815,追加字库; 合并字库; GB2312,3
1096,堙,22553,U+5819,追加字库; 合并字库; GB2312,3
1097,堞,22558,U+581E,追加字库; 合并字库; GB2312,3
1098,堠,22560,U+5820,追加字库; 合并字库; GB2312,3
1099,堡,22561,U+5821,合并字库; GB2312,2
1100,堤,22564,U+5824,追加字库; 合并字库; GB2312,3
1101,堪,22570,U+582A,追加字库; 合并字库; GB2312,3
1102,堰,22576,U+5830,合并字库; GB2312,2
1103,堵,22581,U+5835,追加字库; 合并字库; GB2312,3
1104,塄,22596,U+5844,追加字库; 合并字库; GB2312,3
1105,塌,22604,U+584C,追加字库; 合并字库; GB2312,3
1106,塍,22605,U+584D,追加字库; 合并字库; GB2312,3
1107,塑,22609,U+5851,追加字库; 合并字库; GB2312,3
1108,塔,22612,U+5854,合并字库; GB2312,2
1109,塘,22616,U+5858,合并字库; GB2312,2
1110,塞,22622,U+585E,合并字库; GB2312,2
1111,塥,22629,U+5865,追加字库; 合并字库; GB2312,3
1112,填,22635,U+586B,追加字库; 合并字库; GB2312,3
1113,塬,22636,U+586C,追加字库; 合并字库; GB2312,3
1114,塾,22654,U+587E,追加字库; 合并字库; GB2312,3
1115,墀,22656,U+5880,追加字库; 合并字库; GB2312,3
1116,墁,22657,U+5881,追加字库; 合并字库; GB2312,3
1117,境,22659,U+5883,追加字库; 合并字库; GB2312,3
1118,墅,22661,U+5885,追加字库; 合并字库; GB2312,3
1119,墉,22665,U+5889,追加字库; 合并字库; GB2312,3
1120,墒,22674,U+5892,追加字库; 合并字库; GB2312,3
1121,墓,22675,U+5893,追加字库; 合并字库; GB2312,3
1122,墙,22681,U+5899,合并字库; GB2312,2
1123,墚,22682,U+589A,追加字库; 合并字库; GB2312,3
1124,增,22686,U+589E,合并字库; GB2312,2
1125,墟,22687,U+589F,追加字库; 合并字库; GB2312,3
1126,墨,22696,U+58A8,合并字库; GB2312,2
1127,墩,22697,U+58A9,合并字库; GB2312,2
1128,墼,22716,U+58BC,追加字库; 合并字库; GB2312,3
1129,壁,22721,U+58C1,合并字库; GB2312,2
1130,壅,22725,U+58C5,追加字库; 合并字库; GB2312,3
1131,壑,22737,U+58D1,追加字库; 合并字库; GB2312,3
1132,壕,22741,U+58D5,追加字库; 合并字库; GB2312,3
1133,壤,22756,U+58E4,追加字库; 合并字库; GB2312,3
1134,士,22763,U+58EB,合并字库; GB2312,2
1135,壬,22764,U+58EC,追加字库; 合并字库; GB2312,3
1136,壮,22766,U+58EE,追加字库; 合并字库; GB2312,3
1137,声,22768,U+58F0,合并字库; GB2312,2
1138,壳,22771,U+58F3,追加字库; 合并字库; GB2312,3
1139,壶,22774,U+58F6,合并字库; GB2312,2
1140,壹,22777,U+58F9,追加字库; 合并字库; GB2312,3
1141,夂,22786,U+5902,追加字库; 合并字库; GB2312,3
1142,处,22788,U+5904,追加字库; 合并字库; GB2312,3
1143,备,22791,U+5907,合并字库; GB2312,2
1144,复,22797,U+590D,合并字库; GB2312,2
1145,夏,22799,U+590F,合并字库; GB2312,2
1146,夔,22804,U+5914,追加字库; 合并字库; GB2312,3
1147,夕,22805,U+5915,合并字库; GB2312,2
1148,外,22806,U+5916,合并字库; GB2312,2
1149,夙,22809,U+5919,追加字库; 合并字库; GB2312,3
1150,多,22810,U+591A,追加字库; 合并字库; GB2312,3
1151,夜,22812,U+591C,合并字库; GB2312,2
1152,够,22815,U+591F,追加字库; 合并字库; GB2312,3
1153,夤,22820,U+5924,追加字库; 合并字库; GB2312,3
1154,夥,22821,U+5925,追加字库; 合并字库; GB2312,3
1155,大,22823,U+5927,合并字库; GB2312,2
1156,天,22825,U+5929,合并字库; GB2312,2
1157,太,22826,U+592A,合并字库; GB2312,2
1158,夫,22827,U+592B,追加字库; 合并字库; GB2312,3
1159,夭,22829,U+592D,追加字库; 合并字库; GB2312,3
1160,央,22830,U+592E,追加字库; 合并字库; GB2312,3
1161,夯,22831,U+592F,追加字库; 合并字库; GB2312,3
1162,失,22833,U+5931,追加字库; 合并字库; GB2312,3
1163,头,22836,U+5934,追加字库; 合并字库; GB2312,3
1164,夷,22839,U+5937,合并字库; GB2312,2
1165,夸,22840,U+5938,追加字库; 合并字库; GB2312,3
1166,夹,22841,U+5939,追加字库; 合并字库; GB2312,3
1167,夺,22842,U+593A,追加字库; 合并字库; GB2312,3
1168,夼,22844,U+593C,追加字库; 合并字库; GB2312,3
1169,奁,22849,U+5941,追加字库; 合并字库; GB2312,3
1170,奂,22850,U+5942,追加字库; 合并字库; GB2312,3
1171,奄,22852,U+5944,追加字库; 合并字库; GB2312,3
1172,奇,22855,U+5947,合并字库; GB2312,2
1173,奈,22856,U+5948,追加字库; 合并字库; GB2312,3
1174,奉,22857,U+5949,合并字库; GB2312,2
1175,奋,22859,U+594B,追加字库; 合并字库; GB2312,3
1176,奎,22862,U+594E,合并字库; GB2312,2
1177,奏,22863,U+594F,追加字库; 合并字库; GB2312,3
1178,契,22865,U+5951,追加字库; 合并字库; GB2312,3
1179,奔,22868,U+5954,追加字库; 合并字库; GB2312,3
1180,奕,22869,U+5955,追加字库; 合并字库; GB2312,3
1181,奖,22870,U+5956,追加字库; 合并字库; GB2312,3
1182,套,22871,U+5957,合并字库; GB2312,2
1183,奘,22872,U+5958,追加字库; 合并字库; GB2312,3
1184,奚,22874,U+595A,追加字库; 合并字库; GB2312,3
1185,奠,22880,U+5960,追加字库; 合并字库; GB2312,3
1186,奢,22882,U+5962,追加字库; 合并字库; GB2312,3
1187,奥,22885,U+5965,追加字库; 合并字库; GB2312,3
1188,女,22899,U+5973,追加字库; 合并字库; GB2312,3
1189,奴,22900,U+5974,追加字库; 合并字库; GB2312,3
1190,奶,22902,U+5976,追加字库; 合并字库; GB2312,3
1191,奸,22904,U+5978,追加字库; 合并字库; GB2312,3
1192,她,22905,U+5979,追加字库; 合并字库; GB2312,3
1193,好,22909,U+597D,合并字库; GB2312,2
1194,妁,22913,U+5981,追加字库; 合并字库; GB2312,3
1195,如,22914,U+5982,合并字库; GB2312,2
1196,妃,22915,U+5983,追加字库; 合并字库; GB2312,3
1197,妄,22916,U+5984,追加字库; 合并字库; GB2312,3
1198,妆,22918,U+5986,追加字库; 合并字库; GB2312,3
1199,妇,22919,U+5987,追加字库; 合并字库; GB2312,3
1200,妈,22920,U+5988,追加字库; 合并字库; GB2312,3
1201,妊,22922,U+598A,追加字库; 合并字库; GB2312,3
1202,妍,22925,U+598D,追加字库; 合并字库; GB2312,3
1203,妒,22930,U+5992,追加字库; 合并字库; GB2312,3
1204,妓,22931,U+5993,追加字库; 合并字库; GB2312,3
1205,妖,22934,U+5996,追加字库; 合并字库; GB2312,3
1206,妗,22935,U+5997,追加字库; 合并字库; GB2312,3
1207,妙,22937,U+5999,追加字库; 合并字库; GB2312,3
1208,妞,22942,U+599E,追加字库; 合并字库; GB2312,3
1209,妣,22947,U+59A3,追加字库; 合并字库; GB2312,3
1210,妤,22948,U+59A4,追加字库; 合并字库; GB2312,3
1211,妥,22949,U+59A5,追加字库; 合并字库; GB2312,3
1212,妨,22952,U+59A8,追加字库; 合并字库; GB2312,3
1213,妩,22953,U+59A9,追加字库; 合并字库; GB2312,3
1214,妪,22954,U+59AA,追加字库; 合并字库; GB2312,3
1215,妫,22955,U+59AB,追加字库; 合并字库; GB2312,3
1216,妮,22958,U+59AE,追加字库; 合并字库; GB2312,3
1217,妯,22959,U+59AF,追加字库; 合并字库; GB2312,3
1218,妲,22962,U+59B2,追加字库; 合并字库; GB2312,3
1219,妹,22969,U+59B9,追加字库; 合并字库; GB2312,3
1220,妻,22971,U+59BB,追加字库; 合并字库; GB2312,3
1221,妾,22974,U+59BE,追加字库; 合并字库; GB2312,3
1222,姆,22982,U+59C6,追加字库; 合并字库; GB2312,3
1223,姊,22986,U+59CA,追加字库; 合并字库; GB2312,3
1224,始,22987,U+59CB,追加字库; 合并字库; GB2312,3
1225,姐,22992,U+59D0,追加字库; 合并字库; GB2312,3
1226,姑,22993,U+59D1,合并字库; GB2312,2
1227,姒,22994,U+59D2,追加字库; 合并字库; GB2312,3
1228,姓,22995,U+59D3,追加字库; 合并字库; GB2312,3
1229,委,22996,U+59D4,追加字库; 合并字库; GB2312,3
1230,姗,22999,U+59D7,追加字库; 合并字库; GB2312,3
1231,姘,23000,U+59D8,追加字库; 合并字库; GB2312,3
1232,姚,23002,U+59DA,合并字库; GB2312,2
1233,姜,23004,U+59DC,合并字库; GB2312,2
1234,姝,23005,U+59DD,追加字库; 合并字库; GB2312,3
1235,姣,23011,U+59E3,追加字库; 合并字库; GB2312,3
1236,姥,23013,U+59E5,追加字库; 合并字库; GB2312,3
1237,姨,23016,U+59E8,追加字库; 合并字库; GB2312,3
1238,姬,23020,U+59EC,追加字库; 合并字库; GB2312,3
1239,姹,23033,U+59F9,追加字库; 合并字库; GB2312,3
1240,姻,23035,U+59FB,追加字库; 合并字库; GB2312,3
1241,姿,23039,U+59FF,追加字库; 合并字库; GB2312,3
1242,威,23041,U+5A01,合并字库; GB2312,2
1243,娃,23043,U+5A03,追加字库; 合并字库; GB2312,3
1244,娄,23044,U+5A04,合并字库; GB2312,2
1245,娅,23045,U+5A05,追加字库; 合并字库; GB2312,3
1246,娆,23046,U+5A06,追加字库; 合并字库; GB2312,3
1247,娇,23047,U+5A07,追加字库; 合并字库; GB2312,3
1248,娈,23048,U+5A08,追加字库; 合并字库; GB2312,3
1249,娉,23049,U+5A09,追加字库; 合并字库; GB2312,3
1250,娌,23052,U+5A0C,追加字库; 合并字库; GB2312,3
1251,娑,23057,U+5A11,追加字库; 合并字库; GB2312,3
1252,娓,23059,U+5A13,追加字库; 合并字库; GB2312,3
1253,娘,23064,U+5A18,追加字库; 合并字库; GB2312,3
1254,娜,23068,U+5A1C,追加字库; 合并字库; GB2312,3
1255,娟,23071,U+5A1F,追加字库; 合并字库; GB2312,3
1256,娠,23072,U+5A20,追加字库; 合并字库; GB2312,3
1257,娣,23075,U+5A23,追加字库; 合并字库; GB2312,3
1258,娥,23077,U+5A25,追加字库; 合并字库; GB2312,3
1259,娩,23081,U+5A29,追加字库; 合并字库; GB2312,3
1260,娱,23089,U+5A31,追加字库; 合并字库; GB2312,3
1261,娲,23090,U+5A32,追加字库; 合并字库; GB2312,3
1262,娴,23092,U+5A34,追加字库; 合并字库; GB2312,3
1263,娶,23094,U+5A36,追加字库; 合并字库; GB2312,3
1264,娼,23100,U+5A3C,追加字库; 合并字库; GB2312,3
1265,婀,23104,U+5A40,追加字库; 合并字库; GB2312,3
1266,婆,23110,U+5A46,追加字库; 合并字库; GB2312,3
1267,婉,23113,U+5A49,追加字库; 合并字库; GB2312,3
1268,婊,23114,U+5A4A,追加字库; 合并字库; GB2312,3
1269,婕,23125,U+5A55,追加字库; 合并字库; GB2312,3
1270,婚,23130,U+5A5A,追加字库; 合并字库; GB2312,3
1271,婢,23138,U+5A62,追加字库; 合并字库; GB2312,3
1272,婧,23143,U+5A67,追加字库; 合并字库; GB2312,3
1273,婪,23146,U+5A6A,追加字库; 合并字库; GB2312,3
1274,婴,23156,U+5A74,追加字库; 合并字库; GB2312,3
1275,婵,23157,U+5A75,追加字库; 合并字库; GB2312,3
1276,婶,23158,U+5A76,追加字库; 合并字库; GB2312,3
1277,婷,23159,U+5A77,追加字库; 合并字库; GB2312,3
1278,婺,23162,U+5A7A,追加字库; 合并字库; GB2312,3
1279,婿,23167,U+5A7F,追加字库; 合并字库; GB2312,3
1280,媒,23186,U+5A92,追加字库; 合并字库; GB2312,3
1281,媚,23194,U+5A9A,追加字库; 合并字库; GB2312,3
1282,媛,23195,U+5A9B,追加字库; 合并字库; GB2312,3
1283,媪,23210,U+5AAA,追加字库; 合并字库; GB2312,3
1284,媲,23218,U+5AB2,追加字库; 合并字库; GB2312,3
1285,媳,23219,U+5AB3,追加字库; 合并字库; GB2312,3
1286,媵,23221,U+5AB5,追加字库; 合并字库; GB2312,3
1287,媸,23224,U+5AB8,追加字库; 合并字库; GB2312,3
1288,媾,23230,U+5ABE,追加字库; 合并字库; GB2312,3
1289,嫁,23233,U+5AC1,追加字库; 合并字库; GB2312,3
1290,嫂,23234,U+5AC2,合并字库; GB2312,2
1291,嫉,23241,U+5AC9,追加字库; 合并字库; GB2312,3
1292,嫌,23244,U+5ACC,追加字库; 合并字库; GB2312,3
1293,嫒,23250,U+5AD2,追加字库; 合并字库; GB2312,3
1294,嫔,23252,U+5AD4,追加字库; 合并字库; GB2312,3
1295,嫖,23254,U+5AD6,追加字库; 合并字库; GB2312,3
1296,嫘,23256,U+5AD8,追加字库; 合并字库; GB2312,3
1297,嫜,23260,U+5ADC,追加字库; 合并字库; GB2312,3
1298,嫠,23264,U+5AE0,追加字库; 合并字库; GB2312,3
1299,嫡,23265,U+5AE1,追加字库; 合并字库; GB2312,3
1300,嫣,23267,U+5AE3,追加字库; 合并字库; GB2312,3
1301,嫦,23270,U+5AE6,追加字库; 合并字库; GB2312,3
1302,嫩,23273,U+5AE9,追加字库; 合并字库; GB2312,3
1303,嫫,23275,U+5AEB,追加字库; 合并字库; GB2312,3
1304,嫱,23281,U+5AF1,追加字库; 合并字库; GB2312,3
1305,嬉,23305,U+5B09,追加字库; 合并字库; GB2312,3
1306,嬖,23318,U+5B16,追加字库; 合并字库; GB2312,3
1307,嬗,23319,U+5B17,追加字库; 合并字库; GB2312,3
1308,嬲,23346,U+5B32,追加字库; 合并字库; GB2312,3
1309,嬴,23348,U+5B34,追加字库; 合并字库; GB2312,3
1310,嬷,23351,U+5B37,追加字库; 合并字库; GB2312,3
1311,孀,23360,U+5B40,追加字库; 合并字库; GB2312,3
1312,子,23376,U+5B50,合并字库; GB2312,2
1313,孑,23377,U+5B51,追加字库; 合并字库; GB2312,3
1314,孓,23379,U+5B53,追加字库; 合并字库; GB2312,3
1315,孔,23380,U+5B54,合并字库; GB2312,2
1316,孕,23381,U+5B55,追加字库; 合并字库; GB2312,3
1317,字,23383,U+5B57,追加字库; 追加字库; 追加字库; 合并字库; GB2312,5
1318,存,23384,U+5B58,合并字库; GB2312,2
1319,孙,23385,U+5B59,合并字库; GB2312,2
1320,孚,23386,U+5B5A,追加字库; 合并字库; GB2312,3
1321,孛,23387,U+5B5B,追加字库; 合并字库; GB2312,3
1322,孜,23388,U+5B5C,追加字库; 合并字库; GB2312,3
1323,孝,23389,U+5B5D,合并字库; GB2312,2
1324,孟,23391,U+5B5F,合并字库; GB2312,2
1325,孢,23394,U+5B62,追加字库; 合并字库; GB2312,3
1326,季,23395,U+5B63,追加字库; 合并字库; GB2312,3
1327,孤,23396,U+5B64,追加字库; 合并字库; GB2312,3
1328,孥,23397,U+5B65,追加字库; 合并字库; GB2312,3
1329,学,23398,U+5B66,合并字库; GB2312,2
1330,孩,23401,U+5B69,追加字库; 合并字库; GB2312,3
1331,孪,23402,U+5B6A,追加字库; 合并字库; GB2312,3
1332,孬,23404,U+5B6C,追加字库; 合并字库; GB2312,3
1333,孰,23408,U+5B70,追加字库; 合并字库; GB2312,3
1334,孱,23409,U+5B71,追加字库; 合并字库; GB2312,3
1335,孳,23411,U+5B73,追加字库; 合并字库; GB2312,3
1336,孵,23413,U+5B75,追加字库; 合并字库; GB2312,3
1337,孺,23418,U+5B7A,追加字库; 合并字库; GB2312,3
1338,孽,23421,U+5B7D,追加字库; 合并字库; GB2312,3
1339,宀,23424,U+5B80,追加字库; 合并字库; GB2312,3
1340,宁,23425,U+5B81,合并字库; GB2312,2
1341,它,23427,U+5B83,合并字库; GB2312,2
1342,宄,23428,U+5B84,追加字库; 合并字库; GB2312,3
1343,宅,23429,U+5B85,追加字库; 合并字库; GB2312,3
1344,宇,23431,U+5B87,追加字库; 合并字库; GB2312,3
1345,守,23432,U+5B88,合并字库; GB2312,2
1346,安,23433,U+5B89,合并字库; GB2312,2
1347,宋,23435,U+5B8B,合并字库; GB2312,2
1348,完,23436,U+5B8C,合并字库; GB2312,2
1349,宏,23439,U+5B8F,合并字库; GB2312,2
1350,宓,23443,U+5B93,追加字库; 合并字库; GB2312,3
1351,宕,23445,U+5B95,追加字库; 合并字库; GB2312,3
1352,宗,23447,U+5B97,追加字库; 合并字库; GB2312,3
1353,官,23448,U+5B98,追加字库; 合并字库; GB2312,3
1354,宙,23449,U+5B99,追加字库; 合并字库; GB2312,3
1355,定,23450,U+5B9A,合并字库; GB2312,2
1356,宛,23451,U+5B9B,追加字库; 合并字库; GB2312,3
1357,宜,23452,U+5B9C,合并字库; GB2312,2
1358,宝,23453,U+5B9D,合并字库; GB2312,2
1359,实,23454,U+5B9E,合并字库; GB2312,2
1360,宠,23456,U+5BA0,追加字库; 合并字库; GB2312,3
1361,审,23457,U+5BA1,合并字库; GB2312,2
1362,客,23458,U+5BA2,追加字库; 合并字库; GB2312,3
1363,宣,23459,U+5BA3,合并字库; GB2312,2
1364,室,23460,U+5BA4,合并字库; GB2312,2
1365,宥,23461,U+5BA5,追加字库; 合并字库; GB2312,3
1366,宦,23462,U+5BA6,追加字库; 合并字库; GB2312,3
1367,宪,23466,U+5BAA,追加字库; 合并字库; GB2312,3
1368,宫,23467,U+5BAB,合并字库; GB2312,2
1369,宰,23472,U+5BB0,追加字库; 合并字库; GB2312,3
1370,害,23475,U+5BB3,追加字库; 合并字库; GB2312,3
1371,宴,23476,U+5BB4,追加字库; 合并字库; GB2312,3
1372,宵,23477,U+5BB5,追加字库; 合并字库; GB2312,3
1373,家,23478,U+5BB6,合并字库; GB2312,2
1374,宸,23480,U+5BB8,追加字库; 合并字库; GB2312,3
1375,容,23481,U+5BB9,合并字库; GB2312,2
1376,宽,23485,U+5BBD,合并字库; GB2312,2
1377,宾,23486,U+5BBE,合并字库; GB2312,2
1378,宿,23487,U+5BBF,合并字库; GB2312,2
1379,寂,23490,U+5BC2,追加字库; 合并字库; GB2312,3
1380,寄,23492,U+5BC4,追加字库; 合并字库; GB2312,3
1381,寅,23493,U+5BC5,追加字库; 合并字库; GB2312,3
1382,密,23494,U+5BC6,合并字库; GB2312,2
1383,寇,23495,U+5BC7,追加字库; 合并字库; GB2312,3
1384,富,23500,U+5BCC,合并字库; GB2312,2
1385,寐,23504,U+5BD0,追加字库; 合并字库; GB2312,3
1386,寒,23506,U+5BD2,追加字库; 合并字库; GB2312,3
1387,寓,23507,U+5BD3,追加字库; 合并字库; GB2312,3
1388,寝,23517,U+5BDD,追加字库; 合并字库; GB2312,3
1389,寞,23518,U+5BDE,追加字库; 合并字库; GB2312,3
1390,察,23519,U+5BDF,追加字库; 合并字库; GB2312,3
1391,寡,23521,U+5BE1,追加字库; 合并字库; GB2312,3
1392,寤,23524,U+5BE4,追加字库; 合并字库; GB2312,3
1393,寥,23525,U+5BE5,追加字库; 合并字库; GB2312,3
1394,寨,23528,U+5BE8,合并字库; GB2312,2
1395,寮,23534,U+5BEE,合并字库; GB2312,2
1396,寰,23536,U+5BF0,追加字库; 合并字库; GB2312,3
1397,寸,23544,U+5BF8,追加字库; 合并字库; GB2312,3
1398,对,23545,U+5BF9,合并字库; GB2312,2
1399,寺,23546,U+5BFA,合并字库; GB2312,2
1400,寻,23547,U+5BFB,追加字库; 合并字库; GB2312,3
1401,导,23548,U+5BFC,合并字库; GB2312,2
1402,寿,23551,U+5BFF,合并字库; GB2312,2
1403,封,23553,U+5C01,合并字库; GB2312,2
1404,射,23556,U+5C04,合并字库; GB2312,2
1405,将,23558,U+5C06,追加字库; 合并字库; GB2312,3
1406,尉,23561,U+5C09,合并字库; GB2312,2
1407,尊,23562,U+5C0A,追加字库; 合并字库; GB2312,3
1408,小,23567,U+5C0F,合并字库; GB2312,2
1409,少,23569,U+5C11,合并字库; GB2312,2
1410,尔,23572,U+5C14,合并字库; GB2312,2
1411,尕,23573,U+5C15,追加字库; 合并字库; GB2312,3
1412,尖,23574,U+5C16,合并字库; GB2312,2
1413,尘,23576,U+5C18,追加字库; 合并字库; GB2312,3
1414,尚,23578,U+5C1A,合并字库; GB2312,2
1415,尜,23580,U+5C1C,追加字库; 合并字库; GB2312,3
1416,尝,23581,U+5C1D,追加字库; 合并字库; GB2312,3
1417,尢,23586,U+5C22,追加字库; 合并字库; GB2312,3
1418,尤,23588,U+5C24,合并字库; GB2312,2
1419,尥,23589,U+5C25,追加字库; 合并字库; GB2312,3
1420,尧,23591,U+5C27,合并字库; GB2312,2
1421,尬,23596,U+5C2C,追加字库; 合并字库; GB2312,3
1422,就,23601,U+5C31,合并字库; GB2312,2
1423,尴,23604,U+5C34,追加字库; 合并字库; GB2312,3
1424,尸,23608,U+5C38,追加字库; 合并字库; GB2312,3
1425,尹,23609,U+5C39,追加字库; 合并字库; GB2312,3
1426,尺,23610,U+5C3A,追加字库; 合并字库; GB2312,3
1427,尻,23611,U+5C3B,追加字库; 合并字库; GB2312,3
1428,尼,23612,U+5C3C,追加字库; 合并字库; GB2312,3
1429,尽,23613,U+5C3D,追加字库; 合并字库; GB2312,3
1430,尾,23614,U+5C3E,合并字库; GB2312,2
1431,尿,23615,U+5C3F,追加字库; 合并字库; GB2312,3
1432,局,23616,U+5C40,合并字库; GB2312,2
1433,屁,23617,U+5C41,追加字库; 合并字库; GB2312,3
1434,层,23618,U+5C42,合并字库; GB2312,2
1435,居,23621,U+5C45,合并字库; GB2312,2
1436,屈,23624,U+5C48,追加字库; 合并字库; GB2312,3
1437,屉,23625,U+5C49,追加字库; 合并字库; GB2312,3
1438,届,23626,U+5C4A,追加字库; 合并字库; GB2312,3
1439,屋,23627,U+5C4B,合并字库; GB2312,2
1440,屎,23630,U+5C4E,追加字库; 合并字库; GB2312,3
1441,屏,23631,U+5C4F,追加字库; 合并字库; GB2312,3
1442,屐,23632,U+5C50,追加字库; 合并字库; GB2312,3
1443,屑,23633,U+5C51,追加字库; 合并字库; GB2312,3
1444,展,23637,U+5C55,合并字库; GB2312,2
1445,屙,23641,U+5C59,追加字库; 合并字库; GB2312,3
1446,属,23646,U+5C5E,追加字库; 合并字库; GB2312,3
1447,屠,23648,U+5C60,追加字库; 合并字库; GB2312,3
1448,屡,23649,U+5C61,追加字库; 合并字库; GB2312,3
1449,屣,23651,U+5C63,追加字库; 合并字库; GB2312,3
1450,履,23653,U+5C65,追加字库; 合并字库; GB2312,3
1451,屦,23654,U+5C66,追加字库; 合并字库; GB2312,3
1452,屮,23662,U+5C6E,追加字库; 合并字库; GB2312,3
1453,屯,23663,U+5C6F,合并字库; GB2312,2
1454,山,23665,U+5C71,合并字库; GB2312,2
1455,屹,23673,U+5C79,追加字库; 合并字库; GB2312,3
1456,屺,23674,U+5C7A,追加字库; 合并字库; GB2312,3
1457,屿,23679,U+5C7F,合并字库; GB2312,2
1458,岁,23681,U+5C81,追加字库; 合并字库; GB2312,3
1459,岂,23682,U+5C82,追加字库; 合并字库; GB2312,3
1460,岈,23688,U+5C88,追加字库; 合并字库; GB2312,3
1461,岌,23692,U+5C8C,追加字库; 合并字库; GB2312,3
1462,岍,23693,U+5C8D,追加字库; 合并字库; GB2312,3
1463,岐,23696,U+5C90,追加字库; 合并字库; GB2312,3
1464,岑,23697,U+5C91,合并字库; GB2312,2
1465,岔,23700,U+5C94,追加字库; 合并字库; GB2312,3
1466,岖,23702,U+5C96,追加字库; 合并字库; GB2312,3
1467,岗,23703,U+5C97,合并字库; GB2312,2
1468,岘,23704,U+5C98,追加字库; 合并字库; GB2312,3
1469,岙,23705,U+5C99,追加字库; 合并字库; GB2312,3
1470,岚,23706,U+5C9A,追加字库; 合并字库; GB2312,3
1471,岛,23707,U+5C9B,合并字库; GB2312,2
1472,岜,23708,U+5C9C,追加字库; 合并字库; GB2312,3
1473,岢,23714,U+5CA2,追加字库; 合并字库; GB2312,3
1474,岣,23715,U+5CA3,追加字库; 合并字库; GB2312,3
1475,岩,23721,U+5CA9,合并字库; GB2312,2
1476,岫,23723,U+5CAB,追加字库; 合并字库; GB2312,3
1477,岬,23724,U+5CAC,追加字库; 合并字库; GB2312,3
1478,岭,23725,U+5CAD,合并字库; GB2312,2
1479,岱,23729,U+5CB1,追加字库; 合并字库; GB2312,3
1480,岳,23731,U+5CB3,合并字库; GB2312,2
1481,岵,23733,U+5CB5,追加字库; 合并字库; GB2312,3
1482,岷,23735,U+5CB7,追加字库; 合并字库; GB2312,3
1483,岸,23736,U+5CB8,合并字库; GB2312,2
1484,岽,23741,U+5CBD,追加字库; 合并字库; GB2312,3
1485,岿,23743,U+5CBF,追加字库; 合并字库; GB2312,3
1486,峁,23745,U+5CC1,追加字库; 合并字库; GB2312,3
1487,峄,23748,U+5CC4,追加字库; 合并字库; GB2312,3
1488,峋,23755,U+5CCB,追加字库; 合并字库; GB2312,3
1489,峒,23762,U+5CD2,追加字库; 合并字库; GB2312,3
1490,峙,23769,U+5CD9,合并字库; GB2312,2
1491,峡,23777,U+5CE1,合并字库; GB2312,2
1492,峤,23780,U+5CE4,追加字库; 合并字库; GB2312,3
1493,峥,23781,U+5CE5,追加字库; 合并字库; GB2312,3
1494,峦,23782,U+5CE6,追加字库; 合并字库; GB2312,3
1495,峨,23784,U+5CE8,追加字库; 合并字库; GB2312,3
1496,峪,23786,U+5CEA,合并字库; GB2312,2
1497,峭,23789,U+5CED,追加字库; 合并字库; GB2312,3
1498,峰,23792,U+5CF0,合并字库; GB2312,2
1499,峻,23803,U+5CFB,追加字库; 合并字库; GB2312,3
1500,崂,23810,U+5D02,合并字库; GB2312,2
1501,崃,23811,U+5D03,追加字库; 合并字库; GB2312,3
1502,崆,23814,U+5D06,追加字库; 合并字库; GB2312,3
1503,崇,23815,U+5D07,合并字库; GB2312,2
1504,崎,23822,U+5D0E,合并字库; GB2312,2
1505,崔,23828,U+5D14,追加字库; 合并字库; GB2312,3
1506,崖,23830,U+5D16,合并字库; GB2312,2
1507,崛,23835,U+5D1B,追加字库; 合并字库; GB2312,3
1508,崞,23838,U+5D1E,追加字库; 合并字库; GB2312,3
1509,崤,23844,U+5D24,追加字库; 合并字库; GB2312,3
1510,崦,23846,U+5D26,追加字库; 合并字库; GB2312,3
1511,崧,23847,U+5D27,追加字库; 合并字库; GB2312,3
1512,崩,23849,U+5D29,追加字库; 合并字库; GB2312,3
1513,崭,23853,U+5D2D,追加字库; 合并字库; GB2312,3
1514,崮,23854,U+5D2E,追加字库; 合并字库; GB2312,3
1515,崴,23860,U+5D34,追加字库; 合并字库; GB2312,3
1516,崽,23869,U+5D3D,追加字库; 合并字库; GB2312,3
1517,崾,23870,U+5D3E,追加字库; 合并字库; GB2312,3
1518,嵇,23879,U+5D47,追加字库; 合并字库; GB2312,3
1519,嵊,23882,U+5D4A,合并字库; GB2312,2
1520,嵋,23883,U+5D4B,追加字库; 合并字库; GB2312,3
1521,嵌,23884,U+5D4C,追加字库; 合并字库; GB2312,3
1522,嵘,23896,U+5D58,追加字库; 合并字库; GB2312,3
1523,嵛,23899,U+5D5B,追加字库; 合并字库; GB2312,3
1524,嵝,23901,U+5D5D,追加字库; 合并字库; GB2312,3
1525,嵩,23913,U+5D69,合并字库; GB2312,2
1526,嵫,23915,U+5D6B,追加字库; 合并字库; GB2312,3
1527,嵬,23916,U+5D6C,追加字库; 合并字库; GB2312,3
1528,嵯,23919,U+5D6F,追加字库; 合并字库; GB2312,3
1529,嵴,23924,U+5D74,追加字库; 合并字库; GB2312,3
1530,嶂,23938,U+5D82,追加字库; 合并字库; GB2312,3
1531,嶙,23961,U+5D99,追加字库; 合并字库; GB2312,3
1532,嶝,23965,U+5D9D,追加字库; 合并字库; GB2312,3
1533,嶷,23991,U+5DB7,追加字库; 合并字库; GB2312,3
1534,巅,24005,U+5DC5,合并字库; GB2312,2
1535,巍,24013,U+5DCD,追加字库; 合并字库; GB2312,3
1536,巛,24027,U+5DDB,追加字库; 合并字库; GB2312,3
1537,川,24029,U+5DDD,合并字库; GB2312,2
1538,州,24030,U+5DDE,合并字库; GB2312,2
1539,巡,24033,U+5DE1,追加字库; 合并字库; GB2312,3
1540,巢,24034,U+5DE2,合并字库; GB2312,2
1541,工,24037,U+5DE5,合并字库; GB2312,2
1542,左,24038,U+5DE6,合并字库; GB2312,2
1543,巧,24039,U+5DE7,追加字库; 合并字库; GB2312,3
1544,巨,24040,U+5DE8,合并字库; GB2312,2
1545,巩,24041,U+5DE9,合并字库; GB2312,2
1546,巫,24043,U+5DEB,追加字库; 合并字库; GB2312,3
1547,差,24046,U+5DEE,合并字库; GB2312,2
1548,巯,24047,U+5DEF,追加字库; 合并字库; GB2312,3
1549,己,24049,U+5DF1,追加字库; 合并字库; GB2312,3
1550,已,24050,U+5DF2,追加字库; 合并字库; GB2312,3
1551,巳,24051,U+5DF3,追加字库; 合并字库; GB2312,3
1552,巴,24052,U+5DF4,合并字库; GB2312,2
1553,巷,24055,U+5DF7,合并字库; GB2312,2
1554,巽,24061,U+5DFD,追加字库; 合并字库; GB2312,3
1555,巾,24062,U+5DFE,追加字库; 合并字库; GB2312,3
1556,币,24065,U+5E01,追加字库; 合并字库; GB2312,3
1557,市,24066,U+5E02,合并字库; GB2312,2
1558,布,24067,U+5E03,合并字库; GB2312,2
1559,帅,24069,U+5E05,追加字库; 合并字库; GB2312,3
1560,帆,24070,U+5E06,追加字库; 合并字库; GB2312,3
1561,师,24072,U+5E08,合并字库; GB2312,2
1562,希,24076,U+5E0C,追加字库; 合并字库; GB2312,3
1563,帏,24079,U+5E0F,追加字库; 合并字库; GB2312,3
1564,帐,24080,U+5E10,追加字库; 合并字库; GB2312,3
1565,帑,24081,U+5E11,追加字库; 合并字库; GB2312,3
1566,帔,24084,U+5E14,追加字库; 合并字库; GB2312,3
1567,帕,24085,U+5E15,合并字库; GB2312,2
1568,帖,24086,U+5E16,追加字库; 合并字库; GB2312,3
1569,帘,24088,U+5E18,追加字库; 合并字库; GB2312,3
1570,帙,24089,U+5E19,追加字库; 合并字库; GB2312,3
1571,帚,24090,U+5E1A,追加字库; 合并字库; GB2312,3
1572,帛,24091,U+5E1B,追加字库; 合并字库; GB2312,3
1573,帜,24092,U+5E1C,追加字库; 合并字库; GB2312,3
1574,帝,24093,U+5E1D,追加字库; 合并字库; GB2312,3
1575,带,24102,U+5E26,合并字库; GB2312,2
1576,帧,24103,U+5E27,追加字库; 合并字库; GB2312,3
1577,席,24109,U+5E2D,追加字库; 合并字库; GB2312,3
1578,帮,24110,U+5E2E,合并字库; GB2312,2
1579,帱,24113,U+5E31,追加字库; 合并字库; GB2312,3
1580,帷,24119,U+5E37,追加字库; 合并字库; GB2312,3
1581,常,24120,U+5E38,合并字库; GB2312,2
1582,帻,24123,U+5E3B,追加字库; 合并字库; GB2312,3
1583,帼,24124,U+5E3C,追加字库; 合并字库; GB2312,3
1584,帽,24125,U+5E3D,合并字库; GB2312,2
1585,幂,24130,U+5E42,追加字库; 合并字库; GB2312,3
1586,幄,24132,U+5E44,追加字库; 合并字库; GB2312,3
1587,幅,24133,U+5E45,追加字库; 合并字库; GB2312,3
1588,幌,24140,U+5E4C,追加字库; 合并字库; GB2312,3
1589,幔,24148,U+5E54,追加字库; 合并字库; GB2312,3
1590,幕,24149,U+5E55,追加字库; 合并字库; GB2312,3
1591,幛,24155,U+5E5B,追加字库; 合并字库; GB2312,3
1592,幞,24158,U+5E5E,追加字库; 合并字库; GB2312,3
1593,幡,24161,U+5E61,追加字库; 合并字库; GB2312,3
1594,幢,24162,U+5E62,追加字库; 合并字库; GB2312,3
1595,干,24178,U+5E72,合并字库; GB2312,2
1596,平,24179,U+5E73,合并字库; GB2312,2
1597,年,24180,U+5E74,合并字库; GB2312,2
1598,并,24182,U+5E76,追加字库; 合并字库; GB2312,3
1599,幸,24184,U+5E78,合并字库; GB2312,2
1600,幺,24186,U+5E7A,追加字库; 合并字库; GB2312,3
1601,幻,24187,U+5E7B,追加字库; 合并字库; GB2312,3
1602,幼,24188,U+5E7C,追加字库; 合并字库; GB2312,3
1603,幽,24189,U+5E7D,追加字库; 合并字库; GB2312,3
1604,广,24191,U+5E7F,合并字库; GB2312,2
1605,庀,24192,U+5E80,追加字库; 合并字库; GB2312,3
1606,庄,24196,U+5E84,合并字库; GB2312,2
1607,庆,24198,U+5E86,合并字库; GB2312,2
1608,庇,24199,U+5E87,追加字库; 合并字库; GB2312,3
1609,床,24202,U+5E8A,追加字库; 合并字库; GB2312,3
1610,庋,24203,U+5E8B,追加字库; 合并字库; GB2312,3
1611,序,24207,U+5E8F,追加字库; 追加字库; 合并字库; GB2312,4
1612,庐,24208,U+5E90,合并字库; GB2312,2
1613,庑,24209,U+5E91,追加字库; 合并字库; GB2312,3
1614,库,24211,U+5E93,追加字库; 追加字库; 合并字库; GB2312,4
1615,应,24212,U+5E94,合并字库; GB2312,2
1616,底,24213,U+5E95,合并字库; GB2312,2
1617,庖,24214,U+5E96,追加字库; 合并字库; GB2312,3
1618,店,24215,U+5E97,合并字库; GB2312,2
1619,庙,24217,U+5E99,合并字库; GB2312,2
1620,庚,24218,U+5E9A,追加字库; 合并字库; GB2312,3
1621,府,24220,U+5E9C,合并字库; GB2312,2
1622,庞,24222,U+5E9E,追加字库; 合并字库; GB2312,3
1623,废,24223,U+5E9F,追加字库; 合并字库; GB2312,3
1624,庠,24224,U+5EA0,追加字库; 合并字库; GB2312,3
1625,庥,24229,U+5EA5,追加字库; 合并字库; GB2312,3
1626,度,24230,U+5EA6,合并字库; GB2312,2
1627,座,24231,U+5EA7,合并字库; GB2312,2
1628,庭,24237,U+5EAD,合并字库; GB2312,2
1629,庳,24243,U+5EB3,追加字库; 合并字库; GB2312,3
1630,庵,24245,U+5EB5,追加字库; 合并字库; GB2312,3
1631,庶,24246,U+5EB6,追加字库; 合并字库; GB2312,3
1632,康,24247,U+5EB7,合并字库; GB2312,2
1633,庸,24248,U+5EB8,追加字库; 合并字库; GB2312,3
1634,庹,24249,U+5EB9,追加字库; 合并字库; GB2312,3
1635,庾,24254,U+5EBE,追加字库; 合并字库; GB2312,3
1636,廉,24265,U+5EC9,追加字库; 合并字库; GB2312,3
1637,廊,24266,U+5ECA,合并字库; GB2312,2
1638,廑,24273,U+5ED1,追加字库; 合并字库; GB2312,3
1639,廒,24274,U+5ED2,追加字库; 合并字库; GB2312,3
1640,廓,24275,U+5ED3,追加字库; 合并字库; GB2312,3
1641,廖,24278,U+5ED6,追加字库; 合并字库; GB2312,3
1642,廛,24283,U+5EDB,追加字库; 合并字库; GB2312,3
1643,廨,24296,U+5EE8,追加字库; 合并字库; GB2312,3
1644,廪,24298,U+5EEA,追加字库; 合并字库; GB2312,3
1645,廴,24308,U+5EF4,追加字库; 合并字库; GB2312,3
1646,延,24310,U+5EF6,合并字库; GB2312,2
1647,廷,24311,U+5EF7,追加字库; 合并字库; GB2312,3
1648,建,24314,U+5EFA,合并字库; GB2312,2
1649,廾,24318,U+5EFE,追加字库; 合并字库; GB2312,3
1650,廿,24319,U+5EFF,追加字库; 合并字库; GB2312,3
1651,开,24320,U+5F00,追加字库; 合并字库; GB2312,3
1652,弁,24321,U+5F01,追加字库; 合并字库; GB2312,3
1653,异,24322,U+5F02,合并字库; GB2312,2
1654,弃,24323,U+5F03,追加字库; 合并字库; GB2312,3
1655,弄,24324,U+5F04,追加字库; 合并字库; GB2312,3
1656,弈,24328,U+5F08,追加字库; 合并字库; GB2312,3
1657,弊,24330,U+5F0A,追加字库; 合并字库; GB2312,3
1658,弋,24331,U+5F0B,追加字库; 合并字库; GB2312,3
1659,式,24335,U+5F0F,合并字库; GB2312,2
1660,弑,24337,U+5F11,追加字库; 合并字库; GB2312,3
1661,弓,24339,U+5F13,合并字库; GB2312,2
1662,引,24341,U+5F15,追加字库; 合并字库; GB2312,3
1663,弗,24343,U+5F17,追加字库; 合并字库; GB2312,3
1664,弘,24344,U+5F18,追加字库; 合并字库; GB2312,3
1665,弛,24347,U+5F1B,追加字库; 合并字库; GB2312,3
1666,弟,24351,U+5F1F,合并字库; GB2312,2
1667,张,24352,U+5F20,合并字库; GB2312,2
1668,弥,24357,U+5F25,追加字库; 合并字库; GB2312,3
1669,弦,24358,U+5F26,追加字库; 合并字库; GB2312,3
1670,弧,24359,U+5F27,追加字库; 合并字库; GB2312,3
1671,弩,24361,U+5F29,追加字库; 合并字库; GB2312,3
1672,弪,24362,U+5F2A,追加字库; 合并字库; GB2312,3
1673,弭,24365,U+5F2D,追加字库; 合并字库; GB2312,3
1674,弯,24367,U+5F2F,追加字库; 合并字库; GB2312,3
1675,弱,24369,U+5F31,合并字库; GB2312,2
1676,弹,24377,U+5F39,合并字库; GB2312,2
1677,强,24378,U+5F3A,合并字库; GB2312,2
1678,弼,24380,U+5F3C,追加字库; 合并字库; GB2312,3
1679,彀,24384,U+5F40,追加字库; 合并字库; GB2312,3
1680,彐,24400,U+5F50,追加字库; 合并字库; GB2312,3
1681,归,24402,U+5F52,追加字库; 合并字库; GB2312,3
1682,当,24403,U+5F53,合并字库; GB2312,2
1683,录,24405,U+5F55,追加字库; 追加字库; 合并字库; GB2312,4
1684,彖,24406,U+5F56,追加字库; 合并字库; GB2312,3
1685,彗,24407,U+5F57,追加字库; 合并字库; GB2312,3
1686,彘,24408,U+5F58,追加字库; 合并字库; GB2312,3
1687,彝,24413,U+5F5D,追加字库; 合并字库; GB2312,3
1688,彡,24417,U+5F61,追加字库; 合并字库; GB2312,3
1689,形,24418,U+5F62,合并字库; GB2312,2
1690,彤,24420,U+5F64,追加字库; 合并字库; GB2312,3
1691,彦,24422,U+5F66,追加字库; 合并字库; GB2312,3
1692,彩,24425,U+5F69,合并字库; GB2312,2
1693,彪,24426,U+5F6A,追加字库; 合并字库; GB2312,3
1694,彬,24428,U+5F6C,追加字库; 合并字库; GB2312,3
1695,彭,24429,U+5F6D,合并字库; GB2312,2
1696,彰,24432,U+5F70,追加字库; 合并字库; GB2312,3
1697,影,24433,U+5F71,追加字库; 合并字库; GB2312,3
1698,彳,24435,U+5F73,追加字库; 合并字库; GB2312,3
1699,彷,24439,U+5F77,追加字库; 合并字库; GB2312,3
1700,役,24441,U+5F79,追加字库; 合并字库; GB2312,3
1701,彻,24443,U+5F7B,追加字库; 合并字库; GB2312,3
1702,彼,24444,U+5F7C,追加字库; 合并字库; GB2312,3
1703,往,24448,U+5F80,追加字库; 合并字库; GB2312,3
1704,征,24449,U+5F81,合并字库; GB2312,2
1705,徂,24450,U+5F82,追加字库; 合并字库; GB2312,3
1706,径,24452,U+5F84,追加字库; 合并字库; GB2312,3
1707,待,24453,U+5F85,合并字库; GB2312,2
1708,徇,24455,U+5F87,追加字库; 合并字库; GB2312,3
1709,很,24456,U+5F88,追加字库; 合并字库; GB2312,3
1710,徉,24457,U+5F89,追加字库; 合并字库; GB2312,3
1711,徊,24458,U+5F8A,追加字库; 合并字库; GB2312,3
1712,律,24459,U+5F8B,追加字库; 合并字库; GB2312,3
1713,後,24460,U+5F8C,追加字库; 合并字库; GB2312,3
1714,徐,24464,U+5F90,合并字库; GB2312,2
1715,徒,24466,U+5F92,合并字库; GB2312,2
1716,徕,24469,U+5F95,追加字库; 合并字库; GB2312,3
1717,得,24471,U+5F97,追加字库; 合并字库; GB2312,3
1718,徘,24472,U+5F98,追加字库; 合并字库; GB2312,3
1719,徙,24473,U+5F99,追加字库; 合并字库; GB2312,3
1720,徜,24476,U+5F9C,追加字库; 合并字库; GB2312,3
1721,御,24481,U+5FA1,追加字库; 合并字库; GB2312,3
1722,徨,24488,U+5FA8,追加字库; 合并字库; GB2312,3
1723,循,24490,U+5FAA,追加字库; 合并字库; GB2312,3
1724,徭,24493,U+5FAD,追加字库; 合并字库; GB2312,3
1725,微,24494,U+5FAE,合并字库; GB2312,2
1726,徵,24501,U+5FB5,追加字库; 合并字库; GB2312,3
1727,德,24503,U+5FB7,合并字库; GB2312,2
1728,徼,24508,U+5FBC,追加字库; 合并字库; GB2312,3
1729,徽,24509,U+5FBD,合并字库; GB2312,2
1730,心,24515,U+5FC3,合并字库; GB2312,2
1731,忄,24516,U+5FC4,追加字库; 合并字库; GB2312,3
1732,必,24517,U+5FC5,合并字库; GB2312,2
1733,忆,24518,U+5FC6,追加字库; 合并字库; GB2312,3
1734,忉,24521,U+5FC9,追加字库; 合并字库; GB2312,3
1735,忌,24524,U+5FCC,追加字库; 合并字库; GB2312,3
1736,忍,24525,U+5FCD,追加字库; 合并字库; GB2312,3
1737,忏,24527,U+5FCF,追加字库; 合并字库; GB2312,3
1738,忐,24528,U+5FD0,追加字库; 合并字库; GB2312,3
1739,忑,24529,U+5FD1,追加字库; 合并字库; GB2312,3
1740,忒,24530,U+5FD2,追加字库; 合并字库; GB2312,3
1741,忖,24534,U+5FD6,追加字库; 合并字库; GB2312,3
1742,志,24535,U+5FD7,合并字库; GB2312,2
1743,忘,24536,U+5FD8,追加字库; 合并字库; GB2312,3
1744,忙,24537,U+5FD9,合并字库; GB2312,2
1745,忝,24541,U+5FDD,追加字库; 合并字库; GB2312,3
1746,忠,24544,U+5FE0,合并字库; GB2312,2
1747,忡,24545,U+5FE1,追加字库; 合并字库; GB2312,3
1748,忤,24548,U+5FE4,追加字库; 合并字库; GB2312,3
1749,忧,24551,U+5FE7,追加字库; 合并字库; GB2312,3
1750,忪,24554,U+5FEA,追加字库; 合并字库; GB2312,3
1751,快,24555,U+5FEB,合并字库; GB2312,2
1752,忭,24557,U+5FED,追加字库; 合并字库; GB2312,3
1753,忮,24558,U+5FEE,追加字库; 合并字库; GB2312,3
1754,忱,24561,U+5FF1,追加字库; 合并字库; GB2312,3
1755,念,24565,U+5FF5,合并字库; GB2312,2
1756,忸,24568,U+5FF8,追加字库; 合并字库; GB2312,3
1757,忻,24571,U+5FFB,合并字库; GB2312,2
1758,忽,24573,U+5FFD,追加字库; 追加字库; 合并字库; GB2312,4
1759,忾,24574,U+5FFE,追加字库; 合并字库; GB2312,3
1760,忿,24575,U+5FFF,追加字库; 合并字库; GB2312,3
1761,怀,24576,U+6000,合并字库; GB2312,2
1762,态,24577,U+6001,追加字库; 合并字库; GB2312,3
1763,怂,24578,U+6002,追加字库; 合并字库; GB2312,3
1764,怃,24579,U+6003,追加字库; 合并字库; GB2312,3
1765,怄,24580,U+6004,追加字库; 合并字库; GB2312,3
1766,怅,24581,U+6005,追加字库; 合并字库; GB2312,3
1767,怆,24582,U+6006,追加字库; 合并字库; GB2312,3
1768,怊,24586,U+600A,追加字库; 合并字库; GB2312,3
1769,怍,24589,U+600D,追加字库; 合并字库; GB2312,3
1770,怎,24590,U+600E,追加字库; 合并字库; GB2312,3
1771,怏,24591,U+600F,追加字库; 合并字库; GB2312,3
1772,怒,24594,U+6012,追加字库; 合并字库; GB2312,3
1773,怔,24596,U+6014,追加字库; 合并字库; GB2312,3
1774,怕,24597,U+6015,追加字库; 合并字库; GB2312,3
1775,怖,24598,U+6016,追加字库; 合并字库; GB2312,3
1776,怙,24601,U+6019,追加字库; 合并字库; GB2312,3
1777,怛,24603,U+601B,追加字库; 合并字库; GB2312,3
1778,怜,24604,U+601C,追加字库; 合并字库; GB2312,3
1779,思,24605,U+601D,合并字库; GB2312,2
1780,怠,24608,U+6020,追加字库; 合并字库; GB2312,3
1781,怡,24609,U+6021,追加字库; 合并字库; GB2312,3
1782,急,24613,U+6025,合并字库; GB2312,2
1783,怦,24614,U+6026,追加字库; 合并字库; GB2312,3
1784,性,24615,U+6027,追加字库; 合并字库; GB2312,3
1785,怨,24616,U+6028,追加字库; 合并字库; GB2312,3
1786,怩,24617,U+6029,追加字库; 合并字库; GB2312,3
1787,怪,24618,U+602A,追加字库; 合并字库; GB2312,3
1788,怫,24619,U+602B,追加字库; 合并字库; GB2312,3
1789,怯,24623,U+602F,追加字库; 合并字库; GB2312,3
1790,怵,24629,U+6035,追加字库; 合并字库; GB2312,3
1791,总,24635,U+603B,追加字库; 合并字库; GB2312,3
1792,怼,24636,U+603C,追加字库; 合并字库; GB2312,3
1793,怿,24639,U+603F,追加字库; 合并字库; GB2312,3
1794,恁,24641,U+6041,追加字库; 合并字库; GB2312,3
1795,恂,24642,U+6042,追加字库; 合并字库; GB2312,3
1796,恃,24643,U+6043,追加字库; 合并字库; GB2312,3
1797,恋,24651,U+604B,追加字库; 合并字库; GB2312,3
1798,恍,24653,U+604D,追加字库; 合并字库; GB2312,3
1799,恐,24656,U+6050,追加字库; 合并字库; GB2312,3
1800,恒,24658,U+6052,追加字库; 合并字库; GB2312,3
1801,恕,24661,U+6055,追加字库; 合并字库; GB2312,3
1802,恙,24665,U+6059,追加字库; 合并字库; GB2312,3
1803,恚,24666,U+605A,追加字库; 合并字库; GB2312,3
1804,恝,24669,U+605D,追加字库; 合并字库; GB2312,3
1805,恢,24674,U+6062,合并字库; GB2312,2
1806,恣,24675,U+6063,追加字库; 合并字库; GB2312,3
1807,恤,24676,U+6064,追加字库; 合并字库; GB2312,3
1808,恧,24679,U+6067,追加字库; 合并字库; GB2312,3
1809,恨,24680,U+6068,追加字库; 合并字库; GB2312,3
1810,恩,24681,U+6069,合并字库; GB2312,2
1811,恪,24682,U+606A,追加字库; 合并字库; GB2312,3
1812,恫,24683,U+606B,追加字库; 合并字库; GB2312,3
1813,恬,24684,U+606C,追加字库; 合并字库; GB2312,3
1814,恭,24685,U+606D,追加字库; 合并字库; GB2312,3
1815,息,24687,U+606F,合并字库; GB2312,2
1816,恰,24688,U+6070,追加字库; 合并字库; GB2312,3
1817,恳,24691,U+6073,追加字库; 合并字库; GB2312,3
1818,恶,24694,U+6076,追加字库; 合并字库; GB2312,3
1819,恸,24696,U+6078,追加字库; 合并字库; GB2312,3
1820,恹,24697,U+6079,追加字库; 合并字库; GB2312,3
1821,恺,24698,U+607A,追加字库; 合并字库; GB2312,3
1822,恻,24699,U+607B,追加字库; 合并字库; GB2312,3
1823,恼,24700,U+607C,追加字库; 合并字库; GB2312,3
1824,恽,24701,U+607D,追加字库; 合并字库; GB2312,3
1825,恿,24703,U+607F,追加字库; 合并字库; GB2312,3
1826,悃,24707,U+6083,追加字库; 合并字库; GB2312,3
1827,悄,24708,U+6084,追加字库; 合并字库; GB2312,3
1828,悉,24713,U+6089,追加字库; 合并字库; GB2312,3
1829,悌,24716,U+608C,追加字库; 合并字库; GB2312,3
1830,悍,24717,U+608D,追加字库; 合并字库; GB2312,3
1831,悒,24722,U+6092,追加字库; 合并字库; GB2312,3
1832,悔,24724,U+6094,追加字库; 合并字库; GB2312,3
1833,悖,24726,U+6096,追加字库; 合并字库; GB2312,3
1834,悚,24730,U+609A,追加字库; 合并字库; GB2312,3
1835,悛,24731,U+609B,追加字库; 合并字库; GB2312,3
1836,悝,24733,U+609D,追加字库; 合并字库; GB2312,3
1837,悟,24735,U+609F,合并字库; GB2312,2
1838,悠,24736,U+60A0,追加字库; 合并字库; GB2312,3
1839,患,24739,U+60A3,追加字库; 合并字库; GB2312,3
1840,悦,24742,U+60A6,合并字库; GB2312,2
1841,您,24744,U+60A8,追加字库; 合并字库; GB2312,3
1842,悫,24747,U+60AB,追加字库; 合并字库; GB2312,3
1843,悬,24748,U+60AC,追加字库; 合并字库; GB2312,3
1844,悭,24749,U+60AD,追加字库; 合并字库; GB2312,3
1845,悯,24751,U+60AF,追加字库; 合并字库; GB2312,3
1846,悱,24753,U+60B1,追加字库; 合并字库; GB2312,3
1847,悲,24754,U+60B2,追加字库; 合并字库; GB2312,3
1848,悴,24756,U+60B4,追加字库; 合并字库; GB2312,3
1849,悸,24760,U+60B8,追加字库; 合并字库; GB2312,3
1850,悻,24763,U+60BB,追加字库; 合并字库; GB2312,3
1851,悼,24764,U+60BC,追加字库; 合并字库; GB2312,3
1852,情,24773,U+60C5,追加字库; 合并字库; GB2312,3
1853,惆,24774,U+60C6,追加字库; 合并字库; GB2312,3
1854,惊,24778,U+60CA,追加字库; 合并字库; GB2312,3
1855,惋,24779,U+60CB,追加字库; 合并字库; GB2312,3
1856,惑,24785,U+60D1,追加字库; 合并字库; GB2312,3
1857,惕,24789,U+60D5,追加字库; 合并字库; GB2312,3
1858,惘,24792,U+60D8,追加字库; 合并字库; GB2312,3
1859,惚,24794,U+60DA,追加字库; 合并字库; GB2312,3
1860,惜,24796,U+60DC,追加字库; 合并字库; GB2312,3
1861,惝,24797,U+60DD,追加字库; 合并字库; GB2312,3
1862,惟,24799,U+60DF,追加字库; 合并字库; GB2312,3
1863,惠,24800,U+60E0,合并字库; GB2312,2
1864,惦,24806,U+60E6,追加字库; 合并字库; GB2312,3
1865,惧,24807,U+60E7,追加字库; 合并字库; GB2312,3
1866,惨,24808,U+60E8,追加字库; 合并字库; GB2312,3
1867,惩,24809,U+60E9,追加字库; 合并字库; GB2312,3
1868,惫,24811,U+60EB,追加字库; 合并字库; GB2312,3
1869,惬,24812,U+60EC,追加字库; 合并字库; GB2312,3
1870,惭,24813,U+60ED,追加字库; 合并字库; GB2312,3
1871,惮,24814,U+60EE,追加字库; 合并字库; GB2312,3
1872,惯,24815,U+60EF,追加字库; 合并字库; GB2312,3
1873,惰,24816,U+60F0,追加字库; 合并字库; GB2312,3
1874,想,24819,U+60F3,合并字库; GB2312,2
1875,惴,24820,U+60F4,追加字库; 合并字库; GB2312,3
1876,惶,24822,U+60F6,追加字库; 合并字库; GB2312,3
1877,惹,24825,U+60F9,追加字库; 合并字库; GB2312,3
1878,惺,24826,U+60FA,追加字库; 合并字库; GB2312,3
1879,愀,24832,U+6100,追加字库; 合并字库; GB2312,3
1880,愁,24833,U+6101,追加字库; 合并字库; GB2312,3
1881,愆,24838,U+6106,追加字库; 合并字库; GB2312,3
1882,愈,24840,U+6108,追加字库; 合并字库; GB2312,3
1883,愉,24841,U+6109,追加字库; 合并字库; GB2312,3
1884,愍,24845,U+610D,追加字库; 合并字库; GB2312,3
1885,愎,24846,U+610E,追加字库; 合并字库; GB2312,3
1886,意,24847,U+610F,合并字库; GB2312,2
1887,愕,24853,U+6115,追加字库; 合并字库; GB2312,3
1888,愚,24858,U+611A,追加字库; 合并字库; GB2312,3
1889,感,24863,U+611F,合并字库; GB2312,2
1890,愠,24864,U+6120,追加字库; 合并字库; GB2312,3
1891,愣,24867,U+6123,追加字库; 合并字库; GB2312,3
1892,愤,24868,U+6124,追加字库; 合并字库; GB2312,3
1893,愦,24870,U+6126,追加字库; 合并字库; GB2312,3
1894,愧,24871,U+6127,追加字库; 合并字库; GB2312,3
1895,愫,24875,U+612B,追加字库; 合并字库; GB2312,3
1896,愿,24895,U+613F,合并字库; GB2312,2
1897,慈,24904,U+6148,合并字库; GB2312,2
1898,慊,24906,U+614A,追加字库; 合并字库; GB2312,3
1899,慌,24908,U+614C,追加字库; 合并字库; GB2312,3
1900,慎,24910,U+614E,追加字库; 合并字库; GB2312,3
1901,慑,24913,U+6151,追加字库; 合并字库; GB2312,3
1902,慕,24917,U+6155,追加字库; 合并字库; GB2312,3
1903,慝,24925,U+615D,追加字库; 合并字库; GB2312,3
1904,慢,24930,U+6162,合并字库; GB2312,2
1905,慧,24935,U+6167,追加字库; 合并字库; GB2312,3
1906,慨,24936,U+6168,追加字库; 合并字库; GB2312,3
1907,慰,24944,U+6170,追加字库; 合并字库; GB2312,3
1908,慵,24949,U+6175,追加字库; 合并字库; GB2312,3
1909,慷,24951,U+6177,追加字库; 合并字库; GB2312,3
1910,憋,24971,U+618B,追加字库; 合并字库; GB2312,3
1911,憎,24974,U+618E,追加字库; 合并字库; GB2312,3
1912,憔,24980,U+6194,追加字库; 合并字库; GB2312,3
1913,憝,24989,U+619D,追加字库; 合并字库; GB2312,3
1914,憧,24999,U+61A7,追加字库; 合并字库; GB2312,3
1915,憨,25000,U+61A8,追加字库; 合并字库; GB2312,3
1916,憩,25001,U+61A9,追加字库; 合并字库; GB2312,3
1917,憬,25004,U+61AC,追加字库; 合并字库; GB2312,3
1918,憷,25015,U+61B7,追加字库; 合并字库; GB2312,3
1919,憾,25022,U+61BE,追加字库; 合并字库; GB2312,3
1920,懂,25026,U+61C2,追加字库; 合并字库; GB2312,3
1921,懈,25032,U+61C8,追加字库; 合并字库; GB2312,3
1922,懊,25034,U+61CA,追加字库; 合并字库; GB2312,3
1923,懋,25035,U+61CB,追加字库; 合并字库; GB2312,3
1924,懑,25041,U+61D1,追加字库; 合并字库; GB2312,3
1925,懒,25042,U+61D2,追加字库; 合并字库; GB2312,3
1926,懔,25044,U+61D4,追加字库; 合并字库; GB2312,3
1927,懦,25062,U+61E6,追加字库; 合并字库; GB2312,3
1928,懵,25077,U+61F5,追加字库; 合并字库; GB2312,3
1929,懿,25087,U+61FF,追加字库; 合并字库; GB2312,3
1930,戆,25094,U+6206,追加字库; 合并字库; GB2312,3
1931,戈,25096,U+6208,追加字库; 合并字库; GB2312,3
1932,戊,25098,U+620A,追加字库; 合并字库; GB2312,3
1933,戋,25099,U+620B,追加字库; 合并字库; GB2312,3
1934,戌,25100,U+620C,追加字库; 合并字库; GB2312,3
1935,戍,25101,U+620D,追加字库; 合并字库; GB2312,3
1936,戎,25102,U+620E,追加字库; 合并字库; GB2312,3
1937,戏,25103,U+620F,追加字库; 合并字库; GB2312,3
1938,成,25104,U+6210,合并字库; GB2312,2
1939,我,25105,U+6211,合并字库; GB2312,2
1940,戒,25106,U+6212,追加字库; 合并字库; GB2312,3
1941,戕,25109,U+6215,追加字库; 合并字库; GB2312,3
1942,或,25110,U+6216,追加字库; 追加字库; 合并字库; GB2312,4
1943,戗,25111,U+6217,追加字库; 合并字库; GB2312,3
1944,战,25112,U+6218,合并字库; GB2312,2
1945,戚,25114,U+621A,追加字库; 合并字库; GB2312,3
1946,戛,25115,U+621B,追加字库; 合并字库; GB2312,3
1947,戟,25119,U+621F,追加字库; 合并字库; GB2312,3
1948,戡,25121,U+6221,追加字库; 合并字库; GB2312,3
1949,戢,25122,U+6222,追加字库; 合并字库; GB2312,3
1950,戤,25124,U+6224,追加字库; 合并字库; GB2312,3
1951,戥,25125,U+6225,追加字库; 合并字库; GB2312,3
1952,截,25130,U+622A,追加字库; 合并字库; GB2312,3
1953,戬,25132,U+622C,追加字库; 合并字库; GB2312,3
1954,戮,25134,U+622E,追加字库; 合并字库; GB2312,3
1955,戳,25139,U+6233,追加字库; 合并字库; GB2312,3
1956,戴,25140,U+6234,追加字库; 合并字库; GB2312,3
1957,户,25143,U+6237,合并字库; GB2312,2
1958,戽,25149,U+623D,追加字库; 合并字库; GB2312,3
1959,戾,25150,U+623E,追加字库; 合并字库; GB2312,3
1960,房,25151,U+623F,合并字库; GB2312,2
1961,所,25152,U+6240,追加字库; 合并字库; GB2312,3
1962,扁,25153,U+6241,追加字库; 合并字库; GB2312,3
1963,扃,25155,U+6243,追加字库; 合并字库; GB2312,3
1964,扇,25159,U+6247,追加字库; 合并字库; GB2312,3
1965,扈,25160,U+6248,追加字库; 合并字库; GB2312,3
1966,扉,25161,U+6249,追加字库; 合并字库; GB2312,3
1967,手,25163,U+624B,合并字库; GB2312,2
1968,扌,25164,U+624C,追加字库; 合并字库; GB2312,3
1969,才,25165,U+624D,合并字库; GB2312,2
1970,扎,25166,U+624E,合并字库; GB2312,2
1971,扑,25169,U+6251,追加字库; 合并字库; GB2312,3
1972,扒,25170,U+6252,追加字库; 合并字库; GB2312,3
1973,打,25171,U+6253,合并字库; GB2312,2
1974,扔,25172,U+6254,追加字库; 合并字库; GB2312,3
1975,托,25176,U+6258,合并字库; GB2312,2
1976,扛,25179,U+625B,追加字库; 合并字库; GB2312,3
1977,扣,25187,U+6263,追加字库; 合并字库; GB2312,3
1978,扦,25190,U+6266,追加字库; 合并字库; GB2312,3
1979,执,25191,U+6267,合并字库; GB2312,2
1980,扩,25193,U+6269,合并字库; GB2312,2
1981,扪,25194,U+626A,追加字库; 合并字库; GB2312,3
1982,扫,25195,U+626B,合并字库; GB2312,2
1983,扬,25196,U+626C,合并字库; GB2312,2
1984,扭,25197,U+626D,追加字库; 合并字库; GB2312,3
1985,扮,25198,U+626E,追加字库; 合并字库; GB2312,3
1986,扯,25199,U+626F,追加字库; 合并字库; GB2312,3
1987,扰,25200,U+6270,追加字库; 合并字库; GB2312,3
1988,扳,25203,U+6273,追加字库; 合并字库; GB2312,3
1989,扶,25206,U+6276,合并字库; GB2312,2
1990,批,25209,U+6279,追加字库; 合并字库; GB2312,3
1991,扼,25212,U+627C,追加字库; 合并字库; GB2312,3
1992,找,25214,U+627E,追加字库; 合并字库; GB2312,3
1993,承,25215,U+627F,合并字库; GB2312,2
1994,技,25216,U+6280,合并字库; GB2312,2
1995,抄,25220,U+6284,追加字库; 合并字库; GB2312,3
1996,抉,25225,U+6289,追加字库; 合并字库; GB2312,3
1997,把,25226,U+628A,合并字库; GB2312,2
1998,抑,25233,U+6291,追加字库; 合并字库; GB2312,3
1999,抒,25234,U+6292,追加字库; 合并字库; GB2312,3
2000,抓,25235,U+6293,追加字库; 合并字库; GB2312,3
2001,投,25237,U+6295,追加字库; 合并字库; GB2312,3
2002,抖,25238,U+6296,追加字库; 合并字库; GB2312,3
2003,抗,25239,U+6297,追加字库; 合并字库; GB2312,3
2004,折,25240,U+6298,追加字库; 合并字库; GB2312,3
2005,抚,25242,U+629A,合并字库; GB2312,2
2006,抛,25243,U+629B,追加字库; 合并字库; GB2312,3
2007,抟,25247,U+629F,追加字库; 合并字库; GB2312,3
2008,抠,25248,U+62A0,追加字库; 合并字库; GB2312,3
2009,抡,25249,U+62A1,追加字库; 合并字库; GB2312,3
2010,抢,25250,U+62A2,合并字库; GB2312,2
2011,护,25252,U+62A4,追加字库; 合并字库; GB2312,3
2012,报,25253,U+62A5,合并字库; GB2312,2
2013,抨,25256,U+62A8,追加字库; 合并字库; GB2312,3
2014,披,25259,U+62AB,追加字库; 合并字库; GB2312,3
2015,抬,25260,U+62AC,追加字库; 合并字库; GB2312,3
2016,抱,25265,U+62B1,追加字库; 合并字库; GB2312,3
2017,抵,25269,U+62B5,追加字库; 合并字库; GB2312,3
2018,抹,25273,U+62B9,追加字库; 合并字库; GB2312,3
2019,抻,25275,U+62BB,追加字库; 合并字库; GB2312,3
2020,押,25276,U+62BC,追加字库; 合并字库; GB2312,3
2021,抽,25277,U+62BD,追加字库; 合并字库; GB2312,3
2022,抿,25279,U+62BF,追加字库; 合并字库; GB2312,3
2023,拂,25282,U+62C2,追加字库; 合并字库; GB2312,3
2024,拄,25284,U+62C4,追加字库; 合并字库; GB2312,3
2025,担,25285,U+62C5,追加字库; 合并字库; GB2312,3
2026,拆,25286,U+62C6,追加字库; 合并字库; GB2312,3
2027,拇,25287,U+62C7,追加字库; 合并字库; GB2312,3
2028,拈,25288,U+62C8,追加字库; 合并字库; GB2312,3
2029,拉,25289,U+62C9,合并字库; GB2312,2
2030,拊,25290,U+62CA,追加字库; 合并字库; GB2312,3
2031,拌,25292,U+62CC,追加字库; 合并字库; GB2312,3
2032,拍,25293,U+62CD,合并字库; GB2312,2
2033,拎,25294,U+62CE,追加字库; 合并字库; GB2312,3
2034,拐,25296,U+62D0,追加字库; 合并字库; GB2312,3
2035,拒,25298,U+62D2,追加字库; 合并字库; GB2312,3
2036,拓,25299,U+62D3,追加字库; 合并字库; GB2312,3
2037,拔,25300,U+62D4,合并字库; GB2312,2
2038,拖,25302,U+62D6,追加字库; 合并字库; GB2312,3
2039,拗,25303,U+62D7,追加字库; 合并字库; GB2312,3
2040,拘,25304,U+62D8,追加字库; 合并字库; GB2312,3
2041,拙,25305,U+62D9,追加字库; 合并字库; GB2312,3
2042,拚,25306,U+62DA,追加字库; 合并字库; GB2312,3
2043,招,25307,U+62DB,合并字库; GB2312,2
2044,拜,25308,U+62DC,追加字库; 合并字库; GB2312,3
2045,拟,25311,U+62DF,合并字库; GB2312,2
2046,拢,25314,U+62E2,追加字库; 合并字库; GB2312,3
2047,拣,25315,U+62E3,追加字库; 合并字库; GB2312,3
2048,拥,25317,U+62E5,追加字库; 合并字库; GB2312,3
2049,拦,25318,U+62E6,追加字库; 合并字库; GB2312,3
2050,拧,25319,U+62E7,追加字库; 合并字库; GB2312,3
2051,拨,25320,U+62E8,追加字库; 合并字库; GB2312,3
2052,择,25321,U+62E9,追加字库; 合并字库; GB2312,3
2053,括,25324,U+62EC,合并字库; GB2312,2
2054,拭,25325,U+62ED,追加字库; 合并字库; GB2312,3
2055,拮,25326,U+62EE,追加字库; 合并字库; GB2312,3
2056,拯,25327,U+62EF,追加字库; 合并字库; GB2312,3
2057,拱,25329,U+62F1,追加字库; 合并字库; GB2312,3
2058,拳,25331,U+62F3,追加字库; 合并字库; GB2312,3
2059,拴,25332,U+62F4,追加字库; 合并字库; GB2312,3
2060,拶,25334,U+62F6,追加字库; 合并字库; GB2312,3
2061,拷,25335,U+62F7,追加字库; 合并字库; GB2312,3
2062,拼,25340,U+62FC,追加字库; 追加字库; 合并字库; GB2312,4
2063,拽,25341,U+62FD,追加字库; 合并字库; GB2312,3
2064,拾,25342,U+62FE,追加字库; 合并字库; GB2312,3
2065,拿,25343,U+62FF,合并字库; GB2312,2
2066,持,25345,U+6301,合并字库; GB2312,2
2067,挂,25346,U+6302,追加字库; 合并字库; GB2312,3
2068,指,25351,U+6307,追加字库; 合并字库; GB2312,3
2069,挈,25352,U+6308,追加字库; 合并字库; GB2312,3
2070,按,25353,U+6309,追加字库; 合并字库; GB2312,3
2071,挎,25358,U+630E,追加字库; 合并字库; GB2312,3
2072,挑,25361,U+6311,合并字库; GB2312,2
2073,挖,25366,U+6316,追加字库; 合并字库; GB2312,3
2074,挚,25370,U+631A,追加字库; 合并字库; GB2312,3
2075,挛,25371,U+631B,追加字库; 合并字库; GB2312,3
2076,挝,25373,U+631D,追加字库; 合并字库; GB2312,3
2077,挞,25374,U+631E,追加字库; 合并字库; GB2312,3
2078,挟,25375,U+631F,追加字库; 合并字库; GB2312,3
2079,挠,25376,U+6320,追加字库; 合并字库; GB2312,3
2080,挡,25377,U+6321,追加字库; 合并字库; GB2312,3
2081,挢,25378,U+6322,追加字库; 合并字库; GB2312,3
2082,挣,25379,U+6323,追加字库; 合并字库; GB2312,3
2083,挤,25380,U+6324,追加字库; 合并字库; GB2312,3
2084,挥,25381,U+6325,追加字库; 合并字库; GB2312,3
2085,挨,25384,U+6328,追加字库; 合并字库; GB2312,3
2086,挪,25386,U+632A,追加字库; 合并字库; GB2312,3
2087,挫,25387,U+632B,追加字库; 合并字库; GB2312,3
2088,振,25391,U+632F,合并字库; GB2312,2
2089,挲,25394,U+6332,追加字库; 合并字库; GB2312,3
2090,挹,25401,U+6339,追加字库; 合并字库; GB2312,3
2091,挺,25402,U+633A,追加字库; 合并字库; GB2312,3
2092,挽,25405,U+633D,追加字库; 合并字库; GB2312,3
2093,捂,25410,U+6342,追加字库; 合并字库; GB2312,3
2094,捃,25411,U+6343,追加字库; 合并字库; GB2312,3
2095,捅,25413,U+6345,追加字库; 合并字库; GB2312,3
2096,捆,25414,U+6346,追加字库; 合并字库; GB2312,3
2097,捉,25417,U+6349,追加字库; 合并字库; GB2312,3
2098,捋,25419,U+634B,追加字库; 合并字库; GB2312,3
2099,捌,25420,U+634C,追加字库; 合并字库; GB2312,3
2100,捍,25421,U+634D,追加字库; 合并字库; GB2312,3
2101,捎,25422,U+634E,追加字库; 合并字库; GB2312,3
2102,捏,25423,U+634F,追加字库; 合并字库; GB2312,3
2103,捐,25424,U+6350,追加字库; 合并字库; GB2312,3
2104,捕,25429,U+6355,追加字库; 合并字库; GB2312,3
2105,捞,25438,U+635E,追加字库; 合并字库; GB2312,3
2106,损,25439,U+635F,追加字库; 合并字库; GB2312,3
2107,捡,25441,U+6361,追加字库; 合并字库; GB2312,3
2108,换,25442,U+6362,合并字库; GB2312,2
2109,捣,25443,U+6363,追加字库; 合并字库; GB2312,3
2110,捧,25447,U+6367,追加字库; 合并字库; GB2312,3
2111,捩,25449,U+6369,追加字库; 合并字库; GB2312,3
2112,捭,25453,U+636D,追加字库; 合并字库; GB2312,3
2113,据,25454,U+636E,追加字库; 合并字库; GB2312,3
2114,捱,25457,U+6371,追加字库; 合并字库; GB2312,3
2115,捶,25462,U+6376,追加字库; 合并字库; GB2312,3
2116,捷,25463,U+6377,追加字库; 合并字库; GB2312,3
2117,捺,25466,U+637A,追加字库; 合并字库; GB2312,3
2118,捻,25467,U+637B,追加字库; 合并字库; GB2312,3
2119,掀,25472,U+6380,追加字库; 合并字库; GB2312,3
2120,掂,25474,U+6382,追加字库; 合并字库; GB2312,3
2121,掇,25479,U+6387,追加字库; 合并字库; GB2312,3
2122,授,25480,U+6388,合并字库; GB2312,2
2123,掉,25481,U+6389,追加字库; 合并字库; GB2312,3
2124,掊,25482,U+638A,追加字库; 合并字库; GB2312,3
2125,掌,25484,U+638C,追加字库; 合并字库; GB2312,3
2126,掎,25486,U+638E,追加字库; 合并字库; GB2312,3
2127,掏,25487,U+638F,追加字库; 合并字库; GB2312,3
2128,掐,25488,U+6390,追加字库; 合并字库; GB2312,3
2129,排,25490,U+6392,合并字库; GB2312,2
2130,掖,25494,U+6396,合并字库; GB2312,2
2131,掘,25496,U+6398,追加字库; 合并字库; GB2312,3
2132,掠,25504,U+63A0,追加字库; 合并字库; GB2312,3
2133,探,25506,U+63A2,追加字库; 合并字库; GB2312,3
2134,掣,25507,U+63A3,追加字库; 合并字库; GB2312,3
2135,接,25509,U+63A5,追加字库; 合并字库; GB2312,3
2136,控,25511,U+63A7,合并字库; GB2312,2
2137,推,25512,U+63A8,追加字库; 合并字库; GB2312,3
2138,掩,25513,U+63A9,追加字库; 合并字库; GB2312,3
2139,措,25514,U+63AA,追加字库; 合并字库; GB2312,3
2140,掬,25516,U+63AC,追加字库; 合并字库; GB2312,3
2141,掭,25517,U+63AD,追加字库; 合并字库; GB2312,3
2142,掮,25518,U+63AE,追加字库; 合并字库; GB2312,3
2143,掰,25520,U+63B0,追加字库; 合并字库; GB2312,3
2144,掳,25523,U+63B3,追加字库; 合并字库; GB2312,3
2145,掴,25524,U+63B4,追加字库; 合并字库; GB2312,3
2146,掷,25527,U+63B7,追加字库; 合并字库; GB2312,3
2147,掸,25528,U+63B8,追加字库; 合并字库; GB2312,3
2148,掺,25530,U+63BA,追加字库; 合并字库; GB2312,3
2149,掼,25532,U+63BC,追加字库; 合并字库; GB2312,3
2150,掾,25534,U+63BE,追加字库; 合并字库; GB2312,3
2151,揄,25540,U+63C4,追加字库; 合并字库; GB2312,3
2152,揆,25542,U+63C6,追加字库; 合并字库; GB2312,3
2153,揉,25545,U+63C9,追加字库; 合并字库; GB2312,3
2154,揍,25549,U+63CD,追加字库; 合并字库; GB2312,3
2155,揎,25550,U+63CE,追加字库; 合并字库; GB2312,3
2156,描,25551,U+63CF,合并字库; GB2312,2
2157,提,25552,U+63D0,合并字库; GB2312,2
2158,插,25554,U+63D2,追加字库; 合并字库; GB2312,3
2159,揖,25558,U+63D6,追加字库; 合并字库; GB2312,3
2160,揞,25566,U+63DE,追加字库; 合并字库; GB2312,3
2161,揠,25568,U+63E0,追加字库; 合并字库; GB2312,3
2162,握,25569,U+63E1,追加字库; 合并字库; GB2312,3
2163,揣,25571,U+63E3,追加字库; 合并字库; GB2312,3
2164,揩,25577,U+63E9,追加字库; 合并字库; GB2312,3
2165,揪,25578,U+63EA,追加字库; 合并字库; GB2312,3
2166,揭,25581,U+63ED,追加字库; 合并字库; GB2312,3
2167,揲,25586,U+63F2,追加字库; 合并字库; GB2312,3
2168,援,25588,U+63F4,合并字库; GB2312,2
2169,揶,25590,U+63F6,追加字库; 合并字库; GB2312,3
2170,揸,25592,U+63F8,追加字库; 合并字库; GB2312,3
2171,揽,25597,U+63FD,追加字库; 合并字库; GB2312,3
2172,揿,25599,U+63FF,追加字库; 合并字库; GB2312,3
2173,搀,25600,U+6400,追加字库; 合并字库; GB2312,3
2174,搁,25601,U+6401,追加字库; 合并字库; GB2312,3
2175,搂,25602,U+6402,追加字库; 合并字库; GB2312,3
2176,搅,25605,U+6405,追加字库; 合并字库; GB2312,3
2177,搋,25611,U+640B,追加字库; 合并字库; GB2312,3
2178,搌,25612,U+640C,追加字库; 合并字库; GB2312,3
2179,搏,25615,U+640F,追加字库; 合并字库; GB2312,3
2180,搐,25616,U+6410,追加字库; 合并字库; GB2312,3
2181,搓,25619,U+6413,追加字库; 合并字库; GB2312,3
2182,搔,25620,U+6414,追加字库; 合并字库; GB2312,3
2183,搛,25627,U+641B,追加字库; 合并字库; GB2312,3
2184,搜,25628,U+641C,合并字库; GB2312,2
2185,搞,25630,U+641E,追加字库; 合并字库; GB2312,3
2186,搠,25632,U+6420,追加字库; 合并字库; GB2312,3
2187,搡,25633,U+6421,追加字库; 合并字库; GB2312,3
2188,搦,25638,U+6426,追加字库; 合并字库; GB2312,3
2189,搪,25642,U+642A,追加字库; 合并字库; GB2312,3
2190,搬,25644,U+642C,追加字库; 合并字库; GB2312,3
2191,搭,25645,U+642D,追加字库; 合并字库; GB2312,3
2192,搴,25652,U+6434,追加字库; 合并字库; GB2312,3
2193,携,25658,U+643A,追加字库; 合并字库; GB2312,3
2194,搽,25661,U+643D,追加字库; 合并字库; GB2312,3
2195,搿,25663,U+643F,追加字库; 合并字库; GB2312,3
2196,摁,25665,U+6441,追加字库; 合并字库; GB2312,3
2197,摄,25668,U+6444,追加字库; 合并字库; GB2312,3
2198,摅,25669,U+6445,追加字库; 合并字库; GB2312,3
2199,摆,25670,U+6446,追加字库; 合并字库; GB2312,3
2200,摇,25671,U+6447,追加字库; 合并字库; GB2312,3
2201,摈,25672,U+6448,追加字库; 合并字库; GB2312,3
2202,摊,25674,U+644A,追加字库; 合并字库; GB2312,3
2203,摒,25682,U+6452,追加字库; 合并字库; GB2312,3
2204,摔,25684,U+6454,追加字库; 合并字库; GB2312,3
2205,摘,25688,U+6458,追加字库; 合并字库; GB2312,3
2206,摞,25694,U+645E,追加字库; 合并字库; GB2312,3
2207,摧,25703,U+6467,追加字库; 合并字库; GB2312,3
2208,摩,25705,U+6469,合并字库; GB2312,2
2209,摭,25709,U+646D,追加字库; 合并字库; GB2312,3
2210,摸,25720,U+6478,追加字库; 合并字库; GB2312,3
2211,摹,25721,U+6479,追加字库; 合并字库; GB2312,3
2212,摺,25722,U+647A,追加字库; 合并字库; GB2312,3
2213,撂,25730,U+6482,追加字库; 合并字库; GB2312,3
2214,撄,25732,U+6484,追加字库; 合并字库; GB2312,3
2215,撅,25733,U+6485,追加字库; 合并字库; GB2312,3
2216,撇,25735,U+6487,追加字库; 合并字库; GB2312,3
2217,撑,25745,U+6491,追加字库; 合并字库; GB2312,3
2218,撒,25746,U+6492,追加字库; 合并字库; GB2312,3
2219,撕,25749,U+6495,追加字库; 合并字库; GB2312,3
2220,撖,25750,U+6496,追加字库; 合并字库; GB2312,3
2221,撙,25753,U+6499,追加字库; 合并字库; GB2312,3
2222,撞,25758,U+649E,追加字库; 合并字库; GB2312,3
2223,撤,25764,U+64A4,追加字库; 合并字库; GB2312,3
2224,撩,25769,U+64A9,追加字库; 合并字库; GB2312,3
2225,撬,25772,U+64AC,追加字库; 合并字库; GB2312,3
2226,播,25773,U+64AD,合并字库; GB2312,2
2227,撮,25774,U+64AE,追加字库; 合并字库; GB2312,3
2228,撰,25776,U+64B0,追加字库; 合并字库; GB2312,3
2229,撵,25781,U+64B5,追加字库; 合并字库; GB2312,3
2230,撷,25783,U+64B7,追加字库; 合并字库; GB2312,3
2231,撸,25784,U+64B8,追加字库; 合并字库; GB2312,3
2232,撺,25786,U+64BA,追加字库; 合并字库; GB2312,3
2233,撼,25788,U+64BC,追加字库; 合并字库; GB2312,3
2234,擀,25792,U+64C0,追加字库; 合并字库; GB2312,3
2235,擂,25794,U+64C2,追加字库; 合并字库; GB2312,3
2236,擅,25797,U+64C5,追加字库; 合并字库; GB2312,3
2237,操,25805,U+64CD,追加字库; 合并字库; GB2312,3
2238,擎,25806,U+64CE,追加字库; 合并字库; GB2312,3
2239,擐,25808,U+64D0,追加字库; 合并字库; GB2312,3
2240,擒,25810,U+64D2,追加字库; 合并字库; GB2312,3
2241,擗,25815,U+64D7,追加字库; 合并字库; GB2312,3
2242,擘,25816,U+64D8,追加字库; 合并字库; GB2312,3
2243,擞,25822,U+64DE,追加字库; 合并字库; GB2312,3
2244,擢,25826,U+64E2,追加字库; 合并字库; GB2312,3
2245,擤,25828,U+64E4,追加字库; 合并字库; GB2312,3
2246,擦,25830,U+64E6,追加字库; 合并字库; GB2312,3
2247,攀,25856,U+6500,合并字库; GB2312,2
2248,攉,25865,U+6509,追加字库; 合并字库; GB2312,3
2249,攒,25874,U+6512,追加字库; 合并字库; GB2312,3
2250,攘,25880,U+6518,追加字库; 合并字库; GB2312,3
2251,攥,25893,U+6525,追加字库; 合并字库; GB2312,3
2252,攫,25899,U+652B,追加字库; 合并字库; GB2312,3
2253,攮,25902,U+652E,追加字库; 合并字库; GB2312,3
2254,支,25903,U+652F,追加字库; 合并字库; GB2312,3
2255,攴,25908,U+6534,追加字库; 合并字库; GB2312,3
2256,攵,25909,U+6535,追加字库; 合并字库; GB2312,3
2257,收,25910,U+6536,合并字库; GB2312,2
2258,攸,25912,U+6538,追加字库; 合并字库; GB2312,3
2259,改,25913,U+6539,追加字库; 合并字库; GB2312,3
2260,攻,25915,U+653B,追加字库; 合并字库; GB2312,3
2261,放,25918,U+653E,合并字库; GB2312,2
2262,政,25919,U+653F,追加字库; 合并字库; GB2312,3
2263,故,25925,U+6545,合并字库; GB2312,2
2264,效,25928,U+6548,追加字库; 合并字库; GB2312,3
2265,敉,25929,U+6549,追加字库; 合并字库; GB2312,3
2266,敌,25932,U+654C,追加字库; 合并字库; GB2312,3
2267,敏,25935,U+654F,追加字库; 合并字库; GB2312,3
2268,救,25937,U+6551,合并字库; GB2312,2
2269,敕,25941,U+6555,追加字库; 合并字库; GB2312,3
2270,敖,25942,U+6556,追加字库; 合并字库; GB2312,3
2271,教,25945,U+6559,追加字库; 合并字库; GB2312,3
2272,敛,25947,U+655B,追加字库; 合并字库; GB2312,3
2273,敝,25949,U+655D,追加字库; 合并字库; GB2312,3
2274,敞,25950,U+655E,追加字库; 合并字库; GB2312,3
2275,敢,25954,U+6562,追加字库; 合并字库; GB2312,3
2276,散,25955,U+6563,追加字库; 合并字库; GB2312,3
2277,敦,25958,U+6566,合并字库; GB2312,2
2278,敫,25963,U+656B,追加字库; 合并字库; GB2312,3
2279,敬,25964,U+656C,追加字库; 合并字库; GB2312,3
2280,数,25968,U+6570,合并字库; GB2312,2
2281,敲,25970,U+6572,追加字库; 合并字库; GB2312,3
2282,整,25972,U+6574,合并字库; GB2312,2
2283,敷,25975,U+6577,追加字库; 合并字库; GB2312,3
2284,文,25991,U+6587,合并字库; GB2312,2
2285,斋,25995,U+658B,追加字库; 合并字库; GB2312,3
2286,斌,25996,U+658C,追加字库; 合并字库; GB2312,3
2287,斐,26000,U+6590,追加字库; 合并字库; GB2312,3
2288,斑,26001,U+6591,追加字库; 合并字库; GB2312,3
2289,斓,26003,U+6593,追加字库; 合并字库; GB2312,3
2290,斗,26007,U+6597,合并字库; GB2312,2
2291,料,26009,U+6599,追加字库; 合并字库; GB2312,3
2292,斛,26011,U+659B,追加字库; 合并字库; GB2312,3
2293,斜,26012,U+659C,追加字库; 合并字库; GB2312,3
2294,斟,26015,U+659F,追加字库; 合并字库; GB2312,3
2295,斡,26017,U+65A1,追加字库; 合并字库; GB2312,3
2296,斤,26020,U+65A4,追加字库; 合并字库; GB2312,3
2297,斥,26021,U+65A5,追加字库; 合并字库; GB2312,3
2298,斧,26023,U+65A7,追加字库; 合并字库; GB2312,3
2299,斩,26025,U+65A9,追加字库; 合并字库; GB2312,3
2300,斫,26027,U+65AB,追加字库; 合并字库; GB2312,3
2301,断,26029,U+65AD,合并字库; GB2312,2
2302,斯,26031,U+65AF,合并字库; GB2312,2
2303,新,26032,U+65B0,合并字库; GB2312,2
2304,方,26041,U+65B9,合并字库; GB2312,2
2305,於,26044,U+65BC,追加字库; 合并字库; GB2312,3
2306,施,26045,U+65BD,合并字库; GB2312,2
2307,旁,26049,U+65C1,追加字库; 合并字库; GB2312,3
2308,旃,26051,U+65C3,追加字库; 合并字库; GB2312,3
2309,旄,26052,U+65C4,追加字库; 合并字库; GB2312,3
2310,旅,26053,U+65C5,合并字库; GB2312,2
2311,旆,26054,U+65C6,追加字库; 合并字库; GB2312,3
2312,旋,26059,U+65CB,追加字库; 合并字库; GB2312,3
2313,旌,26060,U+65CC,追加字库; 合并字库; GB2312,3
2314,旎,26062,U+65CE,追加字库; 合并字库; GB2312,3
2315,族,26063,U+65CF,合并字库; GB2312,2
2316,旒,26066,U+65D2,追加字库; 合并字库; GB2312,3
2317,旖,26070,U+65D6,追加字库; 合并字库; GB2312,3
2318,旗,26071,U+65D7,合并字库; GB2312,2
2319,无,26080,U+65E0,合并字库; GB2312,2
2320,既,26082,U+65E2,追加字库; 合并字库; GB2312,3
2321,日,26085,U+65E5,合并字库; GB2312,2
2322,旦,26086,U+65E6,追加字库; 合并字库; GB2312,3
2323,旧,26087,U+65E7,合并字库; GB2312,2
2324,旨,26088,U+65E8,追加字库; 合并字库; GB2312,3
2325,早,26089,U+65E9,合并字库; GB2312,2
2326,旬,26092,U+65EC,追加字库; 合并字库; GB2312,3
2327,旭,26093,U+65ED,追加字库; 合并字库; GB2312,3
2328,旮,26094,U+65EE,追加字库; 合并字库; GB2312,3
2329,旯,26095,U+65EF,追加字库; 合并字库; GB2312,3
2330,旰,26096,U+65F0,追加字库; 合并字库; GB2312,3
2331,旱,26097,U+65F1,追加字库; 合并字库; GB2312,3
2332,时,26102,U+65F6,合并字库; GB2312,2
2333,旷,26103,U+65F7,追加字库; 合并字库; GB2312,3
2334,旺,26106,U+65FA,合并字库; GB2312,2
2335,昀,26112,U+6600,追加字库; 合并字库; GB2312,3
2336,昂,26114,U+6602,追加字库; 合并字库; GB2312,3
2337,昃,26115,U+6603,追加字库; 合并字库; GB2312,3
2338,昆,26118,U+6606,合并字库; GB2312,2
2339,昊,26122,U+660A,追加字库; 合并字库; GB2312,3
2340,昌,26124,U+660C,合并字库; GB2312,2
2341,明,26126,U+660E,合并字库; GB2312,2
2342,昏,26127,U+660F,合并字库; GB2312,2
2343,易,26131,U+6613,合并字库; GB2312,2
2344,昔,26132,U+6614,合并字库; GB2312,2
2345,昕,26133,U+6615,追加字库; 合并字库; GB2312,3
2346,昙,26137,U+6619,追加字库; 合并字库; GB2312,3
2347,昝,26141,U+661D,合并字库; GB2312,2
2348,星,26143,U+661F,合并字库; GB2312,2
2349,映,26144,U+6620,追加字库; 合并字库; GB2312,3
2350,春,26149,U+6625,合并字库; GB2312,2
2351,昧,26151,U+6627,追加字库; 合并字库; GB2312,3
2352,昨,26152,U+6628,追加字库; 合并字库; GB2312,3
2353,昭,26157,U+662D,合并字库; GB2312,2
2354,是,26159,U+662F,合并字库; GB2312,2
2355,昱,26161,U+6631,追加字库; 合并字库; GB2312,3
2356,昴,26164,U+6634,追加字库; 合并字库; GB2312,3
2357,昵,26165,U+6635,追加字库; 合并字库; GB2312,3
2358,昶,26166,U+6636,追加字库; 合并字库; GB2312,3
2359,昼,26172,U+663C,追加字库; 合并字库; GB2312,3
2360,显,26174,U+663E,合并字库; GB2312,2
2361,晁,26177,U+6641,追加字库; 合并字库; GB2312,3
2362,晃,26179,U+6643,追加字库; 合并字库; GB2312,3
2363,晋,26187,U+664B,合并字库; GB2312,2
2364,晌,26188,U+664C,追加字库; 合并字库; GB2312,3
2365,晏,26191,U+664F,追加字库; 合并字库; GB2312,3
2366,晒,26194,U+6652,追加字库; 合并字库; GB2312,3
2367,晓,26195,U+6653,追加字库; 合并字库; GB2312,3
2368,晔,26196,U+6654,追加字库; 合并字库; GB2312,3
2369,晕,26197,U+6655,追加字库; 合并字库; GB2312,3
2370,晖,26198,U+6656,追加字库; 合并字库; GB2312,3
2371,晗,26199,U+6657,追加字库; 合并字库; GB2312,3
2372,晚,26202,U+665A,合并字库; GB2312,2
2373,晟,26207,U+665F,追加字库; 合并字库; GB2312,3
2374,晡,26209,U+6661,追加字库; 合并字库; GB2312,3
2375,晤,26212,U+6664,追加字库; 合并字库; GB2312,3
2376,晦,26214,U+6666,追加字库; 合并字库; GB2312,3
2377,晨,26216,U+6668,合并字库; GB2312,2
2378,普,26222,U+666E,合并字库; GB2312,2
2379,景,26223,U+666F,合并字库; GB2312,2
2380,晰,26224,U+6670,追加字库; 合并字库; GB2312,3
2381,晴,26228,U+6674,合并字库; GB2312,2
2382,晶,26230,U+6676,追加字库; 合并字库; GB2312,3
2383,晷,26231,U+6677,追加字库; 合并字库; GB2312,3
2384,智,26234,U+667A,追加字库; 合并字库; GB2312,3
2385,晾,26238,U+667E,追加字库; 合并字库; GB2312,3
2386,暂,26242,U+6682,合并字库; GB2312,2
2387,暄,26244,U+6684,追加字库; 合并字库; GB2312,3
2388,暇,26247,U+6687,追加字库; 合并字库; GB2312,3
2389,暌,26252,U+668C,追加字库; 合并字库; GB2312,3
2390,暑,26257,U+6691,追加字库; 合并字库; GB2312,3
2391,暖,26262,U+6696,追加字库; 合并字库; GB2312,3
2392,暗,26263,U+6697,合并字库; GB2312,2
2393,暝,26269,U+669D,追加字库; 合并字库; GB2312,3
2394,暧,26279,U+66A7,追加字库; 合并字库; GB2312,3
2395,暨,26280,U+66A8,合并字库; GB2312,2
2396,暮,26286,U+66AE,追加字库; 合并字库; GB2312,3
2397,暴,26292,U+66B4,追加字库; 合并字库; GB2312,3
2398,暹,26297,U+66B9,追加字库; 合并字库; GB2312,3
2399,暾,26302,U+66BE,追加字库; 合并字库; GB2312,3
2400,曙,26329,U+66D9,合并字库; GB2312,2
2401,曛,26331,U+66DB,追加字库; 合并字库; GB2312,3
2402,曜,26332,U+66DC,追加字库; 合并字库; GB2312,3
2403,曝,26333,U+66DD,追加字库; 合并字库; GB2312,3
2404,曦,26342,U+66E6,追加字库; 合并字库; GB2312,3
2405,曩,26345,U+66E9,追加字库; 合并字库; GB2312,3
2406,曰,26352,U+66F0,追加字库; 合并字库; GB2312,3
2407,曲,26354,U+66F2,合并字库; GB2312,2
2408,曳,26355,U+66F3,追加字库; 合并字库; GB2312,3
2409,更,26356,U+66F4,合并字库; GB2312,2
2410,曷,26359,U+66F7,追加字库; 合并字库; GB2312,3
2411,曹,26361,U+66F9,合并字库; GB2312,2
2412,曼,26364,U+66FC,追加字库; 合并字库; GB2312,3
2413,曾,26366,U+66FE,合并字库; GB2312,2
2414,替,26367,U+66FF,追加字库; 合并字库; GB2312,3
2415,最,26368,U+6700,合并字库; GB2312,2
2416,月,26376,U+6708,合并字库; GB2312,2
2417,有,26377,U+6709,合并字库; GB2312,2
2418,朊,26378,U+670A,追加字库; 合并字库; GB2312,3
2419,朋,26379,U+670B,合并字库; GB2312,2
2420,服,26381,U+670D,合并字库; GB2312,2
2421,朐,26384,U+6710,合并字库; GB2312,2
2422,朔,26388,U+6714,合并字库; GB2312,2
2423,朕,26389,U+6715,追加字库; 合并字库; GB2312,3
2424,朗,26391,U+6717,合并字库; GB2312,2
2425,望,26395,U+671B,合并字库; GB2312,2
2426,朝,26397,U+671D,合并字库; GB2312,2
2427,期,26399,U+671F,追加字库; 合并字库; GB2312,3
2428,朦,26406,U+6726,追加字库; 合并字库; GB2312,3
2429,木,26408,U+6728,合并字库; GB2312,2
2430,未,26410,U+672A,合并字库; GB2312,2
2431,末,26411,U+672B,追加字库; 合并字库; GB2312,3
2432,本,26412,U+672C,合并字库; GB2312,2
2433,札,26413,U+672D,追加字库; 合并字库; GB2312,3
2434,术,26415,U+672F,合并字库; GB2312,2
2435,朱,26417,U+6731,合并字库; GB2312,2
2436,朴,26420,U+6734,追加字库; 合并字库; GB2312,3
2437,朵,26421,U+6735,合并字库; GB2312,2
2438,机,26426,U+673A,合并字库; GB2312,2
2439,朽,26429,U+673D,追加字库; 合并字库; GB2312,3
2440,杀,26432,U+6740,追加字库; 合并字库; GB2312,3
2441,杂,26434,U+6742,追加字库; 合并字库; GB2312,3
2442,权,26435,U+6743,合并字库; GB2312,2
2443,杆,26438,U+6746,追加字库; 合并字库; GB2312,3
2444,杈,26440,U+6748,追加字库; 合并字库; GB2312,3
2445,杉,26441,U+6749,追加字库; 合并字库; GB2312,3
2446,杌,26444,U+674C,追加字库; 合并字库; GB2312,3
2447,李,26446,U+674E,合并字库; GB2312,2
2448,杏,26447,U+674F,追加字库; 合并字库; GB2312,3
2449,材,26448,U+6750,追加字库; 合并字库; GB2312,3
2450,村,26449,U+6751,合并字库; GB2312,2
2451,杓,26451,U+6753,追加字库; 合并字库; GB2312,3
2452,杖,26454,U+6756,追加字库; 合并字库; GB2312,3
2453,杜,26460,U+675C,合并字库; GB2312,2
2454,杞,26462,U+675E,合并字库; GB2312,2
2455,束,26463,U+675F,追加字库; 合并字库; GB2312,3
2456,杠,26464,U+6760,追加字库; 合并字库; GB2312,3
2457,条,26465,U+6761,合并字库; GB2312,2
2458,来,26469,U+6765,合并字库; GB2312,2
2459,杨,26472,U+6768,合并字库; GB2312,2
2460,杩,26473,U+6769,追加字库; 合并字库; GB2312,3
2461,杪,26474,U+676A,追加字库; 合并字库; GB2312,3
2462,杭,26477,U+676D,合并字库; GB2312,2
2463,杯,26479,U+676F,追加字库; 合并字库; GB2312,3
2464,杰,26480,U+6770,追加字库; 合并字库; GB2312,3
2465,杲,26482,U+6772,追加字库; 合并字库; GB2312,3
2466,杳,26483,U+6773,追加字库; 合并字库; GB2312,3
2467,杵,26485,U+6775,追加字库; 合并字库; GB2312,3
2468,杷,26487,U+6777,追加字库; 合并字库; GB2312,3
2469,杼,26492,U+677C,追加字库; 合并字库; GB2312,3
2470,松,26494,U+677E,合并字库; GB2312,2
2471,板,26495,U+677F,合并字库; GB2312,2
2472,极,26497,U+6781,合并字库; GB2312,2
2473,构,26500,U+6784,追加字库; 合并字库; GB2312,3
2474,枇,26503,U+6787,追加字库; 合并字库; GB2312,3
2475,枉,26505,U+6789,追加字库; 合并字库; GB2312,3
2476,枋,26507,U+678B,追加字库; 合并字库; GB2312,3
2477,析,26512,U+6790,追加字库; 合并字库; GB2312,3
2478,枕,26517,U+6795,追加字库; 合并字库; GB2312,3
2479,林,26519,U+6797,合并字库; GB2312,2
2480,枘,26520,U+6798,追加字库; 合并字库; GB2312,3
2481,枚,26522,U+679A,追加字库; 合并字库; GB2312,3
2482,果,26524,U+679C,合并字库; GB2312,2
2483,枝,26525,U+679D,合并字库; GB2312,2
2484,枞,26526,U+679E,追加字库; 合并字库; GB2312,3
2485,枢,26530,U+67A2,追加字库; 合并字库; GB2312,3
2486,枣,26531,U+67A3,合并字库; GB2312,2
2487,枥,26533,U+67A5,追加字库; 合并字库; GB2312,3
2488,枧,26535,U+67A7,追加字库; 合并字库; GB2312,3
2489,枨,26536,U+67A8,追加字库; 合并字库; GB2312,3
2490,枪,26538,U+67AA,追加字库; 合并字库; GB2312,3
2491,枫,26539,U+67AB,追加字库; 合并字库; GB2312,3
2492,枭,26541,U+67AD,追加字库; 合并字库; GB2312,3
2493,枯,26543,U+67AF,追加字库; 合并字库; GB2312,3
2494,枰,26544,U+67B0,追加字库; 合并字库; GB2312,3
2495,枳,26547,U+67B3,追加字库; 合并字库; GB2312,3
2496,枵,26549,U+67B5,追加字库; 合并字库; GB2312,3
2497,架,26550,U+67B6,追加字库; 合并字库; GB2312,3
2498,枷,26551,U+67B7,追加字库; 合并字库; GB2312,3
2499,枸,26552,U+67B8,追加字库; 合并字库; GB2312,3
2500,柁,26561,U+67C1,追加字库; 合并字库; GB2312,3
2501,柃,26563,U+67C3,追加字库; 合并字库; GB2312,3
2502,柄,26564,U+67C4,追加字库; 合并字库; GB2312,3
2503,柏,26575,U+67CF,合并字库; GB2312,2
2504,某,26576,U+67D0,追加字库; 合并字库; GB2312,3
2505,柑,26577,U+67D1,追加字库; 合并字库; GB2312,3
2506,柒,26578,U+67D2,追加字库; 合并字库; GB2312,3
2507,染,26579,U+67D3,追加字库; 合并字库; GB2312,3
2508,柔,26580,U+67D4,追加字库; 合并字库; GB2312,3
2509,柘,26584,U+67D8,追加字库; 合并字库; GB2312,3
2510,柙,26585,U+67D9,追加字库; 合并字库; GB2312,3
2511,柚,26586,U+67DA,追加字库; 合并字库; GB2312,3
2512,柜,26588,U+67DC,追加字库; 合并字库; GB2312,3
2513,柝,26589,U+67DD,追加字库; 合并字库; GB2312,3
2514,柞,26590,U+67DE,追加字库; 合并字库; GB2312,3
2515,柠,26592,U+67E0,追加字库; 合并字库; GB2312,3
2516,柢,26594,U+67E2,追加字库; 合并字库; GB2312,3
2517,查,26597,U+67E5,合并字库; GB2312,2
2518,柩,26601,U+67E9,追加字库; 合并字库; GB2312,3
2519,柬,26604,U+67EC,追加字库; 合并字库; GB2312,3
2520,柯,26607,U+67EF,追加字库; 合并字库; GB2312,3
2521,柰,26608,U+67F0,追加字库; 合并字库; GB2312,3
2522,柱,26609,U+67F1,合并字库; GB2312,2
2523,柳,26611,U+67F3,合并字库; GB2312,2
2524,柴,26612,U+67F4,合并字库; GB2312,2
2525,柽,26621,U+67FD,追加字库; 合并字库; GB2312,3
2526,柿,26623,U+67FF,追加字库; 合并字库; GB2312,3
2527,栀,26624,U+6800,追加字库; 合并字库; GB2312,3
2528,栅,26629,U+6805,追加字库; 合并字库; GB2312,3
2529,标,26631,U+6807,合并字库; GB2312,2
2530,栈,26632,U+6808,追加字库; 合并字库; GB2312,3
2531,栉,26633,U+6809,追加字库; 合并字库; GB2312,3
2532,栊,26634,U+680A,追加字库; 合并字库; GB2312,3
2533,栋,26635,U+680B,合并字库; GB2312,2
2534,栌,26636,U+680C,追加字库; 合并字库; GB2312,3
2535,栎,26638,U+680E,追加字库; 合并字库; GB2312,3
2536,栏,26639,U+680F,合并字库; GB2312,2
2537,树,26641,U+6811,合并字库; GB2312,2
2538,栓,26643,U+6813,追加字库; 合并字库; GB2312,3
2539,栖,26646,U+6816,追加字库; 合并字库; GB2312,3
2540,栗,26647,U+6817,追加字库; 合并字库; GB2312,3
2541,栝,26653,U+681D,追加字库; 合并字库; GB2312,3
2542,校,26657,U+6821,合并字库; GB2312,2
2543,栩,26665,U+6829,追加字库; 合并字库; GB2312,3
2544,株,26666,U+682A,合并字库; GB2312,2
2545,栲,26674,U+6832,追加字库; 合并字库; GB2312,3
2546,栳,26675,U+6833,追加字库; 合并字库; GB2312,3
2547,样,26679,U+6837,合并字库; GB2312,2
2548,核,26680,U+6838,追加字库; 合并字库; GB2312,3
2549,根,26681,U+6839,追加字库; 追加字库; 合并字库; GB2312,4
2550,格,26684,U+683C,合并字库; GB2312,2
2551,栽,26685,U+683D,追加字库; 合并字库; GB2312,3
2552,栾,26686,U+683E,合并字库; GB2312,2
2553,桀,26688,U+6840,追加字库; 合并字库; GB2312,3
2554,桁,26689,U+6841,追加字库; 合并字库; GB2312,3
2555,桂,26690,U+6842,合并字库; GB2312,2
2556,桃,26691,U+6843,合并字库; GB2312,2
2557,桄,26692,U+6844,追加字库; 合并字库; GB2312,3
2558,桅,26693,U+6845,追加字库; 合并字库; GB2312,3
2559,框,26694,U+6846,追加字库; 合并字库; GB2312,3
2560,案,26696,U+6848,追加字库; 合并字库; GB2312,3
2561,桉,26697,U+6849,追加字库; 合并字库; GB2312,3
2562,桊,26698,U+684A,追加字库; 合并字库; GB2312,3
2563,桌,26700,U+684C,追加字库; 合并字库; GB2312,3
2564,桎,26702,U+684E,追加字库; 合并字库; GB2312,3
2565,桐,26704,U+6850,合并字库; GB2312,2
2566,桑,26705,U+6851,合并字库; GB2312,2
2567,桓,26707,U+6853,合并字库; GB2312,2
2568,桔,26708,U+6854,追加字库; 合并字库; GB2312,3
2569,桕,26709,U+6855,追加字库; 合并字库; GB2312,3
2570,桠,26720,U+6860,追加字库; 合并字库; GB2312,3
2571,桡,26721,U+6861,追加字库; 合并字库; GB2312,3
2572,桢,26722,U+6862,追加字库; 合并字库; GB2312,3
2573,档,26723,U+6863,追加字库; 合并字库; GB2312,3
2574,桤,26724,U+6864,追加字库; 合并字库; GB2312,3
2575,桥,26725,U+6865,合并字库; GB2312,2
2576,桦,26726,U+6866,合并字库; GB2312,2
2577,桧,26727,U+6867,追加字库; 合并字库; GB2312,3
2578,桨,26728,U+6868,追加字库; 合并字库; GB2312,3
2579,桩,26729,U+6869,追加字库; 合并字库; GB2312,3
2580,桫,26731,U+686B,追加字库; 合并字库; GB2312,3
2581,桴,26740,U+6874,追加字库; 合并字库; GB2312,3
2582,桶,26742,U+6876,追加字库; 合并字库; GB2312,3
2583,桷,26743,U+6877,追加字库; 合并字库; GB2312,3
2584,梁,26753,U+6881,合并字库; GB2312,2
2585,梃,26755,U+6883,追加字库; 合并字库; GB2312,3
2586,梅,26757,U+6885,合并字库; GB2312,2
2587,梆,26758,U+6886,追加字库; 合并字库; GB2312,3
2588,梏,26767,U+688F,追加字库; 合并字库; GB2312,3
2589,梓,26771,U+6893,合并字库; GB2312,2
2590,梗,26775,U+6897,追加字库; 合并字库; GB2312,3
2591,梢,26786,U+68A2,追加字库; 合并字库; GB2312,3
2592,梦,26790,U+68A6,追加字库; 合并字库; GB2312,3
2593,梧,26791,U+68A7,合并字库; GB2312,2
2594,梨,26792,U+68A8,合并字库; GB2312,2
2595,梭,26797,U+68AD,追加字库; 合并字库; GB2312,3
2596,梯,26799,U+68AF,合并字库; GB2312,2
2597,械,26800,U+68B0,追加字库; 合并字库; GB2312,3
2598,梳,26803,U+68B3,追加字库; 合并字库; GB2312,3
2599,梵,26805,U+68B5,追加字库; 合并字库; GB2312,3
2600,检,26816,U+68C0,合并字库; GB2312,2
2601,棂,26818,U+68C2,追加字库; 合并字库; GB2312,3
2602,棉,26825,U+68C9,合并字库; GB2312,2
2603,棋,26827,U+68CB,追加字库; 合并字库; GB2312,3
2604,棍,26829,U+68CD,追加字库; 合并字库; GB2312,3
2605,棒,26834,U+68D2,追加字库; 合并字库; GB2312,3
2606,棕,26837,U+68D5,追加字库; 合并字库; GB2312,3
2607,棘,26840,U+68D8,追加字库; 合并字库; GB2312,3
2608,棚,26842,U+68DA,追加字库; 合并字库; GB2312,3
2609,棠,26848,U+68E0,追加字库; 合并字库; GB2312,3
2610,棣,26851,U+68E3,追加字库; 合并字库; GB2312,3
2611,森,26862,U+68EE,追加字库; 合并字库; GB2312,3
2612,棰,26864,U+68F0,追加字库; 合并字库; GB2312,3
2613,棱,26865,U+68F1,追加字库; 合并字库; GB2312,3
2614,棵,26869,U+68F5,追加字库; 合并字库; GB2312,3
2615,棹,26873,U+68F9,追加字库; 合并字库; GB2312,3
2616,棺,26874,U+68FA,追加字库; 合并字库; GB2312,3
2617,棼,26876,U+68FC,追加字库; 合并字库; GB2312,3
2618,椁,26881,U+6901,追加字库; 合并字库; GB2312,3
2619,椅,26885,U+6905,追加字库; 合并字库; GB2312,3
2620,椋,26891,U+690B,追加字库; 合并字库; GB2312,3
2621,植,26893,U+690D,追加字库; 合并字库; GB2312,3
2622,椎,26894,U+690E,追加字库; 合并字库; GB2312,3
2623,椐,26896,U+6910,追加字库; 合并字库; GB2312,3
2624,椒,26898,U+6912,合并字库; GB2312,2
2625,椟,26911,U+691F,追加字库; 合并字库; GB2312,3
2626,椠,26912,U+6920,追加字库; 合并字库; GB2312,3
2627,椤,26916,U+6924,追加字库; 合并字库; GB2312,3
2628,椭,26925,U+692D,追加字库; 合并字库; GB2312,3
2629,椰,26928,U+6930,追加字库; 合并字库; GB2312,3
2630,椴,26932,U+6934,追加字库; 合并字库; GB2312,3
2631,椹,26937,U+6939,追加字库; 合并字库; GB2312,3
2632,椽,26941,U+693D,追加字库; 合并字库; GB2312,3
2633,椿,26943,U+693F,追加字库; 合并字库; GB2312,3
2634,楂,26946,U+6942,追加字库; 合并字库; GB2312,3
2635,楔,26964,U+6954,追加字库; 合并字库; GB2312,3
2636,楗,26967,U+6957,追加字库; 合并字库; GB2312,3
2637,楚,26970,U+695A,合并字库; GB2312,2
2638,楝,26973,U+695D,追加字库; 合并字库; GB2312,3
2639,楞,26974,U+695E,追加字库; 合并字库; GB2312,3
2640,楠,26976,U+6960,追加字库; 合并字库; GB2312,3
2641,楣,26979,U+6963,追加字库; 合并字库; GB2312,3
2642,楦,26982,U+6966,追加字库; 合并字库; GB2312,3
2643,楫,26987,U+696B,追加字库; 合并字库; GB2312,3
2644,楮,26990,U+696E,追加字库; 合并字库; GB2312,3
2645,楱,26993,U+6971,追加字库; 合并字库; GB2312,3
2646,楷,26999,U+6977,追加字库; 合并字库; GB2312,3
2647,楸,27000,U+6978,追加字库; 合并字库; GB2312,3
2648,楹,27001,U+6979,追加字库; 合并字库; GB2312,3
2649,楼,27004,U+697C,合并字库; GB2312,2
2650,榀,27008,U+6980,追加字库; 合并字库; GB2312,3
2651,概,27010,U+6982,追加字库; 合并字库; GB2312,3
2652,榄,27012,U+6984,合并字库; GB2312,2
2653,榆,27014,U+6986,合并字库; GB2312,2
2654,榇,27015,U+6987,追加字库; 合并字库; GB2312,3
2655,榈,27016,U+6988,追加字库; 合并字库; GB2312,3
2656,榉,27017,U+6989,追加字库; 合并字库; GB2312,3
2657,榍,27021,U+698D,追加字库; 合并字库; GB2312,3
2658,榔,27028,U+6994,追加字库; 合并字库; GB2312,3
2659,榕,27029,U+6995,合并字库; GB2312,2
2660,榘,27032,U+6998,追加字库; 合并字库; GB2312,3
2661,榛,27035,U+699B,追加字库; 合并字库; GB2312,3
2662,榜,27036,U+699C,合并字库; GB2312,2
2663,榧,27047,U+69A7,追加字库; 合并字库; GB2312,3
2664,榨,27048,U+69A8,追加字库; 合并字库; GB2312,3
2665,榫,27051,U+69AB,追加字库; 合并字库; GB2312,3
2666,榭,27053,U+69AD,追加字库; 合并字库; GB2312,3
2667,榱,27057,U+69B1,追加字库; 合并字库; GB2312,3
2668,榴,27060,U+69B4,追加字库; 合并字库; GB2312,3
2669,榷,27063,U+69B7,追加字库; 合并字库; GB2312,3
2670,榻,27067,U+69BB,追加字库; 合并字库; GB2312,3
2671,槁,27073,U+69C1,追加字库; 合并字库; GB2312,3
2672,槊,27082,U+69CA,追加字库; 合并字库; GB2312,3
2673,槌,27084,U+69CC,追加字库; 合并字库; GB2312,3
2674,槎,27086,U+69CE,追加字库; 合并字库; GB2312,3
2675,槐,27088,U+69D0,追加字库; 合并字库; GB2312,3
2676,槔,27092,U+69D4,追加字库; 合并字库; GB2312,3
2677,槛,27099,U+69DB,追加字库; 合并字库; GB2312,3
2678,槟,27103,U+69DF,追加字库; 合并字库; GB2312,3
2679,槠,27104,U+69E0,追加字库; 合并字库; GB2312,3
2680,槭,27117,U+69ED,追加字库; 合并字库; GB2312,3
2681,槲,27122,U+69F2,追加字库; 合并字库; GB2312,3
2682,槽,27133,U+69FD,追加字库; 合并字库; GB2312,3
2683,槿,27135,U+69FF,追加字库; 合并字库; GB2312,3
2684,樊,27146,U+6A0A,追加字库; 合并字库; GB2312,3
2685,樗,27159,U+6A17,追加字库; 合并字库; GB2312,3
2686,樘,27160,U+6A18,追加字库; 合并字库; GB2312,3
2687,樟,27167,U+6A1F,合并字库; GB2312,2
2688,模,27169,U+6A21,合并字库; GB2312,2
2689,樨,27176,U+6A28,追加字库; 合并字库; GB2312,3
2690,横,27178,U+6A2A,合并字库; GB2312,2
2691,樯,27183,U+6A2F,追加字库; 合并字库; GB2312,3
2692,樱,27185,U+6A31,追加字库; 合并字库; GB2312,3
2693,樵,27189,U+6A35,合并字库; GB2312,2
2694,樽,27197,U+6A3D,追加字库; 合并字库; GB2312,3
2695,樾,27198,U+6A3E,追加字库; 合并字库; GB2312,3
2696,橄,27204,U+6A44,追加字库; 合并字库; GB2312,3
2697,橇,27207,U+6A47,追加字库; 合并字库; GB2312,3
2698,橐,27216,U+6A50,追加字库; 合并字库; GB2312,3
2699,橘,27224,U+6A58,追加字库; 合并字库; GB2312,3
2700,橙,27225,U+6A59,合并字库; GB2312,2
2701,橛,27227,U+6A5B,追加字库; 合并字库; GB2312,3
2702,橡,27233,U+6A61,追加字库; 合并字库; GB2312,3
2703,橥,27237,U+6A65,追加字库; 合并字库; GB2312,3
2704,橱,27249,U+6A71,追加字库; 合并字库; GB2312,3
2705,橹,27257,U+6A79,追加字库; 合并字库; GB2312,3
2706,橼,27260,U+6A7C,追加字库; 合并字库; GB2312,3
2707,檀,27264,U+6A80,追加字库; 合并字库; GB2312,3
2708,檄,27268,U+6A84,追加字库; 合并字库; GB2312,3
2709,檎,27278,U+6A8E,追加字库; 合并字库; GB2312,3
2710,檐,27280,U+6A90,追加字库; 合并字库; GB2312,3
2711,檑,27281,U+6A91,追加字库; 合并字库; GB2312,3
2712,檗,27287,U+6A97,追加字库; 合并字库; GB2312,3
2713,檠,27296,U+6AA0,追加字库; 合并字库; GB2312,3
2714,檩,27305,U+6AA9,追加字库; 合并字库; GB2312,3
2715,檫,27307,U+6AAB,追加字库; 合并字库; GB2312,3
2716,檬,27308,U+6AAC,追加字库; 合并字库; GB2312,3
2717,欠,27424,U+6B20,追加字库; 合并字库; GB2312,3
2718,次,27425,U+6B21,追加字库; 追加字库; 合并字库; GB2312,4
2719,欢,27426,U+6B22,追加字库; 合并字库; GB2312,3
2720,欣,27427,U+6B23,追加字库; 合并字库; GB2312,3
2721,欤,27428,U+6B24,追加字库; 合并字库; GB2312,3
2722,欧,27431,U+6B27,追加字库; 合并字库; GB2312,3
2723,欲,27442,U+6B32,合并字库; GB2312,2
2724,欷,27447,U+6B37,追加字库; 合并字库; GB2312,3
2725,欹,27449,U+6B39,追加字库; 合并字库; GB2312,3
2726,欺,27450,U+6B3A,追加字库; 合并字库; GB2312,3
2727,款,27454,U+6B3E,追加字库; 合并字库; GB2312,3
2728,歃,27459,U+6B43,追加字库; 合并字库; GB2312,3
2729,歆,27462,U+6B46,追加字库; 合并字库; GB2312,3
2730,歇,27463,U+6B47,追加字库; 合并字库; GB2312,3
2731,歉,27465,U+6B49,追加字库; 合并字库; GB2312,3
2732,歌,27468,U+6B4C,合并字库; GB2312,2
2733,歙,27481,U+6B59,追加字库; 合并字库; GB2312,3
2734,止,27490,U+6B62,合并字库; GB2312,2
2735,正,27491,U+6B63,合并字库; GB2312,2
2736,此,27492,U+6B64,追加字库; 合并字库; GB2312,3
2737,步,27493,U+6B65,合并字库; GB2312,2
2738,武,27494,U+6B66,合并字库; GB2312,2
2739,歧,27495,U+6B67,追加字库; 合并字库; GB2312,3
2740,歪,27498,U+6B6A,追加字库; 合并字库; GB2312,3
2741,歹,27513,U+6B79,追加字库; 合并字库; GB2312,3
2742,死,27515,U+6B7B,追加字库; 合并字库; GB2312,3
2743,歼,27516,U+6B7C,追加字库; 合并字库; GB2312,3
2744,殁,27521,U+6B81,追加字库; 合并字库; GB2312,3
2745,殂,27522,U+6B82,追加字库; 合并字库; GB2312,3
2746,殃,27523,U+6B83,追加字库; 合并字库; GB2312,3
2747,殄,27524,U+6B84,追加字库; 合并字库; GB2312,3
2748,殆,27526,U+6B86,追加字库; 合并字库; GB2312,3
2749,殇,27527,U+6B87,追加字库; 合并字库; GB2312,3
2750,殉,27529,U+6B89,追加字库; 合并字库; GB2312,3
2751,殊,27530,U+6B8A,追加字库; 合并字库; GB2312,3
2752,残,27531,U+6B8B,追加字库; 合并字库; GB2312,3
2753,殍,27533,U+6B8D,追加字库; 合并字库; GB2312,3
2754,殒,27538,U+6B92,追加字库; 合并字库; GB2312,3
2755,殓,27539,U+6B93,追加字库; 合并字库; GB2312,3
2756,殖,27542,U+6B96,追加字库; 合并字库; GB2312,3
2757,殚,27546,U+6B9A,追加字库; 合并字库; GB2312,3
2758,殛,27547,U+6B9B,追加字库; 合并字库; GB2312,3
2759,殡,27553,U+6BA1,追加字库; 合并字库; GB2312,3
2760,殪,27562,U+6BAA,追加字库; 合并字库; GB2312,3
2761,殳,27571,U+6BB3,追加字库; 合并字库; GB2312,3
2762,殴,27572,U+6BB4,追加字库; 合并字库; GB2312,3
2763,段,27573,U+6BB5,合并字库; GB2312,2
2764,殷,27575,U+6BB7,追加字库; 合并字库; GB2312,3
2765,殿,27583,U+6BBF,追加字库; 合并字库; GB2312,3
2766,毁,27585,U+6BC1,追加字库; 合并字库; GB2312,3
2767,毂,27586,U+6BC2,追加字库; 合并字库; GB2312,3
2768,毅,27589,U+6BC5,追加字库; 合并字库; GB2312,3
2769,毋,27595,U+6BCB,追加字库; 合并字库; GB2312,3
2770,母,27597,U+6BCD,追加字库; 合并字库; GB2312,3
2771,每,27599,U+6BCF,合并字库; GB2312,2
2772,毒,27602,U+6BD2,追加字库; 合并字库; GB2312,3
2773,毓,27603,U+6BD3,追加字库; 合并字库; GB2312,3
2774,比,27604,U+6BD4,合并字库; GB2312,2
2775,毕,27605,U+6BD5,合并字库; GB2312,2
2776,毖,27606,U+6BD6,追加字库; 合并字库; GB2312,3
2777,毗,27607,U+6BD7,追加字库; 合并字库; GB2312,3
2778,毙,27609,U+6BD9,追加字库; 合并字库; GB2312,3
2779,毛,27611,U+6BDB,合并字库; GB2312,2
2780,毡,27617,U+6BE1,追加字库; 合并字库; GB2312,3
2781,毪,27626,U+6BEA,追加字库; 合并字库; GB2312,3
2782,毫,27627,U+6BEB,追加字库; 合并字库; GB2312,3
2783,毯,27631,U+6BEF,追加字库; 合并字库; GB2312,3
2784,毳,27635,U+6BF3,追加字库; 合并字库; GB2312,3
2785,毵,27637,U+6BF5,追加字库; 合并字库; GB2312,3
2786,毹,27641,U+6BF9,追加字库; 合并字库; GB2312,3
2787,毽,27645,U+6BFD,追加字库; 合并字库; GB2312,3
2788,氅,27653,U+6C05,追加字库; 合并字库; GB2312,3
2789,氆,27654,U+6C06,追加字库; 合并字库; GB2312,3
2790,氇,27655,U+6C07,追加字库; 合并字库; GB2312,3
2791,氍,27661,U+6C0D,追加字库; 合并字库; GB2312,3
2792,氏,27663,U+6C0F,合并字库; GB2312,2
2793,氐,27664,U+6C10,追加字库; 合并字库; GB2312,3
2794,民,27665,U+6C11,合并字库; GB2312,2
2795,氓,27667,U+6C13,追加字库; 合并字库; GB2312,3
2796,气,27668,U+6C14,追加字库; 合并字库; GB2312,3
2797,氕,27669,U+6C15,追加字库; 合并字库; GB2312,3
2798,氖,27670,U+6C16,追加字库; 合并字库; GB2312,3
2799,氘,27672,U+6C18,追加字库; 合并字库; GB2312,3
2800,氙,27673,U+6C19,追加字库; 合并字库; GB2312,3
2801,氚,27674,U+6C1A,追加字库; 合并字库; GB2312,3
2802,氛,27675,U+6C1B,追加字库; 合并字库; GB2312,3
2803,氟,27679,U+6C1F,追加字库; 合并字库; GB2312,3
2804,氡,27681,U+6C21,追加字库; 合并字库; GB2312,3
2805,氢,27682,U+6C22,追加字库; 合并字库; GB2312,3
2806,氤,27684,U+6C24,追加字库; 合并字库; GB2312,3
2807,氦,27686,U+6C26,追加字库; 合并字库; GB2312,3
2808,氧,27687,U+6C27,追加字库; 合并字库; GB2312,3
2809,氨,27688,U+6C28,追加字库; 合并字库; GB2312,3
2810,氩,27689,U+6C29,追加字库; 合并字库; GB2312,3
2811,氪,27690,U+6C2A,追加字库; 合并字库; GB2312,3
2812,氮,27694,U+6C2E,追加字库; 合并字库; GB2312,3
2813,氯,27695,U+6C2F,追加字库; 合并字库; GB2312,3
2814,氰,27696,U+6C30,追加字库; 合并字库; GB2312,3
2815,氲,27698,U+6C32,追加字库; 合并字库; GB2312,3
2816,水,27700,U+6C34,合并字库; GB2312,2
2817,氵,27701,U+6C35,追加字库; 合并字库; GB2312,3
2818,永,27704,U+6C38,合并字库; GB2312,2
2819,氽,27709,U+6C3D,追加字库; 合并字库; GB2312,3
2820,汀,27712,U+6C40,追加字库; 合并字库; GB2312,3
2821,汁,27713,U+6C41,追加字库; 合并字库; GB2312,3
2822,求,27714,U+6C42,追加字库; 合并字库; GB2312,3
2823,汆,27718,U+6C46,追加字库; 合并字库; GB2312,3
2824,汇,27719,U+6C47,合并字库; GB2312,2
2825,汉,27721,U+6C49,追加字库; 合并字库; GB2312,3
2826,汊,27722,U+6C4A,追加字库; 合并字库; GB2312,3
2827,汐,27728,U+6C50,追加字库; 合并字库; GB2312,3
2828,汔,27732,U+6C54,追加字库; 合并字库; GB2312,3
2829,汕,27733,U+6C55,合并字库; GB2312,2
2830,汗,27735,U+6C57,追加字库; 合并字库; GB2312,3
2831,汛,27739,U+6C5B,追加字库; 合并字库; GB2312,3
2832,汜,27740,U+6C5C,追加字库; 合并字库; GB2312,3
2833,汝,27741,U+6C5D,合并字库; GB2312,2
2834,汞,27742,U+6C5E,追加字库; 合并字库; GB2312,3
2835,江,27743,U+6C5F,合并字库; GB2312,2
2836,池,27744,U+6C60,合并字库; GB2312,2
2837,污,27745,U+6C61,追加字库; 合并字库; GB2312,3
2838,汤,27748,U+6C64,合并字库; GB2312,2
2839,汨,27752,U+6C68,合并字库; GB2312,2
2840,汩,27753,U+6C69,追加字库; 合并字库; GB2312,3
2841,汪,27754,U+6C6A,追加字库; 合并字库; GB2312,3
2842,汰,27760,U+6C70,追加字库; 合并字库; GB2312,3
2843,汲,27762,U+6C72,追加字库; 合并字库; GB2312,3
2844,汴,27764,U+6C74,追加字库; 合并字库; GB2312,3
2845,汶,27766,U+6C76,追加字库; 合并字库; GB2312,3
2846,汹,27769,U+6C79,追加字库; 合并字库; GB2312,3
2847,汽,27773,U+6C7D,合并字库; GB2312,2
2848,汾,27774,U+6C7E,合并字库; GB2312,2
2849,沁,27777,U+6C81,合并字库; GB2312,2
2850,沂,27778,U+6C82,合并字库; GB2312,2
2851,沃,27779,U+6C83,追加字库; 合并字库; GB2312,3
2852,沅,27781,U+6C85,合并字库; GB2312,2
2853,沆,27782,U+6C86,追加字库; 合并字库; GB2312,3
2854,沈,27784,U+6C88,合并字库; GB2312,2
2855,沉,27785,U+6C89,追加字库; 合并字库; GB2312,3
2856,沌,27788,U+6C8C,追加字库; 合并字库; GB2312,3
2857,沏,27791,U+6C8F,追加字库; 合并字库; GB2312,3
2858,沐,27792,U+6C90,追加字库; 合并字库; GB2312,3
2859,沓,27795,U+6C93,追加字库; 合并字库; GB2312,3
2860,沔,27796,U+6C94,追加字库; 合并字库; GB2312,3
2861,沙,27801,U+6C99,合并字库; GB2312,2
2862,沛,27803,U+6C9B,合并字库; GB2312,2
2863,沟,27807,U+6C9F,合并字库; GB2312,2
2864,没,27809,U+6CA1,合并字库; GB2312,2
2865,沣,27811,U+6CA3,追加字库; 合并字库; GB2312,3
2866,沤,27812,U+6CA4,追加字库; 合并字库; GB2312,3
2867,沥,27813,U+6CA5,追加字库; 合并字库; GB2312,3
2868,沦,27814,U+6CA6,追加字库; 合并字库; GB2312,3
2869,沧,27815,U+6CA7,合并字库; GB2312,2
2870,沩,27817,U+6CA9,追加字库; 合并字库; GB2312,3
2871,沪,27818,U+6CAA,合并字库; GB2312,2
2872,沫,27819,U+6CAB,追加字库; 合并字库; GB2312,3
2873,沭,27821,U+6CAD,合并字库; GB2312,2
2874,沮,27822,U+6CAE,追加字库; 合并字库; GB2312,3
2875,沱,27825,U+6CB1,追加字库; 合并字库; GB2312,3
2876,沲,27826,U+6CB2,追加字库; 合并字库; GB2312,3
2877,河,27827,U+6CB3,合并字库; GB2312,2
2878,沸,27832,U+6CB8,追加字库; 合并字库; GB2312,3
2879,油,27833,U+6CB9,合并字库; GB2312,2
2880,治,27835,U+6CBB,合并字库; GB2312,2
2881,沼,27836,U+6CBC,追加字库; 合并字库; GB2312,3
2882,沽,27837,U+6CBD,合并字库; GB2312,2
2883,沾,27838,U+6CBE,合并字库; GB2312,2
2884,沿,27839,U+6CBF,追加字库; 合并字库; GB2312,3
2885,泄,27844,U+6CC4,追加字库; 合并字库; GB2312,3
2886,泅,27845,U+6CC5,追加字库; 合并字库; GB2312,3
2887,泉,27849,U+6CC9,合并字库; GB2312,2
2888,泊,27850,U+6CCA,合并字库; GB2312,2
2889,泌,27852,U+6CCC,追加字库; 合并字库; GB2312,3
2890,泐,27856,U+6CD0,追加字库; 合并字库; GB2312,3
2891,泓,27859,U+6CD3,追加字库; 合并字库; GB2312,3
2892,泔,27860,U+6CD4,追加字库; 合并字库; GB2312,3
2893,法,27861,U+6CD5,合并字库; GB2312,2
2894,泖,27862,U+6CD6,追加字库; 合并字库; GB2312,3
2895,泗,27863,U+6CD7,合并字库; GB2312,2
2896,泛,27867,U+6CDB,追加字库; 合并字库; GB2312,3
2897,泞,27870,U+6CDE,追加字库; 合并字库; GB2312,3
2898,泠,27872,U+6CE0,追加字库; 合并字库; GB2312,3
2899,泡,27873,U+6CE1,追加字库; 合并字库; GB2312,3
2900,波,27874,U+6CE2,合并字库; GB2312,2
2901,泣,27875,U+6CE3,追加字库; 合并字库; GB2312,3
2902,泥,27877,U+6CE5,追加字库; 合并字库; GB2312,3
2903,注,27880,U+6CE8,追加字库; 合并字库; GB2312,3
2904,泪,27882,U+6CEA,追加字库; 合并字库; GB2312,3
2905,泫,27883,U+6CEB,追加字库; 合并字库; GB2312,3
2906,泮,27886,U+6CEE,合并字库; GB2312,2
2907,泯,27887,U+6CEF,追加字库; 合并字库; GB2312,3
2908,泰,27888,U+6CF0,合并字库; GB2312,2
2909,泱,27889,U+6CF1,追加字库; 合并字库; GB2312,3
2910,泳,27891,U+6CF3,追加字库; 合并字库; GB2312,3
2911,泵,27893,U+6CF5,追加字库; 合并字库; GB2312,3
2912,泶,27894,U+6CF6,追加字库; 合并字库; GB2312,3
2913,泷,27895,U+6CF7,追加字库; 合并字库; GB2312,3
2914,泸,27896,U+6CF8,合并字库; GB2312,2
2915,泺,27898,U+6CFA,追加字库; 合并字库; GB2312,3
2916,泻,27899,U+6CFB,追加字库; 合并字库; GB2312,3
2917,泼,27900,U+6CFC,追加字库; 合并字库; GB2312,3
2918,泽,27901,U+6CFD,合并字库; GB2312,2
2919,泾,27902,U+6CFE,合并字库; GB2312,2
2920,洁,27905,U+6D01,追加字库; 合并字库; GB2312,3
2921,洄,27908,U+6D04,追加字库; 合并字库; GB2312,3
2922,洇,27911,U+6D07,追加字库; 合并字库; GB2312,3
2923,洈,27912,U+6D08,合并字库,1
2924,洋,27915,U+6D0B,合并字库; GB2312,2
2925,洌,27916,U+6D0C,追加字库; 合并字库; GB2312,3
2926,洎,27918,U+6D0E,追加字库; 合并字库; GB2312,3
2927,洒,27922,U+6D12,追加字库; 合并字库; GB2312,3
2928,洗,27927,U+6D17,追加字库; 合并字库; GB2312,3
2929,洙,27929,U+6D19,追加字库; 合并字库; GB2312,3
2930,洚,27930,U+6D1A,追加字库; 合并字库; GB2312,3
2931,洛,27931,U+6D1B,合并字库; GB2312,2
2932,洞,27934,U+6D1E,合并字库; GB2312,2
2933,津,27941,U+6D25,合并字库; GB2312,2
2934,洧,27943,U+6D27,追加字库; 合并字库; GB2312,3
2935,洪,27946,U+6D2A,合并字库; GB2312,2
2936,洫,27947,U+6D2B,追加字库; 合并字库; GB2312,3
2937,洮,27950,U+6D2E,追加字库; 合并字库; GB2312,3
2938,洱,27953,U+6D31,合并字库; GB2312,2
2939,洲,27954,U+6D32,合并字库; GB2312,2
2940,洳,27955,U+6D33,追加字库; 合并字库; GB2312,3
2941,洵,27957,U+6D35,追加字库; 合并字库; GB2312,3
2942,洹,27961,U+6D39,追加字库; 合并字库; GB2312,3
2943,活,27963,U+6D3B,追加字库; 合并字库; GB2312,3
2944,洼,27964,U+6D3C,追加字库; 合并字库; GB2312,3
2945,洽,27965,U+6D3D,追加字库; 合并字库; GB2312,3
2946,派,27966,U+6D3E,追加字库; 合并字库; GB2312,3
2947,流,27969,U+6D41,合并字库; GB2312,2
2948,浃,27971,U+6D43,追加字库; 合并字库; GB2312,3
2949,浅,27973,U+6D45,合并字库; GB2312,2
2950,浆,27974,U+6D46,追加字库; 合并字库; GB2312,3
2951,浇,27975,U+6D47,追加字库; 合并字库; GB2312,3
2952,浈,27976,U+6D48,追加字库; 合并字库; GB2312,3
2953,浊,27978,U+6D4A,追加字库; 合并字库; GB2312,3
2954,测,27979,U+6D4B,合并字库; GB2312,2
2955,浍,27981,U+6D4D,追加字库; 合并字库; GB2312,3
2956,济,27982,U+6D4E,合并字库; GB2312,2
2957,浏,27983,U+6D4F,合并字库; GB2312,2
2958,浑,27985,U+6D51,追加字库; 合并字库; GB2312,3
2959,浒,27986,U+6D52,追加字库; 合并字库; GB2312,3
2960,浓,27987,U+6D53,合并字库; GB2312,2
2961,浔,27988,U+6D54,追加字库; 合并字库; GB2312,3
2962,浙,27993,U+6D59,合并字库; GB2312,2
2963,浚,27994,U+6D5A,追加字库; 合并字库; GB2312,3
2964,浜,27996,U+6D5C,追加字库; 合并字库; GB2312,3
2965,浞,27998,U+6D5E,追加字库; 合并字库; GB2312,3
2966,浠,28000,U+6D60,追加字库; 合并字库; GB2312,3
2967,浣,28003,U+6D63,追加字库; 合并字库; GB2312,3
2968,浦,28006,U+6D66,合并字库; GB2312,2
2969,浩,28009,U+6D69,合并字库; GB2312,2
2970,浪,28010,U+6D6A,合并字库; GB2312,2
2971,浮,28014,U+6D6E,合并字库; GB2312,2
2972,浯,28015,U+6D6F,追加字库; 合并字库; GB2312,3
2973,浴,28020,U+6D74,追加字库; 合并字库; GB2312,3
2974,海,28023,U+6D77,合并字库; GB2312,2
2975,浸,28024,U+6D78,追加字库; 合并字库; GB2312,3
2976,浼,28028,U+6D7C,追加字库; 合并字库; GB2312,3
2977,涂,28034,U+6D82,追加字库; 合并字库; GB2312,3
2978,涅,28037,U+6D85,追加字库; 合并字库; GB2312,3
2979,消,28040,U+6D88,合并字库; GB2312,2
2980,涉,28041,U+6D89,合并字库; GB2312,2
2981,涌,28044,U+6D8C,追加字库; 合并字库; GB2312,3
2982,涎,28046,U+6D8E,追加字库; 合并字库; GB2312,3
2983,涑,28049,U+6D91,追加字库; 合并字库; GB2312,3
2984,涓,28051,U+6D93,追加字库; 合并字库; GB2312,3
2985,涔,28052,U+6D94,追加字库; 合并字库; GB2312,3
2986,涕,28053,U+6D95,追加字库; 合并字库; GB2312,3
2987,涛,28059,U+6D9B,追加字库; 合并字库; GB2312,3
2988,涝,28061,U+6D9D,追加字库; 合并字库; GB2312,3
2989,涞,28062,U+6D9E,合并字库; GB2312,2
2990,涟,28063,U+6D9F,合并字库; GB2312,2
2991,涠,28064,U+6DA0,追加字库; 合并字库; GB2312,3
2992,涡,28065,U+6DA1,合并字库; GB2312,2
2993,涣,28067,U+6DA3,追加字库; 合并字库; GB2312,3
2994,涤,28068,U+6DA4,追加字库; 合并字库; GB2312,3
2995,润,28070,U+6DA6,合并字库; GB2312,2
2996,涧,28071,U+6DA7,追加字库; 合并字库; GB2312,3
2997,涨,28072,U+6DA8,追加字库; 合并字库; GB2312,3
2998,涩,28073,U+6DA9,追加字库; 合并字库; GB2312,3
2999,涪,28074,U+6DAA,追加字库; 合并字库; GB2312,3
3000,涫,28075,U+6DAB,追加字库; 合并字库; GB2312,3
3001,涮,28078,U+6DAE,追加字库; 合并字库; GB2312,3
3002,涯,28079,U+6DAF,追加字库; 合并字库; GB2312,3
3003,液,28082,U+6DB2,追加字库; 合并字库; GB2312,3
3004,涵,28085,U+6DB5,追加字库; 合并字库; GB2312,3
3005,涸,28088,U+6DB8,追加字库; 合并字库; GB2312,3
3006,涿,28095,U+6DBF,合并字库; GB2312,2
3007,淀,28096,U+6DC0,追加字库; 合并字库; GB2312,3
3008,淄,28100,U+6DC4,合并字库; GB2312,2
3009,淅,28101,U+6DC5,追加字库; 合并字库; GB2312,3
3010,淆,28102,U+6DC6,追加字库; 合并字库; GB2312,3
3011,淇,28103,U+6DC7,追加字库; 合并字库; GB2312,3
3012,淋,28107,U+6DCB,追加字库; 合并字库; GB2312,3
3013,淌,28108,U+6DCC,追加字库; 合并字库; GB2312,3
3014,淑,28113,U+6DD1,追加字库; 合并字库; GB2312,3
3015,淖,28118,U+6DD6,追加字库; 合并字库; GB2312,3
3016,淘,28120,U+6DD8,追加字库; 合并字库; GB2312,3
3017,淙,28121,U+6DD9,追加字库; 合并字库; GB2312,3
3018,淝,28125,U+6DDD,追加字库; 合并字库; GB2312,3
3019,淞,28126,U+6DDE,追加字库; 合并字库; GB2312,3
3020,淠,28128,U+6DE0,追加字库; 合并字库; GB2312,3
3021,淡,28129,U+6DE1,合并字库; GB2312,2
3022,淤,28132,U+6DE4,追加字库; 合并字库; GB2312,3
3023,淦,28134,U+6DE6,追加字库; 合并字库; GB2312,3
3024,淫,28139,U+6DEB,追加字库; 合并字库; GB2312,3
3025,淬,28140,U+6DEC,追加字库; 合并字库; GB2312,3
3026,淮,28142,U+6DEE,合并字库; GB2312,2
3027,深,28145,U+6DF1,合并字库; GB2312,2
3028,淳,28147,U+6DF3,追加字库; 合并字库; GB2312,3
3029,混,28151,U+6DF7,追加字库; 合并字库; GB2312,3
3030,淹,28153,U+6DF9,追加字库; 合并字库; GB2312,3
3031,添,28155,U+6DFB,合并字库; GB2312,2
3032,淼,28156,U+6DFC,合并字库; GB2312,2
3033,清,28165,U+6E05,合并字库; GB2312,2
3034,渊,28170,U+6E0A,追加字库; 合并字库; GB2312,3
3035,渌,28172,U+6E0C,追加字库; 合并字库; GB2312,3
3036,渍,28173,U+6E0D,追加字库; 合并字库; GB2312,3
3037,渎,28174,U+6E0E,追加字库; 合并字库; GB2312,3
3038,渐,28176,U+6E10,追加字库; 合并字库; GB2312,3
3039,渑,28177,U+6E11,合并字库; GB2312,2
3040,渔,28180,U+6E14,追加字库; 合并字库; GB2312,3
3041,渖,28182,U+6E16,追加字库; 合并字库; GB2312,3
3042,渗,28183,U+6E17,追加字库; 合并字库; GB2312,3
3043,渚,28186,U+6E1A,追加字库; 合并字库; GB2312,3
3044,渝,28189,U+6E1D,合并字库; GB2312,2
3045,渠,28192,U+6E20,合并字库; GB2312,2
3046,渡,28193,U+6E21,追加字库; 合并字库; GB2312,3
3047,渣,28195,U+6E23,追加字库; 合并字库; GB2312,3
3048,渤,28196,U+6E24,追加字库; 合并字库; GB2312,3
3049,渥,28197,U+6E25,追加字库; 合并字库; GB2312,3
3050,温,28201,U+6E29,合并字库; GB2312,2
3051,渫,28203,U+6E2B,追加字库; 合并字库; GB2312,3
3052,渭,28205,U+6E2D,合并字库; GB2312,2
3053,港,28207,U+6E2F,合并字库; GB2312,2
3054,渲,28210,U+6E32,追加字库; 合并字库; GB2312,3
3055,渴,28212,U+6E34,追加字库; 合并字库; GB2312,3
3056,游,28216,U+6E38,追加字库; 合并字库; GB2312,3
3057,渺,28218,U+6E3A,追加字库; 合并字库; GB2312,3
3058,湃,28227,U+6E43,追加字库; 合并字库; GB2312,3
3059,湄,28228,U+6E44,合并字库; GB2312,2
3060,湍,28237,U+6E4D,追加字库; 合并字库; GB2312,3
3061,湎,28238,U+6E4E,追加字库; 合并字库; GB2312,3
3062,湓,28243,U+6E53,追加字库; 合并字库; GB2312,3
3063,湔,28244,U+6E54,追加字库; 合并字库; GB2312,3
3064,湖,28246,U+6E56,合并字库; GB2312,2
3065,湘,28248,U+6E58,合并字库; GB2312,2
3066,湛,28251,U+6E5B,合并字库; GB2312,2
3067,湟,28255,U+6E5F,追加字库; 合并字库; GB2312,3
3068,湫,28267,U+6E6B,追加字库; 合并字库; GB2312,3
3069,湮,28270,U+6E6E,追加字库; 合并字库; GB2312,3
3070,湾,28286,U+6E7E,合并字库; GB2312,2
3071,湿,28287,U+6E7F,合并字库; GB2312,2
3072,溃,28291,U+6E83,追加字库; 合并字库; GB2312,3
3073,溅,28293,U+6E85,追加字库; 合并字库; GB2312,3
3074,溆,28294,U+6E86,合并字库; GB2312,2
3075,溉,28297,U+6E89,追加字库; 合并字库; GB2312,3
3076,溏,28303,U+6E8F,追加字库; 合并字库; GB2312,3
3077,源,28304,U+6E90,合并字库; GB2312,2
3078,溘,28312,U+6E98,追加字库; 合并字库; GB2312,3
3079,溜,28316,U+6E9C,追加字库; 合并字库; GB2312,3
3080,溟,28319,U+6E9F,追加字库; 合并字库; GB2312,3
3081,溢,28322,U+6EA2,追加字库; 合并字库; GB2312,3
3082,溥,28325,U+6EA5,追加字库; 合并字库; GB2312,3
3083,溧,28327,U+6EA7,合并字库; GB2312,2
3084,溪,28330,U+6EAA,合并字库; GB2312,2
3085,溯,28335,U+6EAF,追加字库; 合并字库; GB2312,3
3086,溱,28337,U+6EB1,追加字库; 合并字库; GB2312,3
3087,溲,28338,U+6EB2,追加字库; 合并字库; GB2312,3
3088,溴,28340,U+6EB4,追加字库; 合并字库; GB2312,3
3089,溶,28342,U+6EB6,追加字库; 合并字库; GB2312,3
3090,溷,28343,U+6EB7,追加字库; 合并字库; GB2312,3
3091,溺,28346,U+6EBA,追加字库; 合并字库; GB2312,3
3092,溻,28347,U+6EBB,追加字库; 合并字库; GB2312,3
3093,溽,28349,U+6EBD,追加字库; 合并字库; GB2312,3
3094,滁,28353,U+6EC1,合并字库; GB2312,2
3095,滂,28354,U+6EC2,追加字库; 合并字库; GB2312,3
3096,滇,28359,U+6EC7,合并字库; GB2312,2
3097,滋,28363,U+6ECB,合并字库; GB2312,2
3098,滏,28367,U+6ECF,追加字库; 合并字库; GB2312,3
3099,滑,28369,U+6ED1,合并字库; GB2312,2
3100,滓,28371,U+6ED3,追加字库; 合并字库; GB2312,3
3101,滔,28372,U+6ED4,合并字库; GB2312,2
3102,滕,28373,U+6ED5,合并字库; GB2312,2
3103,滗,28375,U+6ED7,追加字库; 合并字库; GB2312,3
3104,滚,28378,U+6EDA,追加字库; 合并字库; GB2312,3
3105,滞,28382,U+6EDE,追加字库; 合并字库; GB2312,3
3106,滟,28383,U+6EDF,追加字库; 合并字库; GB2312,3
3107,滠,28384,U+6EE0,追加字库; 合并字库; GB2312,3
3108,满,28385,U+6EE1,合并字库; GB2312,2
3109,滢,28386,U+6EE2,追加字库; 合并字库; GB2312,3
3110,滤,28388,U+6EE4,追加字库; 合并字库; GB2312,3
3111,滥,28389,U+6EE5,追加字库; 合并字库; GB2312,3
3112,滦,28390,U+6EE6,合并字库; GB2312,2
3113,滨,28392,U+6EE8,合并字库; GB2312,2
3114,滩,28393,U+6EE9,合并字库; GB2312,2
3115,滴,28404,U+6EF4,追加字库; 合并字库; GB2312,3
3116,滹,28409,U+6EF9,追加字库; 合并字库; GB2312,3
3117,漂,28418,U+6F02,追加字库; 合并字库; GB2312,3
3118,漆,28422,U+6F06,合并字库; GB2312,2
3119,漉,28425,U+6F09,追加字库; 合并字库; GB2312,3
3120,漏,28431,U+6F0F,追加字库; 合并字库; GB2312,3
3121,漓,28435,U+6F13,追加字库; 合并字库; GB2312,3
3122,演,28436,U+6F14,合并字库; GB2312,2
3123,漕,28437,U+6F15,追加字库; 合并字库; GB2312,3
3124,漠,28448,U+6F20,合并字库; GB2312,2
3125,漤,28452,U+6F24,追加字库; 合并字库; GB2312,3
3126,漩,28457,U+6F29,追加字库; 合并字库; GB2312,3
3127,漪,28458,U+6F2A,追加字库; 合并字库; GB2312,3
3128,漫,28459,U+6F2B,追加字库; 合并字库; GB2312,3
3129,漭,28461,U+6F2D,追加字库; 合并字库; GB2312,3
3130,漯,28463,U+6F2F,合并字库; GB2312,2
3131,漱,28465,U+6F31,追加字库; 合并字库; GB2312,3
3132,漳,28467,U+6F33,合并字库; GB2312,2
3133,漶,28470,U+6F36,追加字库; 合并字库; GB2312,3
3134,漾,28478,U+6F3E,追加字库; 合并字库; GB2312,3
3135,潆,28486,U+6F46,追加字库; 合并字库; GB2312,3
3136,潇,28487,U+6F47,追加字库; 合并字库; GB2312,3
3137,潋,28491,U+6F4B,追加字库; 合并字库; GB2312,3
3138,潍,28493,U+6F4D,合并字库; GB2312,2
3139,潘,28504,U+6F58,合并字库; GB2312,2
3140,潜,28508,U+6F5C,合并字库; GB2312,2
3141,潞,28510,U+6F5E,追加字库; 合并字库; GB2312,3
3142,潢,28514,U+6F62,合并字库; GB2312,2
3143,潦,28518,U+6F66,追加字库; 合并字库; GB2312,3
3144,潭,28525,U+6F6D,合并字库; GB2312,2
3145,潮,28526,U+6F6E,合并字库; GB2312,2
3146,潲,28530,U+6F72,追加字库; 合并字库; GB2312,3
3147,潴,28532,U+6F74,追加字库; 合并字库; GB2312,3
3148,潸,28536,U+6F78,追加字库; 合并字库; GB2312,3
3149,潺,28538,U+6F7A,追加字库; 合并字库; GB2312,3
3150,潼,28540,U+6F7C,合并字库; GB2312,2
3151,澄,28548,U+6F84,追加字库; 合并字库; GB2312,3
3152,澈,28552,U+6F88,追加字库; 合并字库; GB2312,3
3153,澉,28553,U+6F89,追加字库; 合并字库; GB2312,3
3154,澌,28556,U+6F8C,追加字库; 合并字库; GB2312,3
3155,澍,28557,U+6F8D,追加字库; 合并字库; GB2312,3
3156,澎,28558,U+6F8E,追加字库; 合并字库; GB2312,3
3157,澜,28572,U+6F9C,合并字库; GB2312,2
3158,澡,28577,U+6FA1,追加字库; 合并字库; GB2312,3
3159,澧,28583,U+6FA7,合并字库; GB2312,2
3160,澳,28595,U+6FB3,合并字库; GB2312,2
3161,澶,28598,U+6FB6,追加字库; 合并字库; GB2312,3
3162,澹,28601,U+6FB9,追加字库; 合并字库; GB2312,3
3163,激,28608,U+6FC0,追加字库; 合并字库; GB2312,3
3164,濂,28610,U+6FC2,追加字库; 合并字库; GB2312,3
3165,濉,28617,U+6FC9,追加字库; 合并字库; GB2312,3
3166,濑,28625,U+6FD1,追加字库; 合并字库; GB2312,3
3167,濒,28626,U+6FD2,追加字库; 合并字库; GB2312,3
3168,濞,28638,U+6FDE,追加字库; 合并字库; GB2312,3
3169,濠,28640,U+6FE0,追加字库; 合并字库; GB2312,3
3170,濡,28641,U+6FE1,追加字库; 合并字库; GB2312,3
3171,濮,28654,U+6FEE,合并字库; GB2312,2
3172,濯,28655,U+6FEF,追加字库; 合并字库; GB2312,3
3173,瀑,28689,U+7011,追加字库; 合并字库; GB2312,3
3174,瀚,28698,U+701A,追加字库; 合并字库; GB2312,3
3175,瀛,28699,U+701B,追加字库; 合并字库; GB2312,3
3176,瀣,28707,U+7023,合并字库; GB2312,2
3177,瀵,28725,U+7035,追加字库; 合并字库; GB2312,3
3178,瀹,28729,U+7039,追加字库; 合并字库; GB2312,3
3179,灌,28748,U+704C,合并字库; GB2312,2
3180,灏,28751,U+704F,追加字库; 合并字库; GB2312,3
3181,灞,28766,U+705E,追加字库; 合并字库; GB2312,3
3182,火,28779,U+706B,合并字库; GB2312,2
3183,灬,28780,U+706C,追加字库; 合并字库; GB2312,3
3184,灭,28781,U+706D,追加字库; 合并字库; GB2312,3
3185,灯,28783,U+706F,合并字库; GB2312,2
3186,灰,28784,U+7070,合并字库; GB2312,2
3187,灵,28789,U+7075,合并字库; GB2312,2
3188,灶,28790,U+7076,追加字库; 合并字库; GB2312,3
3189,灸,28792,U+7078,追加字库; 合并字库; GB2312,3
3190,灼,28796,U+707C,追加字库; 合并字库; GB2312,3
3191,灾,28798,U+707E,追加字库; 合并字库; GB2312,3
3192,灿,28799,U+707F,追加字库; 合并字库; GB2312,3
3193,炀,28800,U+7080,追加字库; 合并字库; GB2312,3
3194,炅,28805,U+7085,追加字库; 合并字库; GB2312,3
3195,炉,28809,U+7089,合并字库; GB2312,2
3196,炊,28810,U+708A,追加字库; 合并字库; GB2312,3
3197,炎,28814,U+708E,追加字库; 合并字库; GB2312,3
3198,炒,28818,U+7092,追加字库; 合并字库; GB2312,3
3199,炔,28820,U+7094,追加字库; 合并字库; GB2312,3
3200,炕,28821,U+7095,追加字库; 合并字库; GB2312,3
3201,炖,28822,U+7096,追加字库; 合并字库; GB2312,3
3202,炙,28825,U+7099,追加字库; 合并字库; GB2312,3
3203,炜,28828,U+709C,追加字库; 合并字库; GB2312,3
3204,炝,28829,U+709D,追加字库; 合并字库; GB2312,3
3205,炫,28843,U+70AB,追加字库; 合并字库; GB2312,3
3206,炬,28844,U+70AC,合并字库; GB2312,2
3207,炭,28845,U+70AD,追加字库; 合并字库; GB2312,3
3208,炮,28846,U+70AE,追加字库; 合并字库; GB2312,3
3209,炯,28847,U+70AF,追加字库; 合并字库; GB2312,3
3210,炱,28849,U+70B1,追加字库; 合并字库; GB2312,3
3211,炳,28851,U+70B3,追加字库; 合并字库; GB2312,3
3212,炷,28855,U+70B7,追加字库; 合并字库; GB2312,3
3213,炸,28856,U+70B8,追加字库; 合并字库; GB2312,3
3214,点,28857,U+70B9,合并字库; GB2312,2
3215,炻,28859,U+70BB,追加字库; 合并字库; GB2312,3
3216,炼,28860,U+70BC,追加字库; 合并字库; GB2312,3
3217,炽,28861,U+70BD,追加字库; 合并字库; GB2312,3
3218,烀,28864,U+70C0,追加字库; 合并字库; GB2312,3
3219,烁,28865,U+70C1,追加字库; 合并字库; GB2312,3
3220,烂,28866,U+70C2,追加字库; 合并字库; GB2312,3
3221,烃,28867,U+70C3,追加字库; 合并字库; GB2312,3
3222,烈,28872,U+70C8,追加字库; 合并字库; GB2312,3
3223,烊,28874,U+70CA,追加字库; 合并字库; GB2312,3
3224,烘,28888,U+70D8,追加字库; 合并字库; GB2312,3
3225,烙,28889,U+70D9,追加字库; 合并字库; GB2312,3
3226,烛,28891,U+70DB,追加字库; 合并字库; GB2312,3
3227,烟,28895,U+70DF,合并字库; GB2312,2
3228,烤,28900,U+70E4,追加字库; 合并字库; GB2312,3
3229,烦,28902,U+70E6,追加字库; 合并字库; GB2312,3
3230,烧,28903,U+70E7,追加字库; 合并字库; GB2312,3
3231,烨,28904,U+70E8,追加字库; 合并字库; GB2312,3
3232,烩,28905,U+70E9,追加字库; 合并字库; GB2312,3
3233,烫,28907,U+70EB,追加字库; 合并字库; GB2312,3
3234,烬,28908,U+70EC,追加字库; 合并字库; GB2312,3
3235,热,28909,U+70ED,合并字库; GB2312,2
3236,烯,28911,U+70EF,追加字库; 合并字库; GB2312,3
3237,烷,28919,U+70F7,追加字库; 合并字库; GB2312,3
3238,烹,28921,U+70F9,追加字库; 合并字库; GB2312,3
3239,烽,28925,U+70FD,合并字库; GB2312,2
3240,焉,28937,U+7109,追加字库; 合并字库; GB2312,3
3241,焊,28938,U+710A,追加字库; 合并字库; GB2312,3
3242,焐,28944,U+7110,追加字库; 合并字库; GB2312,3
3243,焓,28947,U+7113,追加字库; 合并字库; GB2312,3
3244,焕,28949,U+7115,追加字库; 合并字库; GB2312,3
3245,焖,28950,U+7116,追加字库; 合并字库; GB2312,3
3246,焘,28952,U+7118,追加字库; 合并字库; GB2312,3
3247,焙,28953,U+7119,追加字库; 合并字库; GB2312,3
3248,焚,28954,U+711A,追加字库; 合并字库; GB2312,3
3249,焦,28966,U+7126,合并字库; GB2312,2
3250,焯,28975,U+712F,追加字库; 合并字库; GB2312,3
3251,焰,28976,U+7130,追加字库; 合并字库; GB2312,3
3252,焱,28977,U+7131,追加字库; 合并字库; GB2312,3
3253,然,28982,U+7136,追加字库; 合并字库; GB2312,3
3254,煅,28997,U+7145,追加字库; 合并字库; GB2312,3
3255,煊,29002,U+714A,追加字库; 合并字库; GB2312,3
3256,煌,29004,U+714C,合并字库; GB2312,2
3257,煎,29006,U+714E,追加字库; 合并字库; GB2312,3
3258,煜,29020,U+715C,追加字库; 合并字库; GB2312,3
3259,煞,29022,U+715E,追加字库; 合并字库; GB2312,3
3260,煤,29028,U+7164,合并字库; GB2312,2
3261,煦,29030,U+7166,追加字库; 合并字库; GB2312,3
3262,照,29031,U+7167,合并字库; GB2312,2
3263,煨,29032,U+7168,追加字库; 合并字库; GB2312,3
3264,煮,29038,U+716E,追加字库; 合并字库; GB2312,3
3265,煲,29042,U+7172,追加字库; 合并字库; GB2312,3
3266,煳,29043,U+7173,追加字库; 合并字库; GB2312,3
3267,煸,29048,U+7178,追加字库; 合并字库; GB2312,3
3268,煺,29050,U+717A,追加字库; 合并字库; GB2312,3
3269,煽,29053,U+717D,追加字库; 合并字库; GB2312,3
3270,熄,29060,U+7184,追加字库; 合并字库; GB2312,3
3271,熊,29066,U+718A,合并字库; GB2312,2
3272,熏,29071,U+718F,追加字库; 合并字库; GB2312,3
3273,熔,29076,U+7194,追加字库; 合并字库; GB2312,3
3274,熘,29080,U+7198,追加字库; 合并字库; GB2312,3
3275,熙,29081,U+7199,合并字库; GB2312,2
3276,熟,29087,U+719F,合并字库; GB2312,2
3277,熠,29088,U+71A0,追加字库; 合并字库; GB2312,3
3278,熨,29096,U+71A8,追加字库; 合并字库; GB2312,3
3279,熬,29100,U+71AC,追加字库; 合并字库; GB2312,3
3280,熳,29107,U+71B3,追加字库; 合并字库; GB2312,3
3281,熵,29109,U+71B5,追加字库; 合并字库; GB2312,3
3282,熹,29113,U+71B9,追加字库; 合并字库; GB2312,3
3283,燃,29123,U+71C3,追加字库; 合并字库; GB2312,3
3284,燎,29134,U+71CE,追加字库; 合并字库; GB2312,3
3285,燔,29140,U+71D4,追加字库; 合并字库; GB2312,3
3286,燕,29141,U+71D5,合并字库; GB2312,2
3287,燠,29152,U+71E0,追加字库; 合并字库; GB2312,3
3288,燥,29157,U+71E5,追加字库; 合并字库; GB2312,3
3289,燧,29159,U+71E7,追加字库; 合并字库; GB2312,3
3290,燮,29166,U+71EE,追加字库; 合并字库; GB2312,3
3291,燹,29177,U+71F9,追加字库; 合并字库; GB2312,3
3292,爆,29190,U+7206,追加字库; 合并字库; GB2312,3
3293,爝,29213,U+721D,追加字库; 合并字库; GB2312,3
3294,爨,29224,U+7228,追加字库; 合并字库; GB2312,3
3295,爪,29226,U+722A,追加字库; 合并字库; GB2312,3
3296,爬,29228,U+722C,合并字库; GB2312,2
3297,爰,29232,U+7230,追加字库; 合并字库; GB2312,3
3298,爱,29233,U+7231,合并字库; GB2312,2
3299,爵,29237,U+7235,追加字库; 合并字库; GB2312,3
3300,父,29238,U+7236,追加字库; 合并字库; GB2312,3
3301,爷,29239,U+7237,追加字库; 合并字库; GB2312,3
3302,爸,29240,U+7238,追加字库; 合并字库; GB2312,3
3303,爹,29241,U+7239,追加字库; 合并字库; GB2312,3
3304,爻,29243,U+723B,追加字库; 合并字库; GB2312,3
3305,爽,29245,U+723D,追加字库; 合并字库; GB2312,3
3306,爿,29247,U+723F,追加字库; 合并字库; GB2312,3
3307,片,29255,U+7247,追加字库; 合并字库; GB2312,3
3308,版,29256,U+7248,合并字库; GB2312,2
3309,牌,29260,U+724C,追加字库; 合并字库; GB2312,3
3310,牍,29261,U+724D,追加字库; 合并字库; GB2312,3
3311,牒,29266,U+7252,追加字库; 合并字库; GB2312,3
3312,牖,29270,U+7256,追加字库; 合并字库; GB2312,3
3313,牙,29273,U+7259,追加字库; 合并字库; GB2312,3
3314,牛,29275,U+725B,合并字库; GB2312,2
3315,牝,29277,U+725D,追加字库; 合并字库; GB2312,3
3316,牟,29279,U+725F,合并字库; GB2312,2
3317,牡,29281,U+7261,合并字库; GB2312,2
3318,牢,29282,U+7262,追加字库; 合并字库; GB2312,3
3319,牦,29286,U+7266,追加字库; 合并字库; GB2312,3
3320,牧,29287,U+7267,追加字库; 合并字库; GB2312,3
3321,物,29289,U+7269,追加字库; 合并字库; GB2312,3
3322,牮,29294,U+726E,追加字库; 合并字库; GB2312,3
3323,牯,29295,U+726F,追加字库; 合并字库; GB2312,3
3324,牲,29298,U+7272,追加字库; 合并字库; GB2312,3
3325,牵,29301,U+7275,追加字库; 合并字库; GB2312,3
3326,特,29305,U+7279,合并字库; GB2312,2
3327,牺,29306,U+727A,追加字库; 合并字库; GB2312,3
3328,牾,29310,U+727E,追加字库; 合并字库; GB2312,3
3329,牿,29311,U+727F,追加字库; 合并字库; GB2312,3
3330,犀,29312,U+7280,追加字库; 合并字库; GB2312,3
3331,犁,29313,U+7281,追加字库; 合并字库; GB2312,3
3332,犄,29316,U+7284,追加字库; 合并字库; GB2312,3
3333,犊,29322,U+728A,追加字库; 合并字库; GB2312,3
3334,犋,29323,U+728B,追加字库; 合并字库; GB2312,3
3335,犍,29325,U+728D,追加字库; 合并字库; GB2312,3
3336,犏,29327,U+728F,追加字库; 合并字库; GB2312,3
3337,犒,29330,U+7292,追加字库; 合并字库; GB2312,3
3338,犟,29343,U+729F,追加字库; 合并字库; GB2312,3
3339,犬,29356,U+72AC,追加字库; 合并字库; GB2312,3
3340,犭,29357,U+72AD,追加字库; 合并字库; GB2312,3
3341,犯,29359,U+72AF,追加字库; 合并字库; GB2312,3
3342,犰,29360,U+72B0,追加字库; 合并字库; GB2312,3
3343,犴,29364,U+72B4,追加字库; 合并字库; GB2312,3
3344,状,29366,U+72B6,追加字库; 合并字库; GB2312,3
3345,犷,29367,U+72B7,追加字库; 合并字库; GB2312,3
3346,犸,29368,U+72B8,追加字库; 合并字库; GB2312,3
3347,犹,29369,U+72B9,追加字库; 合并字库; GB2312,3
3348,狁,29377,U+72C1,追加字库; 合并字库; GB2312,3
3349,狂,29378,U+72C2,追加字库; 合并字库; GB2312,3
3350,狃,29379,U+72C3,追加字库; 合并字库; GB2312,3
3351,狄,29380,U+72C4,追加字库; 合并字库; GB2312,3
3352,狈,29384,U+72C8,追加字库; 合并字库; GB2312,3
3353,狍,29389,U+72CD,追加字库; 合并字库; GB2312,3
3354,狎,29390,U+72CE,追加字库; 合并字库; GB2312,3
3355,狐,29392,U+72D0,合并字库; GB2312,2
3356,狒,29394,U+72D2,追加字库; 合并字库; GB2312,3
3357,狗,29399,U+72D7,合并字库; GB2312,2
3358,狙,29401,U+72D9,追加字库; 合并字库; GB2312,3
3359,狞,29406,U+72DE,追加字库; 合并字库; GB2312,3
3360,狠,29408,U+72E0,追加字库; 合并字库; GB2312,3
3361,狡,29409,U+72E1,追加字库; 合并字库; GB2312,3
3362,狨,29416,U+72E8,追加字库; 合并字库; GB2312,3
3363,狩,29417,U+72E9,追加字库; 合并字库; GB2312,3
3364,独,29420,U+72EC,合并字库; GB2312,2
3365,狭,29421,U+72ED,追加字库; 合并字库; GB2312,3
3366,狮,29422,U+72EE,合并字库; GB2312,2
3367,狯,29423,U+72EF,追加字库; 合并字库; GB2312,3
3368,狰,29424,U+72F0,追加字库; 合并字库; GB2312,3
3369,狱,29425,U+72F1,追加字库; 合并字库; GB2312,3
3370,狲,29426,U+72F2,追加字库; 合并字库; GB2312,3
3371,狳,29427,U+72F3,追加字库; 合并字库; GB2312,3
3372,狴,29428,U+72F4,追加字库; 合并字库; GB2312,3
3373,狷,29431,U+72F7,追加字库; 合并字库; GB2312,3
3374,狸,29432,U+72F8,追加字库; 合并字库; GB2312,3
3375,狺,29434,U+72FA,追加字库; 合并字库; GB2312,3
3376,狻,29435,U+72FB,追加字库; 合并字库; GB2312,3
3377,狼,29436,U+72FC,合并字库; GB2312,2
3378,猁,29441,U+7301,追加字库; 合并字库; GB2312,3
3379,猃,29443,U+7303,追加字库; 合并字库; GB2312,3
3380,猊,29450,U+730A,追加字库; 合并字库; GB2312,3
3381,猎,29454,U+730E,追加字库; 合并字库; GB2312,3
3382,猓,29459,U+7313,追加字库; 合并字库; GB2312,3
3383,猕,29461,U+7315,追加字库; 合并字库; GB2312,3
3384,猖,29462,U+7316,追加字库; 合并字库; GB2312,3
3385,猗,29463,U+7317,追加字库; 合并字库; GB2312,3
3386,猛,29467,U+731B,合并字库; GB2312,2
3387,猜,29468,U+731C,追加字库; 合并字库; GB2312,3
3388,猝,29469,U+731D,追加字库; 合并字库; GB2312,3
3389,猞,29470,U+731E,追加字库; 合并字库; GB2312,3
3390,猡,29473,U+7321,追加字库; 合并字库; GB2312,3
3391,猢,29474,U+7322,追加字库; 合并字库; GB2312,3
3392,猥,29477,U+7325,追加字库; 合并字库; GB2312,3
3393,猩,29481,U+7329,追加字库; 合并字库; GB2312,3
3394,猪,29482,U+732A,合并字库; GB2312,2
3395,猫,29483,U+732B,合并字库; GB2312,2
3396,猬,29484,U+732C,追加字库; 合并字库; GB2312,3
3397,献,29486,U+732E,合并字库; GB2312,2
3398,猱,29489,U+7331,追加字库; 合并字库; GB2312,3
3399,猴,29492,U+7334,追加字库; 合并字库; GB2312,3
3400,猷,29495,U+7337,追加字库; 合并字库; GB2312,3
3401,猸,29496,U+7338,追加字库; 合并字库; GB2312,3
3402,猹,29497,U+7339,追加字库; 合并字库; GB2312,3
3403,猾,29502,U+733E,追加字库; 合并字库; GB2312,3
3404,猿,29503,U+733F,追加字库; 合并字库; GB2312,3
3405,獍,29517,U+734D,追加字库; 合并字库; GB2312,3
3406,獐,29520,U+7350,追加字库; 合并字库; GB2312,3
3407,獒,29522,U+7352,追加字库; 合并字库; GB2312,3
3408,獗,29527,U+7357,追加字库; 合并字库; GB2312,3
3409,獠,29536,U+7360,追加字库; 合并字库; GB2312,3
3410,獬,29548,U+736C,追加字库; 合并字库; GB2312,3
3411,獭,29549,U+736D,追加字库; 合并字库; GB2312,3
3412,獯,29551,U+736F,追加字库; 合并字库; GB2312,3
3413,獾,29566,U+737E,追加字库; 合并字库; GB2312,3
3414,玄,29572,U+7384,追加字库; 合并字库; GB2312,3
3415,率,29575,U+7387,合并字库; GB2312,2
3416,玉,29577,U+7389,合并字库; GB2312,2
3417,王,29579,U+738B,合并字库; GB2312,2
3418,玎,29582,U+738E,追加字库; 合并字库; GB2312,3
3419,玑,29585,U+7391,追加字库; 合并字库; GB2312,3
3420,玖,29590,U+7396,追加字库; 合并字库; GB2312,3
3421,玛,29595,U+739B,合并字库; GB2312,2
3422,玟,29599,U+739F,追加字库; 合并字库; GB2312,3
3423,玢,29602,U+73A2,追加字库; 合并字库; GB2312,3
3424,玩,29609,U+73A9,追加字库; 合并字库; GB2312,3
3425,玫,29611,U+73AB,追加字库; 合并字库; GB2312,3
3426,玮,29614,U+73AE,追加字库; 合并字库; GB2312,3
3427,环,29615,U+73AF,合并字库; GB2312,2
3428,现,29616,U+73B0,追加字库; 合并字库; GB2312,3
3429,玲,29618,U+73B2,追加字库; 合并字库; GB2312,3
3430,玳,29619,U+73B3,追加字库; 合并字库; GB2312,3
3431,玷,29623,U+73B7,追加字库; 合并字库; GB2312,3
3432,玺,29626,U+73BA,追加字库; 合并字库; GB2312,3
3433,玻,29627,U+73BB,合并字库; GB2312,2
3434,珀,29632,U+73C0,追加字库; 合并字库; GB2312,3
3435,珂,29634,U+73C2,追加字库; 合并字库; GB2312,3
3436,珈,29640,U+73C8,追加字库; 合并字库; GB2312,3
3437,珉,29641,U+73C9,追加字库; 合并字库; GB2312,3
3438,珊,29642,U+73CA,追加字库; 合并字库; GB2312,3
3439,珍,29645,U+73CD,追加字库; 合并字库; GB2312,3
3440,珏,29647,U+73CF,追加字库; 合并字库; GB2312,3
3441,珐,29648,U+73D0,追加字库; 合并字库; GB2312,3
3442,珑,29649,U+73D1,追加字库; 合并字库; GB2312,3
3443,珙,29657,U+73D9,追加字库; 合并字库; GB2312,3
3444,珞,29662,U+73DE,追加字库; 合并字库; GB2312,3
3445,珠,29664,U+73E0,合并字库; GB2312,2
3446,珥,29669,U+73E5,追加字库; 合并字库; GB2312,3
3447,珧,29671,U+73E7,追加字库; 合并字库; GB2312,3
3448,珩,29673,U+73E9,追加字库; 合并字库; GB2312,3
3449,班,29677,U+73ED,合并字库; GB2312,2
3450,珲,29682,U+73F2,追加字库; 合并字库; GB2312,3
3451,球,29699,U+7403,合并字库; GB2312,2
3452,琅,29701,U+7405,追加字库; 合并字库; GB2312,3
3453,理,29702,U+7406,合并字库; GB2312,2
3454,琉,29705,U+7409,追加字库; 合并字库; GB2312,3
3455,琊,29706,U+740A,追加字库; 合并字库; GB2312,3
3456,琏,29711,U+740F,追加字库; 合并字库; GB2312,3
3457,琐,29712,U+7410,追加字库; 合并字库; GB2312,3
3458,琚,29722,U+741A,追加字库; 合并字库; GB2312,3
3459,琛,29723,U+741B,追加字库; 合并字库; GB2312,3
3460,琢,29730,U+7422,追加字库; 合并字库; GB2312,3
3461,琥,29733,U+7425,追加字库; 合并字库; GB2312,3
3462,琦,29734,U+7426,追加字库; 合并字库; GB2312,3
3463,琨,29736,U+7428,追加字库; 合并字库; GB2312,3
3464,琪,29738,U+742A,追加字库; 合并字库; GB2312,3
3465,琬,29740,U+742C,追加字库; 合并字库; GB2312,3
3466,琮,29742,U+742E,追加字库; 合并字库; GB2312,3
3467,琰,29744,U+7430,追加字库; 合并字库; GB2312,3
3468,琳,29747,U+7433,追加字库; 合并字库; GB2312,3
3469,琴,29748,U+7434,追加字库; 合并字库; GB2312,3
3470,琵,29749,U+7435,追加字库; 合并字库; GB2312,3
3471,琶,29750,U+7436,追加字库; 合并字库; GB2312,3
3472,琼,29756,U+743C,合并字库; GB2312,2
3473,瑁,29761,U+7441,追加字库; 合并字库; GB2312,3
3474,瑕,29781,U+7455,追加字库; 合并字库; GB2312,3
3475,瑗,29783,U+7457,追加字库; 合并字库; GB2312,3
3476,瑙,29785,U+7459,追加字库; 合并字库; GB2312,3
3477,瑚,29786,U+745A,追加字库; 合并字库; GB2312,3
3478,瑛,29787,U+745B,追加字库; 合并字库; GB2312,3
3479,瑜,29788,U+745C,追加字库; 合并字库; GB2312,3
3480,瑞,29790,U+745E,合并字库; GB2312,2
3481,瑟,29791,U+745F,追加字库; 合并字库; GB2312,3
3482,瑭,29805,U+746D,追加字库; 合并字库; GB2312,3
3483,瑰,29808,U+7470,追加字库; 合并字库; GB2312,3
3484,瑶,29814,U+7476,追加字库; 合并字库; GB2312,3
3485,瑷,29815,U+7477,追加字库; 合并字库; GB2312,3
3486,瑾,29822,U+747E,追加字库; 合并字库; GB2312,3
3487,璀,29824,U+7480,追加字库; 合并字库; GB2312,3
3488,璁,29825,U+7481,追加字库; 合并字库; GB2312,3
3489,璃,29827,U+7483,合并字库; GB2312,2
3490,璇,29831,U+7487,追加字库; 合并字库; GB2312,3
3491,璋,29835,U+748B,追加字库; 合并字库; GB2312,3
3492,璎,29838,U+748E,追加字库; 合并字库; GB2312,3
3493,璐,29840,U+7490,追加字库; 合并字库; GB2312,3
3494,璜,29852,U+749C,追加字库; 合并字库; GB2312,3
3495,璞,29854,U+749E,追加字库; 合并字库; GB2312,3
3496,璧,29863,U+74A7,追加字库; 合并字库; GB2312,3
3497,璨,29864,U+74A8,追加字库; 合并字库; GB2312,3
3498,璩,29865,U+74A9,追加字库; 合并字库; GB2312,3
3499,璺,29882,U+74BA,追加字库; 合并字库; GB2312,3
3500,瓒,29906,U+74D2,追加字库; 合并字库; GB2312,3
3501,瓜,29916,U+74DC,合并字库; GB2312,2
3502,瓞,29918,U+74DE,追加字库; 合并字库; GB2312,3
3503,瓠,29920,U+74E0,追加字库; 合并字库; GB2312,3
3504,瓢,29922,U+74E2,追加字库; 合并字库; GB2312,3
3505,瓣,29923,U+74E3,追加字库; 合并字库; GB2312,3
3506,瓤,29924,U+74E4,追加字库; 合并字库; GB2312,3
3507,瓦,29926,U+74E6,追加字库; 合并字库; GB2312,3
3508,瓮,29934,U+74EE,追加字库; 合并字库; GB2312,3
3509,瓯,29935,U+74EF,追加字库; 合并字库; GB2312,3
3510,瓴,29940,U+74F4,追加字库; 合并字库; GB2312,3
3511,瓶,29942,U+74F6,合并字库; GB2312,2
3512,瓷,29943,U+74F7,合并字库; GB2312,2
3513,瓿,29951,U+74FF,追加字库; 合并字库; GB2312,3
3514,甄,29956,U+7504,追加字库; 合并字库; GB2312,3
3515,甍,29965,U+750D,追加字库; 合并字库; GB2312,3
3516,甏,29967,U+750F,追加字库; 合并字库; GB2312,3
3517,甑,29969,U+7511,追加字库; 合并字库; GB2312,3
3518,甓,29971,U+7513,追加字库; 合并字库; GB2312,3
3519,甘,29976,U+7518,合并字库; GB2312,2
3520,甙,29977,U+7519,追加字库; 合并字库; GB2312,3
3521,甚,29978,U+751A,追加字库; 合并字库; GB2312,3
3522,甜,29980,U+751C,追加字库; 合并字库; GB2312,3
3523,生,29983,U+751F,合并字库; GB2312,2
3524,甥,29989,U+7525,追加字库; 合并字库; GB2312,3
3525,用,29992,U+7528,追加字库; 合并字库; GB2312,3
3526,甩,29993,U+7529,追加字库; 合并字库; GB2312,3
3527,甪,29994,U+752A,合并字库,1
3528,甫,29995,U+752B,追加字库; 合并字库; GB2312,3
3529,甬,29996,U+752C,追加字库; 合并字库; GB2312,3
3530,甭,29997,U+752D,追加字库; 合并字库; GB2312,3
3531,甯,29999,U+752F,追加字库; 合并字库; GB2312,3
3532,田,30000,U+7530,合并字库; GB2312,2
3533,由,30001,U+7531,合并字库; GB2312,2
3534,甲,30002,U+7532,追加字库; 合并字库; GB2312,3
3535,申,30003,U+7533,追加字库; 合并字库; GB2312,3
3536,电,30005,U+7535,合并字库; GB2312,2
3537,男,30007,U+7537,追加字库; 合并字库; GB2312,3
3538,甸,30008,U+7538,合并字库; GB2312,2
3539,町,30010,U+753A,追加字库; 合并字库; GB2312,3
3540,画,30011,U+753B,合并字库; GB2312,2
3541,甾,30014,U+753E,追加字库; 合并字库; GB2312,3
3542,畀,30016,U+7540,追加字库; 合并字库; GB2312,3
3543,畅,30021,U+7545,追加字库; 合并字库; GB2312,3
3544,畈,30024,U+7548,追加字库; 合并字库; GB2312,3
3545,畋,30027,U+754B,追加字库; 合并字库; GB2312,3
3546,界,30028,U+754C,合并字库; GB2312,2
3547,畎,30030,U+754E,追加字库; 合并字库; GB2312,3
3548,畏,30031,U+754F,追加字库; 合并字库; GB2312,3
3549,畔,30036,U+7554,追加字库; 合并字库; GB2312,3
3550,留,30041,U+7559,追加字库; 合并字库; GB2312,3
3551,畚,30042,U+755A,追加字库; 合并字库; GB2312,3
3552,畛,30043,U+755B,追加字库; 合并字库; GB2312,3
3553,畜,30044,U+755C,追加字库; 合并字库; GB2312,3
3554,略,30053,U+7565,追加字库; 追加字库; 合并字库; GB2312,4
3555,畦,30054,U+7566,追加字库; 合并字库; GB2312,3
3556,番,30058,U+756A,合并字库; GB2312,2
3557,畲,30066,U+7572,追加字库; 合并字库; GB2312,3
3558,畴,30068,U+7574,追加字库; 合并字库; GB2312,3
3559,畸,30072,U+7578,追加字库; 合并字库; GB2312,3
3560,畹,30073,U+7579,追加字库; 合并字库; GB2312,3
3561,畿,30079,U+757F,追加字库; 合并字库; GB2312,3
3562,疃,30083,U+7583,追加字库; 合并字库; GB2312,3
3563,疆,30086,U+7586,合并字库; GB2312,2
3564,疋,30091,U+758B,追加字库; 合并字库; GB2312,3
3565,疏,30095,U+758F,合并字库; GB2312,2
3566,疑,30097,U+7591,追加字库; 合并字库; GB2312,3
3567,疒,30098,U+7592,追加字库; 合并字库; GB2312,3
3568,疔,30100,U+7594,追加字库; 合并字库; GB2312,3
3569,疖,30102,U+7596,追加字库; 合并字库; GB2312,3
3570,疗,30103,U+7597,合并字库; GB2312,2
3571,疙,30105,U+7599,追加字库; 合并字库; GB2312,3
3572,疚,30106,U+759A,追加字库; 合并字库; GB2312,3
3573,疝,30109,U+759D,追加字库; 合并字库; GB2312,3
3574,疟,30111,U+759F,追加字库; 合并字库; GB2312,3
3575,疠,30112,U+75A0,追加字库; 合并字库; GB2312,3
3576,疡,30113,U+75A1,追加字库; 合并字库; GB2312,3
3577,疣,30115,U+75A3,追加字库; 合并字库; GB2312,3
3578,疤,30116,U+75A4,追加字库; 合并字库; GB2312,3
3579,疥,30117,U+75A5,追加字库; 合并字库; GB2312,3
3580,疫,30123,U+75AB,追加字库; 合并字库; GB2312,3
3581,疬,30124,U+75AC,追加字库; 合并字库; GB2312,3
3582,疮,30126,U+75AE,追加字库; 合并字库; GB2312,3
3583,疯,30127,U+75AF,追加字库; 合并字库; GB2312,3
3584,疰,30128,U+75B0,追加字库; 合并字库; GB2312,3
3585,疱,30129,U+75B1,追加字库; 合并字库; GB2312,3
3586,疲,30130,U+75B2,追加字库; 合并字库; GB2312,3
3587,疳,30131,U+75B3,追加字库; 合并字库; GB2312,3
3588,疴,30132,U+75B4,追加字库; 合并字库; GB2312,3
3589,疵,30133,U+75B5,追加字库; 合并字库; GB2312,3
3590,疸,30136,U+75B8,追加字库; 合并字库; GB2312,3
3591,疹,30137,U+75B9,追加字库; 合并字库; GB2312,3
3592,疼,30140,U+75BC,追加字库; 合并字库; GB2312,3
3593,疽,30141,U+75BD,追加字库; 合并字库; GB2312,3
3594,疾,30142,U+75BE,追加字库; 合并字库; GB2312,3
3595,痂,30146,U+75C2,追加字库; 合并字库; GB2312,3
3596,痃,30147,U+75C3,追加字库; 合并字库; GB2312,3
3597,痄,30148,U+75C4,追加字库; 合并字库; GB2312,3
3598,病,30149,U+75C5,追加字库; 合并字库; GB2312,3
3599,症,30151,U+75C7,追加字库; 合并字库; GB2312,3
3600,痈,30152,U+75C8,追加字库; 合并字库; GB2312,3
3601,痉,30153,U+75C9,追加字库; 合并字库; GB2312,3
3602,痊,30154,U+75CA,追加字库; 合并字库; GB2312,3
3603,痍,30157,U+75CD,追加字库; 合并字库; GB2312,3
3604,痒,30162,U+75D2,追加字库; 合并字库; GB2312,3
3605,痔,30164,U+75D4,追加字库; 合并字库; GB2312,3
3606,痕,30165,U+75D5,追加字库; 合并字库; GB2312,3
3607,痖,30166,U+75D6,追加字库; 合并字库; GB2312,3
3608,痘,30168,U+75D8,追加字库; 合并字库; GB2312,3
3609,痛,30171,U+75DB,追加字库; 合并字库; GB2312,3
3610,痞,30174,U+75DE,追加字库; 合并字库; GB2312,3
3611,痢,30178,U+75E2,追加字库; 合并字库; GB2312,3
3612,痣,30179,U+75E3,追加字库; 合并字库; GB2312,3
3613,痤,30180,U+75E4,追加字库; 合并字库; GB2312,3
3614,痦,30182,U+75E6,追加字库; 合并字库; GB2312,3
3615,痧,30183,U+75E7,追加字库; 合并字库; GB2312,3
3616,痨,30184,U+75E8,追加字库; 合并字库; GB2312,3
3617,痪,30186,U+75EA,追加字库; 合并字库; GB2312,3
3618,痫,30187,U+75EB,追加字库; 合并字库; GB2312,3
3619,痰,30192,U+75F0,追加字库; 合并字库; GB2312,3
3620,痱,30193,U+75F1,追加字库; 合并字库; GB2312,3
3621,痴,30196,U+75F4,追加字库; 合并字库; GB2312,3
3622,痹,30201,U+75F9,追加字库; 合并字库; GB2312,3
3623,痼,30204,U+75FC,追加字库; 合并字库; GB2312,3
3624,痿,30207,U+75FF,追加字库; 合并字库; GB2312,3
3625,瘀,30208,U+7600,追加字库; 合并字库; GB2312,3
3626,瘁,30209,U+7601,追加字库; 合并字库; GB2312,3
3627,瘃,30211,U+7603,追加字库; 合并字库; GB2312,3
3628,瘅,30213,U+7605,追加字库; 合并字库; GB2312,3
3629,瘊,30218,U+760A,追加字库; 合并字库; GB2312,3
3630,瘌,30220,U+760C,追加字库; 合并字库; GB2312,3
3631,瘐,30224,U+7610,追加字库; 合并字库; GB2312,3
3632,瘕,30229,U+7615,追加字库; 合并字库; GB2312,3
3633,瘗,30231,U+7617,追加字库; 合并字库; GB2312,3
3634,瘘,30232,U+7618,追加字库; 合并字库; GB2312,3
3635,瘙,30233,U+7619,追加字库; 合并字库; GB2312,3
3636,瘛,30235,U+761B,追加字库; 合并字库; GB2312,3
3637,瘟,30239,U+761F,追加字库; 合并字库; GB2312,3
3638,瘠,30240,U+7620,追加字库; 合并字库; GB2312,3
3639,瘢,30242,U+7622,追加字库; 合并字库; GB2312,3
3640,瘤,30244,U+7624,追加字库; 合并字库; GB2312,3
3641,瘥,30245,U+7625,追加字库; 合并字库; GB2312,3
3642,瘦,30246,U+7626,追加字库; 合并字库; GB2312,3
3643,瘩,30249,U+7629,追加字库; 合并字库; GB2312,3
3644,瘪,30250,U+762A,追加字库; 合并字库; GB2312,3
3645,瘫,30251,U+762B,追加字库; 合并字库; GB2312,3
3646,瘭,30253,U+762D,追加字库; 合并字库; GB2312,3
3647,瘰,30256,U+7630,追加字库; 合并字库; GB2312,3
3648,瘳,30259,U+7633,追加字库; 合并字库; GB2312,3
3649,瘴,30260,U+7634,追加字库; 合并字库; GB2312,3
3650,瘵,30261,U+7635,追加字库; 合并字库; GB2312,3
3651,瘸,30264,U+7638,追加字库; 合并字库; GB2312,3
3652,瘼,30268,U+763C,追加字库; 合并字库; GB2312,3
3653,瘾,30270,U+763E,追加字库; 合并字库; GB2312,3
3654,瘿,30271,U+763F,追加字库; 合并字库; GB2312,3
3655,癀,30272,U+7640,追加字库; 合并字库; GB2312,3
3656,癃,30275,U+7643,追加字库; 合并字库; GB2312,3
3657,癌,30284,U+764C,追加字库; 合并字库; GB2312,3
3658,癍,30285,U+764D,追加字库; 合并字库; GB2312,3
3659,癔,30292,U+7654,追加字库; 合并字库; GB2312,3
3660,癖,30294,U+7656,追加字库; 合并字库; GB2312,3
3661,癜,30300,U+765C,追加字库; 合并字库; GB2312,3
3662,癞,30302,U+765E,追加字库; 合并字库; GB2312,3
3663,癣,30307,U+7663,追加字库; 合并字库; GB2312,3
3664,癫,30315,U+766B,追加字库; 合并字库; GB2312,3
3665,癯,30319,U+766F,追加字库; 合并字库; GB2312,3
3666,癸,30328,U+7678,追加字库; 合并字库; GB2312,3
3667,登,30331,U+767B,合并字库; GB2312,2
3668,白,30333,U+767D,合并字库; GB2312,2
3669,百,30334,U+767E,合并字库; GB2312,2
3670,皂,30338,U+7682,追加字库; 合并字库; GB2312,3
3671,的,30340,U+7684,追加字库; 追加字库; 合并字库; GB2312,4
3672,皆,30342,U+7686,追加字库; 合并字库; GB2312,3
3673,皇,30343,U+7687,合并字库; GB2312,2
3674,皈,30344,U+7688,追加字库; 合并字库; GB2312,3
3675,皋,30347,U+768B,合并字库; GB2312,2
3676,皎,30350,U+768E,追加字库; 合并字库; GB2312,3
3677,皑,30353,U+7691,追加字库; 合并字库; GB2312,3
3678,皓,30355,U+7693,追加字库; 合并字库; GB2312,3
3679,皖,30358,U+7696,合并字库; GB2312,2
3680,皙,30361,U+7699,追加字库; 合并字库; GB2312,3
3681,皤,30372,U+76A4,追加字库; 合并字库; GB2312,3
3682,皮,30382,U+76AE,合并字库; GB2312,2
3683,皱,30385,U+76B1,追加字库; 合并字库; GB2312,3
3684,皲,30386,U+76B2,追加字库; 合并字库; GB2312,3
3685,皴,30388,U+76B4,追加字库; 合并字库; GB2312,3
3686,皿,30399,U+76BF,追加字库; 合并字库; GB2312,3
3687,盂,30402,U+76C2,追加字库; 合并字库; GB2312,3
3688,盅,30405,U+76C5,追加字库; 合并字库; GB2312,3
3689,盆,30406,U+76C6,追加字库; 合并字库; GB2312,3
3690,盈,30408,U+76C8,追加字库; 合并字库; GB2312,3
3691,益,30410,U+76CA,合并字库; GB2312,2
3692,盍,30413,U+76CD,追加字库; 合并字库; GB2312,3
3693,盎,30414,U+76CE,追加字库; 合并字库; GB2312,3
3694,盏,30415,U+76CF,追加字库; 合并字库; GB2312,3
3695,盐,30416,U+76D0,合并字库; GB2312,2
3696,监,30417,U+76D1,合并字库; GB2312,2
3697,盒,30418,U+76D2,合并字库; GB2312,2
3698,盔,30420,U+76D4,追加字库; 合并字库; GB2312,3
3699,盖,30422,U+76D6,合并字库; GB2312,2
3700,盗,30423,U+76D7,追加字库; 合并字库; GB2312,3
3701,盘,30424,U+76D8,合并字库; GB2312,2
3702,盛,30427,U+76DB,合并字库; GB2312,2
3703,盟,30431,U+76DF,合并字库; GB2312,2
3704,盥,30437,U+76E5,追加字库; 合并字库; GB2312,3
3705,目,30446,U+76EE,追加字库; 追加字库; 合并字库; GB2312,4
3706,盯,30447,U+76EF,追加字库; 合并字库; GB2312,3
3707,盱,30449,U+76F1,合并字库; GB2312,2
3708,盲,30450,U+76F2,追加字库; 合并字库; GB2312,3
3709,直,30452,U+76F4,合并字库; GB2312,2
3710,相,30456,U+76F8,合并字库; GB2312,2
3711,盹,30457,U+76F9,追加字库; 合并字库; GB2312,3
3712,盼,30460,U+76FC,追加字库; 合并字库; GB2312,3
3713,盾,30462,U+76FE,追加字库; 合并字库; GB2312,3
3714,省,30465,U+7701,合并字库; GB2312,2
3715,眄,30468,U+7704,追加字库; 合并字库; GB2312,3
3716,眇,30471,U+7707,追加字库; 合并字库; GB2312,3
3717,眈,30472,U+7708,追加字库; 合并字库; GB2312,3
3718,眉,30473,U+7709,合并字库; GB2312,2
3719,看,30475,U+770B,合并字库; GB2312,2
3720,眍,30477,U+770D,追加字库; 合并字库; GB2312,3
3721,眙,30489,U+7719,合并字库; GB2312,2
3722,眚,30490,U+771A,追加字库; 合并字库; GB2312,3
3723,真,30495,U+771F,合并字库; GB2312,2
3724,眠,30496,U+7720,合并字库; GB2312,2
3725,眢,30498,U+7722,追加字库; 合并字库; GB2312,3
3726,眦,30502,U+7726,追加字库; 合并字库; GB2312,3
3727,眨,30504,U+7728,追加字库; 合并字库; GB2312,3
3728,眩,30505,U+7729,追加字库; 合并字库; GB2312,3
3729,眭,30509,U+772D,追加字库; 合并字库; GB2312,3
3730,眯,30511,U+772F,追加字库; 合并字库; GB2312,3
3731,眵,30517,U+7735,追加字库; 合并字库; GB2312,3
3732,眶,30518,U+7736,追加字库; 合并字库; GB2312,3
3733,眷,30519,U+7737,追加字库; 合并字库; GB2312,3
3734,眸,30520,U+7738,追加字库; 合并字库; GB2312,3
3735,眺,30522,U+773A,追加字库; 合并字库; GB2312,3
3736,眼,30524,U+773C,合并字库; GB2312,2
3737,着,30528,U+7740,合并字库; GB2312,2
3738,睁,30529,U+7741,追加字库; 合并字库; GB2312,3
3739,睃,30531,U+7743,追加字库; 合并字库; GB2312,3
3740,睇,30535,U+7747,追加字库; 合并字库; GB2312,3
3741,睐,30544,U+7750,追加字库; 合并字库; GB2312,3
3742,睑,30545,U+7751,追加字库; 合并字库; GB2312,3
3743,睚,30554,U+775A,追加字库; 合并字库; GB2312,3
3744,睛,30555,U+775B,追加字库; 合并字库; GB2312,3
3745,睡,30561,U+7761,追加字库; 合并字库; GB2312,3
3746,睢,30562,U+7762,合并字库; GB2312,2
3747,督,30563,U+7763,追加字库; 合并字库; GB2312,3
3748,睥,30565,U+7765,追加字库; 合并字库; GB2312,3
3749,睦,30566,U+7766,追加字库; 合并字库; GB2312,3
3750,睨,30568,U+7768,追加字库; 合并字库; GB2312,3
3751,睫,30571,U+776B,追加字库; 合并字库; GB2312,3
3752,睬,30572,U+776C,追加字库; 合并字库; GB2312,3
3753,睹,30585,U+7779,追加字库; 合并字库; GB2312,3
3754,睽,30589,U+777D,追加字库; 合并字库; GB2312,3
3755,睾,30590,U+777E,追加字库; 合并字库; GB2312,3
3756,睿,30591,U+777F,追加字库; 合并字库; GB2312,3
3757,瞀,30592,U+7780,追加字库; 合并字库; GB2312,3
3758,瞄,30596,U+7784,追加字库; 合并字库; GB2312,3
3759,瞅,30597,U+7785,追加字库; 合并字库; GB2312,3
3760,瞌,30604,U+778C,追加字库; 合并字库; GB2312,3
3761,瞍,30605,U+778D,追加字库; 合并字库; GB2312,3
3762,瞎,30606,U+778E,追加字库; 合并字库; GB2312,3
3763,瞑,30609,U+7791,追加字库; 合并字库; GB2312,3
3764,瞒,30610,U+7792,追加字库; 合并字库; GB2312,3
3765,瞟,30623,U+779F,追加字库; 合并字库; GB2312,3
3766,瞠,30624,U+77A0,追加字库; 合并字库; GB2312,3
3767,瞢,30626,U+77A2,追加字库; 合并字库; GB2312,3
3768,瞥,30629,U+77A5,追加字库; 合并字库; GB2312,3
3769,瞧,30631,U+77A7,追加字库; 合并字库; GB2312,3
3770,瞩,30633,U+77A9,追加字库; 合并字库; GB2312,3
3771,瞪,30634,U+77AA,追加字库; 合并字库; GB2312,3
3772,瞬,30636,U+77AC,追加字库; 合并字库; GB2312,3
3773,瞰,30640,U+77B0,追加字库; 合并字库; GB2312,3
3774,瞳,30643,U+77B3,追加字库; 合并字库; GB2312,3
3775,瞵,30645,U+77B5,追加字库; 合并字库; GB2312,3
3776,瞻,30651,U+77BB,追加字库; 合并字库; GB2312,3
3777,瞽,30653,U+77BD,追加字库; 合并字库; GB2312,3
3778,瞿,30655,U+77BF,追加字库; 合并字库; GB2312,3
3779,矍,30669,U+77CD,追加字库; 合并字库; GB2312,3
3780,矗,30679,U+77D7,追加字库; 合并字库; GB2312,3
3781,矛,30683,U+77DB,追加字库; 合并字库; GB2312,3
3782,矜,30684,U+77DC,追加字库; 合并字库; GB2312,3
3783,矢,30690,U+77E2,追加字库; 合并字库; GB2312,3
3784,矣,30691,U+77E3,追加字库; 合并字库; GB2312,3
3785,知,30693,U+77E5,追加字库; 合并字库; GB2312,3
3786,矧,30695,U+77E7,追加字库; 合并字库; GB2312,3
3787,矩,30697,U+77E9,追加字库; 合并字库; GB2312,3
3788,矫,30699,U+77EB,追加字库; 合并字库; GB2312,3
3789,矬,30700,U+77EC,追加字库; 合并字库; GB2312,3
3790,短,30701,U+77ED,合并字库; GB2312,2
3791,矮,30702,U+77EE,追加字库; 合并字库; GB2312,3
3792,石,30707,U+77F3,合并字库; GB2312,2
3793,矶,30710,U+77F6,追加字库; 合并字库; GB2312,3
3794,矸,30712,U+77F8,追加字库; 合并字库; GB2312,3
3795,矽,30717,U+77FD,追加字库; 合并字库; GB2312,3
3796,矾,30718,U+77FE,追加字库; 合并字库; GB2312,3
3797,矿,30719,U+77FF,合并字库; GB2312,2
3798,砀,30720,U+7800,合并字库; GB2312,2
3799,码,30721,U+7801,合并字库; GB2312,2
3800,砂,30722,U+7802,合并字库; GB2312,2
3801,砉,30729,U+7809,追加字库; 合并字库; GB2312,3
3802,砌,30732,U+780C,追加字库; 合并字库; GB2312,3
3803,砍,30733,U+780D,追加字库; 合并字库; GB2312,3
3804,砑,30737,U+7811,追加字库; 合并字库; GB2312,3
3805,砒,30738,U+7812,追加字库; 合并字库; GB2312,3
3806,研,30740,U+7814,追加字库; 合并字库; GB2312,3
3807,砖,30742,U+7816,追加字库; 合并字库; GB2312,3
3808,砗,30743,U+7817,追加字库; 合并字库; GB2312,3
3809,砘,30744,U+7818,追加字库; 合并字库; GB2312,3
3810,砚,30746,U+781A,追加字库; 合并字库; GB2312,3
3811,砜,30748,U+781C,追加字库; 合并字库; GB2312,3
3812,砝,30749,U+781D,追加字库; 合并字库; GB2312,3
3813,砟,30751,U+781F,追加字库; 合并字库; GB2312,3
3814,砣,30755,U+7823,追加字库; 合并字库; GB2312,3
3815,砥,30757,U+7825,追加字库; 合并字库; GB2312,3
3816,砦,30758,U+7826,追加字库; 合并字库; GB2312,3
3817,砧,30759,U+7827,追加字库; 合并字库; GB2312,3
3818,砩,30761,U+7829,追加字库; 合并字库; GB2312,3
3819,砬,30764,U+782C,追加字库; 合并字库; GB2312,3
3820,砭,30765,U+782D,追加字库; 合并字库; GB2312,3
3821,砰,30768,U+7830,追加字库; 合并字库; GB2312,3
3822,破,30772,U+7834,追加字库; 合并字库; GB2312,3
3823,砷,30775,U+7837,追加字库; 合并字库; GB2312,3
3824,砸,30776,U+7838,追加字库; 合并字库; GB2312,3
3825,砹,30777,U+7839,追加字库; 合并字库; GB2312,3
3826,砺,30778,U+783A,追加字库; 合并字库; GB2312,3
3827,砻,30779,U+783B,追加字库; 合并字库; GB2312,3
3828,砼,30780,U+783C,追加字库; 合并字库; GB2312,3
3829,砾,30782,U+783E,追加字库; 合并字库; GB2312,3
3830,础,30784,U+7840,追加字库; 合并字库; GB2312,3
3831,硅,30789,U+7845,追加字库; 合并字库; GB2312,3
3832,硇,30791,U+7847,追加字库; 合并字库; GB2312,3
3833,硌,30796,U+784C,追加字库; 合并字库; GB2312,3
3834,硎,30798,U+784E,追加字库; 合并字库; GB2312,3
3835,硐,30800,U+7850,追加字库; 合并字库; GB2312,3
3836,硒,30802,U+7852,追加字库; 合并字库; GB2312,3
3837,硕,30805,U+7855,追加字库; 合并字库; GB2312,3
3838,硖,30806,U+7856,追加字库; 合并字库; GB2312,3
3839,硗,30807,U+7857,追加字库; 合并字库; GB2312,3
3840,硝,30813,U+785D,追加字库; 合并字库; GB2312,3
3841,硪,30826,U+786A,追加字库; 合并字库; GB2312,3
3842,硫,30827,U+786B,追加字库; 合并字库; GB2312,3
3843,硬,30828,U+786C,追加字库; 合并字库; GB2312,3
3844,硭,30829,U+786D,追加字库; 合并字库; GB2312,3
3845,确,30830,U+786E,合并字库; GB2312,2
3846,硷,30839,U+7877,追加字库; 合并字库; GB2312,3
3847,硼,30844,U+787C,追加字库; 合并字库; GB2312,3
3848,碇,30855,U+7887,追加字库; 合并字库; GB2312,3
3849,碉,30857,U+7889,追加字库; 合并字库; GB2312,3
3850,碌,30860,U+788C,追加字库; 合并字库; GB2312,3
3851,碍,30861,U+788D,追加字库; 合并字库; GB2312,3
3852,碎,30862,U+788E,追加字库; 合并字库; GB2312,3
3853,碑,30865,U+7891,合并字库; GB2312,2
3854,碓,30867,U+7893,追加字库; 合并字库; GB2312,3
3855,碗,30871,U+7897,追加字库; 合并字库; GB2312,3
3856,碘,30872,U+7898,追加字库; 合并字库; GB2312,3
3857,碚,30874,U+789A,追加字库; 合并字库; GB2312,3
3858,碛,30875,U+789B,追加字库; 合并字库; GB2312,3
3859,碜,30876,U+789C,追加字库; 合并字库; GB2312,3
3860,碟,30879,U+789F,追加字库; 合并字库; GB2312,3
3861,碡,30881,U+78A1,追加字库; 合并字库; GB2312,3
3862,碣,30883,U+78A3,追加字库; 合并字库; GB2312,3
3863,碥,30885,U+78A5,追加字库; 合并字库; GB2312,3
3864,碧,30887,U+78A7,合并字库; GB2312,2
3865,碰,30896,U+78B0,追加字库; 合并字库; GB2312,3
3866,碱,30897,U+78B1,追加字库; 合并字库; GB2312,3
3867,碲,30898,U+78B2,追加字库; 合并字库; GB2312,3
3868,碳,30899,U+78B3,追加字库; 合并字库; GB2312,3
3869,碴,30900,U+78B4,追加字库; 合并字库; GB2312,3
3870,碹,30905,U+78B9,追加字库; 合并字库; GB2312,3
3871,碾,30910,U+78BE,追加字库; 合并字库; GB2312,3
3872,磁,30913,U+78C1,追加字库; 合并字库; GB2312,3
3873,磅,30917,U+78C5,追加字库; 合并字库; GB2312,3
3874,磉,30921,U+78C9,追加字库; 合并字库; GB2312,3
3875,磊,30922,U+78CA,追加字库; 合并字库; GB2312,3
3876,磋,30923,U+78CB,追加字库; 合并字库; GB2312,3
3877,磐,30928,U+78D0,合并字库; GB2312,2
3878,磔,30932,U+78D4,追加字库; 合并字库; GB2312,3
3879,磕,30933,U+78D5,追加字库; 合并字库; GB2312,3
3880,磙,30937,U+78D9,追加字库; 合并字库; GB2312,3
3881,磨,30952,U+78E8,追加字库; 合并字库; GB2312,3
3882,磬,30956,U+78EC,追加字库; 合并字库; GB2312,3
3883,磲,30962,U+78F2,追加字库; 合并字库; GB2312,3
3884,磴,30964,U+78F4,追加字库; 合并字库; GB2312,3
3885,磷,30967,U+78F7,追加字库; 合并字库; GB2312,3
3886,磺,30970,U+78FA,追加字库; 合并字库; GB2312,3
3887,礁,30977,U+7901,追加字库; 合并字库; GB2312,3
3888,礅,30981,U+7905,追加字库; 合并字库; GB2312,3
3889,礓,30995,U+7913,追加字库; 合并字库; GB2312,3
3890,礞,31006,U+791E,追加字库; 合并字库; GB2312,3
3891,礤,31012,U+7924,追加字库; 合并字库; GB2312,3
3892,礴,31028,U+7934,追加字库; 合并字库; GB2312,3
3893,示,31034,U+793A,合并字库; GB2312,2
3894,礻,31035,U+793B,追加字库; 合并字库; GB2312,3
3895,礼,31036,U+793C,追加字库; 合并字库; GB2312,3
3896,社,31038,U+793E,合并字库; GB2312,2
3897,祀,31040,U+7940,追加字库; 合并字库; GB2312,3
3898,祁,31041,U+7941,合并字库; GB2312,2
3899,祆,31046,U+7946,追加字库; 合并字库; GB2312,3
3900,祈,31048,U+7948,追加字库; 合并字库; GB2312,3
3901,祉,31049,U+7949,追加字库; 合并字库; GB2312,3
3902,祓,31059,U+7953,追加字库; 合并字库; GB2312,3
3903,祖,31062,U+7956,追加字库; 合并字库; GB2312,3
3904,祗,31063,U+7957,追加字库; 合并字库; GB2312,3
3905,祚,31066,U+795A,追加字库; 合并字库; GB2312,3
3906,祛,31067,U+795B,追加字库; 合并字库; GB2312,3
3907,祜,31068,U+795C,追加字库; 合并字库; GB2312,3
3908,祝,31069,U+795D,追加字库; 合并字库; GB2312,3
3909,神,31070,U+795E,合并字库; GB2312,2
3910,祟,31071,U+795F,追加字库; 合并字库; GB2312,3
3911,祠,31072,U+7960,追加字库; 合并字库; GB2312,3
3912,祢,31074,U+7962,追加字库; 合并字库; GB2312,3
3913,祥,31077,U+7965,合并字库; GB2312,2
3914,祧,31079,U+7967,追加字库; 合并字库; GB2312,3
3915,票,31080,U+7968,追加字库; 合并字库; GB2312,3
3916,祭,31085,U+796D,追加字库; 合并字库; GB2312,3
3917,祯,31087,U+796F,追加字库; 合并字库; GB2312,3
3918,祷,31095,U+7977,追加字库; 合并字库; GB2312,3
3919,祸,31096,U+7978,追加字库; 合并字库; GB2312,3
3920,祺,31098,U+797A,追加字库; 合并字库; GB2312,3
3921,禀,31104,U+7980,追加字库; 合并字库; GB2312,3
3922,禁,31105,U+7981,合并字库; GB2312,2
3923,禄,31108,U+7984,追加字库; 合并字库; GB2312,3
3924,禅,31109,U+7985,合并字库; GB2312,2
3925,禊,31114,U+798A,追加字库; 合并字库; GB2312,3
3926,福,31119,U+798F,合并字库; GB2312,2
3927,禚,31130,U+799A,追加字库; 合并字库; GB2312,3
3928,禧,31143,U+79A7,追加字库; 合并字库; GB2312,3
3929,禳,31155,U+79B3,追加字库; 合并字库; GB2312,3
3930,禹,31161,U+79B9,合并字库; GB2312,2
3931,禺,31162,U+79BA,合并字库; GB2312,2
3932,离,31163,U+79BB,追加字库; 合并字库; GB2312,3
3933,禽,31165,U+79BD,追加字库; 合并字库; GB2312,3
3934,禾,31166,U+79BE,追加字库; 合并字库; GB2312,3
3935,秀,31168,U+79C0,合并字库; GB2312,2
3936,私,31169,U+79C1,合并字库; GB2312,2
3937,秃,31171,U+79C3,追加字库; 合并字库; GB2312,3
3938,秆,31174,U+79C6,追加字库; 合并字库; GB2312,3
3939,秉,31177,U+79C9,追加字库; 合并字库; GB2312,3
3940,秋,31179,U+79CB,合并字库; GB2312,2
3941,种,31181,U+79CD,合并字库; GB2312,2
3942,科,31185,U+79D1,合并字库; GB2312,2
3943,秒,31186,U+79D2,追加字库; 合并字库; GB2312,3
3944,秕,31189,U+79D5,追加字库; 合并字库; GB2312,3
3945,秘,31192,U+79D8,追加字库; 合并字库; GB2312,3
3946,租,31199,U+79DF,合并字库; GB2312,2
3947,秣,31203,U+79E3,追加字库; 合并字库; GB2312,3
3948,秤,31204,U+79E4,追加字库; 合并字库; GB2312,3
3949,秦,31206,U+79E6,合并字库; GB2312,2
3950,秧,31207,U+79E7,追加字库; 合并字库; GB2312,3
3951,秩,31209,U+79E9,追加字库; 合并字库; GB2312,3
3952,秫,31211,U+79EB,追加字库; 合并字库; GB2312,3
3953,秭,31213,U+79ED,追加字库; 合并字库; GB2312,3
3954,积,31215,U+79EF,追加字库; 合并字库; GB2312,3
3955,称,31216,U+79F0,合并字库; GB2312,2
3956,秸,31224,U+79F8,追加字库; 合并字库; GB2312,3
3957,移,31227,U+79FB,合并字库; GB2312,2
3958,秽,31229,U+79FD,追加字库; 合并字库; GB2312,3
3959,稀,31232,U+7A00,追加字库; 合并字库; GB2312,3
3960,稂,31234,U+7A02,追加字库; 合并字库; GB2312,3
3961,稃,31235,U+7A03,追加字库; 合并字库; GB2312,3
3962,稆,31238,U+7A06,追加字库; 合并字库; GB2312,3
3963,程,31243,U+7A0B,合并字库; GB2312,2
3964,稍,31245,U+7A0D,追加字库; 合并字库; GB2312,3
3965,税,31246,U+7A0E,追加字库; 合并字库; GB2312,3
3966,稔,31252,U+7A14,追加字库; 合并字库; GB2312,3
3967,稗,31255,U+7A17,追加字库; 合并字库; GB2312,3
3968,稚,31258,U+7A1A,追加字库; 合并字库; GB2312,3
3969,稞,31262,U+7A1E,追加字库; 合并字库; GB2312,3
3970,稠,31264,U+7A20,追加字库; 合并字库; GB2312,3
3971,稣,31267,U+7A23,追加字库; 合并字库; GB2312,3
3972,稳,31283,U+7A33,合并字库; GB2312,2
3973,稷,31287,U+7A37,合并字库; GB2312,2
3974,稹,31289,U+7A39,追加字库; 合并字库; GB2312,3
3975,稻,31291,U+7A3B,追加字库; 合并字库; GB2312,3
3976,稼,31292,U+7A3C,追加字库; 合并字库; GB2312,3
3977,稽,31293,U+7A3D,追加字库; 合并字库; GB2312,3
3978,稿,31295,U+7A3F,追加字库; 合并字库; GB2312,3
3979,穆,31302,U+7A46,追加字库; 合并字库; GB2312,3
3980,穑,31313,U+7A51,追加字库; 合并字库; GB2312,3
3981,穗,31319,U+7A57,追加字库; 合并字库; GB2312,3
3982,穰,31344,U+7A70,追加字库; 合并字库; GB2312,3
3983,穴,31348,U+7A74,追加字库; 合并字库; GB2312,3
3984,究,31350,U+7A76,追加字库; 合并字库; GB2312,3
3985,穷,31351,U+7A77,追加字库; 合并字库; GB2312,3
3986,穸,31352,U+7A78,追加字库; 合并字库; GB2312,3
3987,穹,31353,U+7A79,追加字库; 合并字库; GB2312,3
3988,空,31354,U+7A7A,合并字库; GB2312,2
3989,穿,31359,U+7A7F,追加字库; 合并字库; GB2312,3
3990,窀,31360,U+7A80,追加字库; 合并字库; GB2312,3
3991,突,31361,U+7A81,追加字库; 合并字库; GB2312,3
3992,窃,31363,U+7A83,追加字库; 合并字库; GB2312,3
3993,窄,31364,U+7A84,合并字库; GB2312,2
3994,窆,31366,U+7A86,追加字库; 合并字库; GB2312,3
3995,窈,31368,U+7A88,追加字库; 合并字库; GB2312,3
3996,窍,31373,U+7A8D,追加字库; 合并字库; GB2312,3
3997,窑,31377,U+7A91,合并字库; GB2312,2
3998,窒,31378,U+7A92,追加字库; 合并字库; GB2312,3
3999,窕,31381,U+7A95,追加字库; 合并字库; GB2312,3
4000,窖,31382,U+7A96,追加字库; 合并字库; GB2312,3
4001,窗,31383,U+7A97,合并字库; GB2312,2
4002,窘,31384,U+7A98,追加字库; 合并字库; GB2312,3
4003,窜,31388,U+7A9C,追加字库; 合并字库; GB2312,3
4004,窝,31389,U+7A9D,追加字库; 合并字库; GB2312,3
4005,窟,31391,U+7A9F,追加字库; 合并字库; GB2312,3
4006,窠,31392,U+7AA0,追加字库; 合并字库; GB2312,3
4007,窥,31397,U+7AA5,追加字库; 合并字库; GB2312,3
4008,窦,31398,U+7AA6,追加字库; 合并字库; GB2312,3
4009,窨,31400,U+7AA8,追加字库; 合并字库; GB2312,3
4010,窬,31404,U+7AAC,追加字库; 合并字库; GB2312,3
4011,窭,31405,U+7AAD,追加字库; 合并字库; GB2312,3
4012,窳,31411,U+7AB3,追加字库; 合并字库; GB2312,3
4013,窿,31423,U+7ABF,追加字库; 合并字库; GB2312,3
4014,立,31435,U+7ACB,合并字库; GB2312,2
4015,竖,31446,U+7AD6,追加字库; 合并字库; GB2312,3
4016,站,31449,U+7AD9,合并字库; GB2312,2
4017,竞,31454,U+7ADE,追加字库; 合并字库; GB2312,3
4018,竟,31455,U+7ADF,追加字库; 合并字库; GB2312,3
4019,章,31456,U+7AE0,合并字库; GB2312,2
4020,竣,31459,U+7AE3,追加字库; 合并字库; GB2312,3
4021,童,31461,U+7AE5,追加字库; 合并字库; GB2312,3
4022,竦,31462,U+7AE6,追加字库; 合并字库; GB2312,3
4023,竭,31469,U+7AED,追加字库; 合并字库; GB2312,3
4024,端,31471,U+7AEF,合并字库; GB2312,2
4025,竹,31481,U+7AF9,合并字库; GB2312,2
4026,竺,31482,U+7AFA,追加字库; 合并字库; GB2312,3
4027,竽,31485,U+7AFD,追加字库; 合并字库; GB2312,3
4028,竿,31487,U+7AFF,追加字库; 合并字库; GB2312,3
4029,笃,31491,U+7B03,追加字库; 合并字库; GB2312,3
4030,笄,31492,U+7B04,追加字库; 合并字库; GB2312,3
4031,笆,31494,U+7B06,追加字库; 合并字库; GB2312,3
4032,笈,31496,U+7B08,追加字库; 合并字库; GB2312,3
4033,笊,31498,U+7B0A,追加字库; 合并字库; GB2312,3
4034,笋,31499,U+7B0B,追加字库; 合并字库; GB2312,3
4035,笏,31503,U+7B0F,追加字库; 合并字库; GB2312,3
4036,笑,31505,U+7B11,追加字库; 合并字库; GB2312,3
4037,笔,31508,U+7B14,追加字库; 合并字库; GB2312,3
4038,笕,31509,U+7B15,追加字库; 合并字库; GB2312,3
4039,笙,31513,U+7B19,追加字库; 合并字库; GB2312,3
4040,笛,31515,U+7B1B,追加字库; 合并字库; GB2312,3
4041,笞,31518,U+7B1E,追加字库; 合并字库; GB2312,3
4042,笠,31520,U+7B20,追加字库; 合并字库; GB2312,3
4043,笤,31524,U+7B24,追加字库; 合并字库; GB2312,3
4044,笥,31525,U+7B25,追加字库; 合并字库; GB2312,3
4045,符,31526,U+7B26,合并字库; GB2312,2
4046,笨,31528,U+7B28,追加字库; 合并字库; GB2312,3
4047,笪,31530,U+7B2A,追加字库; 合并字库; GB2312,3
4048,笫,31531,U+7B2B,追加字库; 合并字库; GB2312,3
4049,第,31532,U+7B2C,合并字库; GB2312,2
4050,笮,31534,U+7B2E,追加字库; 合并字库; GB2312,3
4051,笱,31537,U+7B31,追加字库; 合并字库; GB2312,3
4052,笳,31539,U+7B33,追加字库; 合并字库; GB2312,3
4053,笸,31544,U+7B38,追加字库; 合并字库; GB2312,3
4054,笺,31546,U+7B3A,追加字库; 合并字库; GB2312,3
4055,笼,31548,U+7B3C,追加字库; 合并字库; GB2312,3
4056,笾,31550,U+7B3E,追加字库; 合并字库; GB2312,3
4057,筅,31557,U+7B45,追加字库; 合并字库; GB2312,3
4058,筇,31559,U+7B47,追加字库; 合并字库; GB2312,3
4059,等,31561,U+7B49,合并字库; GB2312,2
4060,筋,31563,U+7B4B,追加字库; 合并字库; GB2312,3
4061,筌,31564,U+7B4C,追加字库; 合并字库; GB2312,3
4062,筏,31567,U+7B4F,追加字库; 合并字库; GB2312,3
4063,筐,31568,U+7B50,追加字库; 合并字库; GB2312,3
4064,筑,31569,U+7B51,追加字库; 合并字库; GB2312,3
4065,筒,31570,U+7B52,追加字库; 合并字库; GB2312,3
4066,答,31572,U+7B54,追加字库; 合并字库; GB2312,3
4067,策,31574,U+7B56,追加字库; 合并字库; GB2312,3
4068,筘,31576,U+7B58,追加字库; 合并字库; GB2312,3
4069,筚,31578,U+7B5A,追加字库; 合并字库; GB2312,3
4070,筛,31579,U+7B5B,追加字库; 合并字库; GB2312,3
4071,筝,31581,U+7B5D,追加字库; 合并字库; GB2312,3
4072,筠,31584,U+7B60,追加字库; 合并字库; GB2312,3
4073,筢,31586,U+7B62,追加字库; 合并字库; GB2312,3
4074,筮,31598,U+7B6E,追加字库; 合并字库; GB2312,3
4075,筱,31601,U+7B71,追加字库; 合并字库; GB2312,3
4076,筲,31602,U+7B72,追加字库; 合并字库; GB2312,3
4077,筵,31605,U+7B75,追加字库; 合并字库; GB2312,3
4078,筷,31607,U+7B77,追加字库; 合并字库; GB2312,3
4079,筹,31609,U+7B79,追加字库; 合并字库; GB2312,3
4080,筻,31611,U+7B7B,追加字库; 合并字库; GB2312,3
4081,签,31614,U+7B7E,追加字库; 合并字库; GB2312,3
4082,简,31616,U+7B80,合并字库; GB2312,2
4083,箅,31621,U+7B85,追加字库; 合并字库; GB2312,3
4084,箍,31629,U+7B8D,追加字库; 合并字库; GB2312,3
4085,箐,31632,U+7B90,追加字库; 合并字库; GB2312,3
4086,箔,31636,U+7B94,追加字库; 合并字库; GB2312,3
4087,箕,31637,U+7B95,追加字库; 合并字库; GB2312,3
4088,算,31639,U+7B97,追加字库; 合并字库; GB2312,3
4089,箜,31644,U+7B9C,追加字库; 合并字库; GB2312,3
4090,箝,31645,U+7B9D,追加字库; 合并字库; GB2312,3
4091,管,31649,U+7BA1,追加字库; 合并字库; GB2312,3
4092,箢,31650,U+7BA2,追加字库; 合并字库; GB2312,3
4093,箦,31654,U+7BA6,追加字库; 合并字库; GB2312,3
4094,箧,31655,U+7BA7,追加字库; 合并字库; GB2312,3
4095,箨,31656,U+7BA8,追加字库; 合并字库; GB2312,3
4096,箩,31657,U+7BA9,追加字库; 合并字库; GB2312,3
4097,箪,31658,U+7BAA,追加字库; 合并字库; GB2312,3
4098,箫,31659,U+7BAB,追加字库; 合并字库; GB2312,3
4099,箬,31660,U+7BAC,追加字库; 合并字库; GB2312,3
4100,箭,31661,U+7BAD,追加字库; 合并字库; GB2312,3
4101,箱,31665,U+7BB1,追加字库; 合并字库; GB2312,3
4102,箴,31668,U+7BB4,追加字库; 合并字库; GB2312,3
4103,箸,31672,U+7BB8,追加字库; 合并字库; GB2312,3
4104,篁,31681,U+7BC1,追加字库; 合并字库; GB2312,3
4105,篆,31686,U+7BC6,追加字库; 合并字库; GB2312,3
4106,篇,31687,U+7BC7,追加字库; 合并字库; GB2312,3
4107,篌,31692,U+7BCC,追加字库; 合并字库; GB2312,3
4108,篑,31697,U+7BD1,追加字库; 合并字库; GB2312,3
4109,篓,31699,U+7BD3,追加字库; 合并字库; GB2312,3
4110,篙,31705,U+7BD9,追加字库; 合并字库; GB2312,3
4111,篚,31706,U+7BDA,追加字库; 合并字库; GB2312,3
4112,篝,31709,U+7BDD,追加字库; 合并字库; GB2312,3
4113,篡,31713,U+7BE1,追加字库; 合并字库; GB2312,3
4114,篥,31717,U+7BE5,追加字库; 合并字库; GB2312,3
4115,篦,31718,U+7BE6,追加字库; 合并字库; GB2312,3
4116,篪,31722,U+7BEA,追加字库; 合并字库; GB2312,3
4117,篮,31726,U+7BEE,追加字库; 合并字库; GB2312,3
4118,篱,31729,U+7BF1,追加字库; 合并字库; GB2312,3
4119,篷,31735,U+7BF7,追加字库; 合并字库; GB2312,3
4120,篼,31740,U+7BFC,追加字库; 合并字库; GB2312,3
4121,篾,31742,U+7BFE,追加字库; 合并字库; GB2312,3
4122,簇,31751,U+7C07,追加字库; 合并字库; GB2312,3
4123,簋,31755,U+7C0B,追加字库; 合并字库; GB2312,3
4124,簌,31756,U+7C0C,追加字库; 合并字库; GB2312,3
4125,簏,31759,U+7C0F,追加字库; 合并字库; GB2312,3
4126,簖,31766,U+7C16,追加字库; 合并字库; GB2312,3
4127,簟,31775,U+7C1F,追加字库; 合并字库; GB2312,3
4128,簦,31782,U+7C26,追加字库; 合并字库; GB2312,3
4129,簧,31783,U+7C27,追加字库; 合并字库; GB2312,3
4130,簪,31786,U+7C2A,追加字库; 合并字库; GB2312,3
4131,簸,31800,U+7C38,追加字库; 合并字库; GB2312,3
4132,簿,31807,U+7C3F,追加字库; 合并字库; GB2312,3
4133,籀,31808,U+7C40,追加字库; 合并字库; GB2312,3
4134,籁,31809,U+7C41,追加字库; 合并字库; GB2312,3
4135,籍,31821,U+7C4D,追加字库; 合并字库; GB2312,3
4136,米,31859,U+7C73,合并字库; GB2312,2
4137,籴,31860,U+7C74,追加字库; 合并字库; GB2312,3
4138,类,31867,U+7C7B,合并字库; GB2312,2
4139,籼,31868,U+7C7C,追加字库; 合并字库; GB2312,3
4140,籽,31869,U+7C7D,追加字库; 合并字库; GB2312,3
4141,粉,31881,U+7C89,合并字库; GB2312,2
4142,粑,31889,U+7C91,追加字库; 合并字库; GB2312,3
4143,粒,31890,U+7C92,追加字库; 合并字库; GB2312,3
4144,粕,31893,U+7C95,追加字库; 合并字库; GB2312,3
4145,粗,31895,U+7C97,合并字库; GB2312,2
4146,粘,31896,U+7C98,追加字库; 合并字库; GB2312,3
4147,粜,31900,U+7C9C,追加字库; 合并字库; GB2312,3
4148,粝,31901,U+7C9D,追加字库; 合并字库; GB2312,3
4149,粞,31902,U+7C9E,追加字库; 合并字库; GB2312,3
4150,粟,31903,U+7C9F,追加字库; 合并字库; GB2312,3
4151,粢,31906,U+7CA2,追加字库; 合并字库; GB2312,3
4152,粤,31908,U+7CA4,合并字库; GB2312,2
4153,粥,31909,U+7CA5,追加字库; 合并字库; GB2312,3
4154,粪,31914,U+7CAA,追加字库; 合并字库; GB2312,3
4155,粮,31918,U+7CAE,追加字库; 合并字库; GB2312,3
4156,粱,31921,U+7CB1,追加字库; 合并字库; GB2312,3
4157,粲,31922,U+7CB2,追加字库; 合并字库; GB2312,3
4158,粳,31923,U+7CB3,追加字库; 合并字库; GB2312,3
4159,粹,31929,U+7CB9,追加字库; 合并字库; GB2312,3
4160,粼,31932,U+7CBC,追加字库; 合并字库; GB2312,3
4161,粽,31933,U+7CBD,追加字库; 合并字库; GB2312,3
4162,精,31934,U+7CBE,合并字库; GB2312,2
4163,糁,31937,U+7CC1,追加字库; 合并字库; GB2312,3
4164,糅,31941,U+7CC5,追加字库; 合并字库; GB2312,3
4165,糇,31943,U+7CC7,追加字库; 合并字库; GB2312,3
4166,糈,31944,U+7CC8,追加字库; 合并字库; GB2312,3
4167,糊,31946,U+7CCA,追加字库; 合并字库; GB2312,3
4168,糌,31948,U+7CCC,追加字库; 合并字库; GB2312,3
4169,糍,31949,U+7CCD,追加字库; 合并字库; GB2312,3
4170,糕,31957,U+7CD5,追加字库; 合并字库; GB2312,3
4171,糖,31958,U+7CD6,追加字库; 合并字库; GB2312,3
4172,糗,31959,U+7CD7,追加字库; 合并字库; GB2312,3
4173,糙,31961,U+7CD9,追加字库; 合并字库; GB2312,3
4174,糜,31964,U+7CDC,追加字库; 合并字库; GB2312,3
4175,糟,31967,U+7CDF,追加字库; 合并字库; GB2312,3
4176,糠,31968,U+7CE0,追加字库; 合并字库; GB2312,3
4177,糨,31976,U+7CE8,追加字库; 合并字库; GB2312,3
4178,糯,31983,U+7CEF,追加字库; 合并字库; GB2312,3
4179,糸,31992,U+7CF8,追加字库; 合并字库; GB2312,3
4180,系,31995,U+7CFB,合并字库; GB2312,2
4181,紊,32010,U+7D0A,追加字库; 合并字库; GB2312,3
4182,素,32032,U+7D20,追加字库; 合并字库; GB2312,3
4183,索,32034,U+7D22,合并字库; GB2312,2
4184,紧,32039,U+7D27,合并字库; GB2312,2
4185,紫,32043,U+7D2B,合并字库; GB2312,2
4186,累,32047,U+7D2F,追加字库; 合并字库; GB2312,3
4187,絮,32110,U+7D6E,追加字库; 合并字库; GB2312,3
4188,絷,32119,U+7D77,追加字库; 合并字库; GB2312,3
4189,綦,32166,U+7DA6,合并字库; GB2312,2
4190,綮,32174,U+7DAE,追加字库; 合并字库; GB2312,3
4191,縻,32315,U+7E3B,追加字库; 合并字库; GB2312,3
4192,繁,32321,U+7E41,合并字库; GB2312,2
4193,繇,32327,U+7E47,追加字库; 合并字库; GB2312,3
4194,纂,32386,U+7E82,追加字库; 合并字库; GB2312,3
4195,纛,32411,U+7E9B,追加字库; 合并字库; GB2312,3
4196,纟,32415,U+7E9F,追加字库; 合并字库; GB2312,3
4197,纠,32416,U+7EA0,追加字库; 合并字库; GB2312,3
4198,纡,32417,U+7EA1,追加字库; 合并字库; GB2312,3
4199,红,32418,U+7EA2,合并字库; GB2312,2
4200,纣,32419,U+7EA3,追加字库; 合并字库; GB2312,3
4201,纤,32420,U+7EA4,追加字库; 合并字库; GB2312,3
4202,纥,32421,U+7EA5,追加字库; 合并字库; GB2312,3
4203,约,32422,U+7EA6,追加字库; 合并字库; GB2312,3
4204,级,32423,U+7EA7,合并字库; GB2312,2
4205,纨,32424,U+7EA8,追加字库; 合并字库; GB2312,3
4206,纩,32425,U+7EA9,追加字库; 合并字库; GB2312,3
4207,纪,32426,U+7EAA,合并字库; GB2312,2
4208,纫,32427,U+7EAB,追加字库; 合并字库; GB2312,3
4209,纬,32428,U+7EAC,追加字库; 合并字库; GB2312,3
4210,纭,32429,U+7EAD,追加字库; 合并字库; GB2312,3
4211,纯,32431,U+7EAF,追加字库; 合并字库; GB2312,3
4212,纰,32432,U+7EB0,追加字库; 合并字库; GB2312,3
4213,纱,32433,U+7EB1,追加字库; 合并字库; GB2312,3
4214,纲,32434,U+7EB2,追加字库; 合并字库; GB2312,3
4215,纳,32435,U+7EB3,追加字库; 合并字库; GB2312,3
4216,纵,32437,U+7EB5,合并字库; GB2312,2
4217,纶,32438,U+7EB6,追加字库; 合并字库; GB2312,3
4218,纷,32439,U+7EB7,追加字库; 合并字库; GB2312,3
4219,纸,32440,U+7EB8,合并字库; GB2312,2
4220,纹,32441,U+7EB9,追加字库; 合并字库; GB2312,3
4221,纺,32442,U+7EBA,追加字库; 合并字库; GB2312,3
4222,纽,32445,U+7EBD,追加字库; 合并字库; GB2312,3
4223,纾,32446,U+7EBE,追加字库; 合并字库; GB2312,3
4224,线,32447,U+7EBF,合并字库; GB2312,2
4225,绀,32448,U+7EC0,追加字库; 合并字库; GB2312,3
4226,绁,32449,U+7EC1,追加字库; 合并字库; GB2312,3
4227,绂,32450,U+7EC2,追加字库; 合并字库; GB2312,3
4228,练,32451,U+7EC3,追加字库; 合并字库; GB2312,3
4229,组,32452,U+7EC4,合并字库; GB2312,2
4230,绅,32453,U+7EC5,追加字库; 合并字库; GB2312,3
4231,细,32454,U+7EC6,合并字库; GB2312,2
4232,织,32455,U+7EC7,追加字库; 合并字库; GB2312,3
4233,终,32456,U+7EC8,追加字库; 合并字库; GB2312,3
4234,绉,32457,U+7EC9,追加字库; 合并字库; GB2312,3
4235,绊,32458,U+7ECA,追加字库; 合并字库; GB2312,3
4236,绋,32459,U+7ECB,追加字库; 合并字库; GB2312,3
4237,绌,32460,U+7ECC,追加字库; 合并字库; GB2312,3
4238,绍,32461,U+7ECD,合并字库; GB2312,2
4239,绎,32462,U+7ECE,追加字库; 合并字库; GB2312,3
4240,经,32463,U+7ECF,合并字库; GB2312,2
4241,绐,32464,U+7ED0,追加字库; 合并字库; GB2312,3
4242,绑,32465,U+7ED1,追加字库; 合并字库; GB2312,3
4243,绒,32466,U+7ED2,合并字库; GB2312,2
4244,结,32467,U+7ED3,追加字库; 合并字库; GB2312,3
4245,绔,32468,U+7ED4,追加字库; 合并字库; GB2312,3
4246,绕,32469,U+7ED5,追加字库; 合并字库; GB2312,3
4247,绗,32471,U+7ED7,追加字库; 合并字库; GB2312,3
4248,绘,32472,U+7ED8,追加字库; 合并字库; GB2312,3
4249,给,32473,U+7ED9,合并字库; GB2312,2
4250,绚,32474,U+7EDA,追加字库; 合并字库; GB2312,3
4251,绛,32475,U+7EDB,合并字库; GB2312,2
4252,络,32476,U+7EDC,追加字库; 合并字库; GB2312,3
4253,绝,32477,U+7EDD,追加字库; 合并字库; GB2312,3
4254,绞,32478,U+7EDE,追加字库; 合并字库; GB2312,3
4255,统,32479,U+7EDF,合并字库; GB2312,2
4256,绠,32480,U+7EE0,追加字库; 合并字库; GB2312,3
4257,绡,32481,U+7EE1,追加字库; 合并字库; GB2312,3
4258,绢,32482,U+7EE2,追加字库; 合并字库; GB2312,3
4259,绣,32483,U+7EE3,追加字库; 合并字库; GB2312,3
4260,绥,32485,U+7EE5,合并字库; GB2312,2
4261,绦,32486,U+7EE6,追加字库; 合并字库; GB2312,3
4262,继,32487,U+7EE7,合并字库; GB2312,2
4263,绨,32488,U+7EE8,追加字库; 合并字库; GB2312,3
4264,绩,32489,U+7EE9,追加字库; 合并字库; GB2312,3
4265,绪,32490,U+7EEA,追加字库; 合并字库; GB2312,3
4266,绫,32491,U+7EEB,追加字库; 合并字库; GB2312,3
4267,续,32493,U+7EED,追加字库; 追加字库; 合并字库; GB2312,4
4268,绮,32494,U+7EEE,追加字库; 合并字库; GB2312,3
4269,绯,32495,U+7EEF,追加字库; 合并字库; GB2312,3
4270,绰,32496,U+7EF0,追加字库; 合并字库; GB2312,3
4271,绱,32497,U+7EF1,追加字库; 合并字库; GB2312,3
4272,绲,32498,U+7EF2,追加字库; 合并字库; GB2312,3
4273,绳,32499,U+7EF3,追加字库; 合并字库; GB2312,3
4274,维,32500,U+7EF4,合并字库; GB2312,2
4275,绵,32501,U+7EF5,合并字库; GB2312,2
4276,绶,32502,U+7EF6,追加字库; 合并字库; GB2312,3
4277,绷,32503,U+7EF7,追加字库; 合并字库; GB2312,3
4278,绸,32504,U+7EF8,合并字库; GB2312,2
4279,绺,32506,U+7EFA,追加字库; 合并字库; GB2312,3
4280,绻,32507,U+7EFB,追加字库; 合并字库; GB2312,3
4281,综,32508,U+7EFC,追加字库; 合并字库; GB2312,3
4282,绽,32509,U+7EFD,追加字库; 合并字库; GB2312,3
4283,绾,32510,U+7EFE,追加字库; 合并字库; GB2312,3
4284,绿,32511,U+7EFF,合并字库; GB2312,2
4285,缀,32512,U+7F00,追加字库; 合并字库; GB2312,3
4286,缁,32513,U+7F01,追加字库; 合并字库; GB2312,3
4287,缂,32514,U+7F02,追加字库; 合并字库; GB2312,3
4288,缃,32515,U+7F03,追加字库; 合并字库; GB2312,3
4289,缄,32516,U+7F04,追加字库; 合并字库; GB2312,3
4290,缅,32517,U+7F05,追加字库; 合并字库; GB2312,3
4291,缆,32518,U+7F06,追加字库; 合并字库; GB2312,3
4292,缇,32519,U+7F07,追加字库; 合并字库; GB2312,3
4293,缈,32520,U+7F08,追加字库; 合并字库; GB2312,3
4294,缉,32521,U+7F09,追加字库; 合并字库; GB2312,3
4295,缋,32523,U+7F0B,追加字库; 合并字库; GB2312,3
4296,缌,32524,U+7F0C,追加字库; 合并字库; GB2312,3
4297,缍,32525,U+7F0D,追加字库; 合并字库; GB2312,3
4298,缎,32526,U+7F0E,合并字库; GB2312,2
4299,缏,32527,U+7F0F,追加字库; 合并字库; GB2312,3
4300,缑,32529,U+7F11,追加字库; 合并字库; GB2312,3
4301,缒,32530,U+7F12,追加字库; 合并字库; GB2312,3
4302,缓,32531,U+7F13,追加字库; 合并字库; GB2312,3
4303,缔,32532,U+7F14,追加字库; 合并字库; GB2312,3
4304,缕,32533,U+7F15,追加字库; 合并字库; GB2312,3
4305,编,32534,U+7F16,追加字库; 合并字库; GB2312,3
4306,缗,32535,U+7F17,追加字库; 合并字库; GB2312,3
4307,缘,32536,U+7F18,追加字库; 合并字库; GB2312,3
4308,缙,32537,U+7F19,追加字库; 合并字库; GB2312,3
4309,缚,32538,U+7F1A,追加字库; 合并字库; GB2312,3
4310,缛,32539,U+7F1B,追加字库; 合并字库; GB2312,3
4311,缜,32540,U+7F1C,追加字库; 合并字库; GB2312,3
4312,缝,32541,U+7F1D,追加字库; 合并字库; GB2312,3
4313,缟,32543,U+7F1F,追加字库; 合并字库; GB2312,3
4314,缠,32544,U+7F20,追加字库; 合并字库; GB2312,3
4315,缡,32545,U+7F21,追加字库; 合并字库; GB2312,3
4316,缢,32546,U+7F22,追加字库; 合并字库; GB2312,3
4317,缣,32547,U+7F23,追加字库; 合并字库; GB2312,3
4318,缤,32548,U+7F24,追加字库; 合并字库; GB2312,3
4319,缥,32549,U+7F25,追加字库; 合并字库; GB2312,3
4320,缦,32550,U+7F26,追加字库; 合并字库; GB2312,3
4321,缧,32551,U+7F27,追加字库; 合并字库; GB2312,3
4322,缨,32552,U+7F28,追加字库; 合并字库; GB2312,3
4323,缩,32553,U+7F29,合并字库; GB2312,2
4324,缪,32554,U+7F2A,追加字库; 合并字库; GB2312,3
4325,缫,32555,U+7F2B,追加字库; 合并字库; GB2312,3
4326,缬,32556,U+7F2C,追加字库; 合并字库; GB2312,3
4327,缭,32557,U+7F2D,追加字库; 合并字库; GB2312,3
4328,缮,32558,U+7F2E,追加字库; 合并字库; GB2312,3
4329,缯,32559,U+7F2F,追加字库; 合并字库; GB2312,3
4330,缰,32560,U+7F30,追加字库; 合并字库; GB2312,3
4331,缱,32561,U+7F31,追加字库; 合并字库; GB2312,3
4332,缲,32562,U+7F32,追加字库; 合并字库; GB2312,3
4333,缳,32563,U+7F33,追加字库; 合并字库; GB2312,3
4334,缴,32564,U+7F34,追加字库; 合并字库; GB2312,3
4335,缵,32565,U+7F35,追加字库; 合并字库; GB2312,3
4336,缶,32566,U+7F36,追加字库; 合并字库; GB2312,3
4337,缸,32568,U+7F38,追加字库; 合并字库; GB2312,3
4338,缺,32570,U+7F3A,追加字库; 合并字库; GB2312,3
4339,罂,32578,U+7F42,追加字库; 合并字库; GB2312,3
4340,罄,32580,U+7F44,追加字库; 合并字库; GB2312,3
4341,罅,32581,U+7F45,追加字库; 合并字库; GB2312,3
4342,罐,32592,U+7F50,追加字库; 合并字库; GB2312,3
4343,网,32593,U+7F51,合并字库; GB2312,2
4344,罔,32596,U+7F54,追加字库; 合并字库; GB2312,3
4345,罕,32597,U+7F55,追加字库; 合并字库; GB2312,3
4346,罗,32599,U+7F57,合并字库; GB2312,2
4347,罘,32600,U+7F58,追加字库; 合并字库; GB2312,3
4348,罚,32602,U+7F5A,追加字库; 合并字库; GB2312,3
4349,罟,32607,U+7F5F,追加字库; 合并字库; GB2312,3
4350,罡,32609,U+7F61,追加字库; 合并字库; GB2312,3
4351,罢,32610,U+7F62,追加字库; 合并字库; GB2312,3
4352,罨,32616,U+7F68,追加字库; 合并字库; GB2312,3
4353,罩,32617,U+7F69,追加字库; 合并字库; GB2312,3
4354,罪,32618,U+7F6A,追加字库; 合并字库; GB2312,3
4355,置,32622,U+7F6E,合并字库; GB2312,2
4356,罱,32625,U+7F71,追加字库; 合并字库; GB2312,3
4357,署,32626,U+7F72,追加字库; 合并字库; GB2312,3
4358,罴,32628,U+7F74,追加字库; 合并字库; GB2312,3
4359,罹,32633,U+7F79,追加字库; 合并字库; GB2312,3
4360,罾,32638,U+7F7E,追加字库; 合并字库; GB2312,3
4361,羁,32641,U+7F81,追加字库; 合并字库; GB2312,3
4362,羊,32650,U+7F8A,追加字库; 合并字库; GB2312,3
4363,羌,32652,U+7F8C,追加字库; 合并字库; GB2312,3
4364,美,32654,U+7F8E,合并字库; GB2312,2
4365,羔,32660,U+7F94,追加字库; 合并字库; GB2312,3
4366,羚,32666,U+7F9A,追加字库; 合并字库; GB2312,3
4367,羝,32669,U+7F9D,追加字库; 合并字库; GB2312,3
4368,羞,32670,U+7F9E,追加字库; 合并字库; GB2312,3
4369,羟,32671,U+7F9F,追加字库; 合并字库; GB2312,3
4370,羡,32673,U+7FA1,追加字库; 合并字库; GB2312,3
4371,群,32676,U+7FA4,合并字库; GB2312,2
4372,羧,32679,U+7FA7,追加字库; 合并字库; GB2312,3
4373,羯,32687,U+7FAF,追加字库; 合并字库; GB2312,3
4374,羰,32688,U+7FB0,追加字库; 合并字库; GB2312,3
4375,羲,32690,U+7FB2,追加字库; 合并字库; GB2312,3
4376,羸,32696,U+7FB8,追加字库; 合并字库; GB2312,3
4377,羹,32697,U+7FB9,追加字库; 合并字库; GB2312,3
4378,羼,32700,U+7FBC,追加字库; 合并字库; GB2312,3
4379,羽,32701,U+7FBD,合并字库; GB2312,2
4380,羿,32703,U+7FBF,追加字库; 合并字库; GB2312,3
4381,翁,32705,U+7FC1,追加字库; 合并字库; GB2312,3
4382,翅,32709,U+7FC5,追加字库; 合并字库; GB2312,3
4383,翊,32714,U+7FCA,追加字库; 合并字库; GB2312,3
4384,翌,32716,U+7FCC,追加字库; 合并字库; GB2312,3
4385,翎,32718,U+7FCE,追加字库; 合并字库; GB2312,3
4386,翔,32724,U+7FD4,追加字库; 合并字库; GB2312,3
4387,翕,32725,U+7FD5,追加字库; 合并字库; GB2312,3
4388,翘,32728,U+7FD8,追加字库; 合并字库; GB2312,3
4389,翟,32735,U+7FDF,追加字库; 合并字库; GB2312,3
4390,翠,32736,U+7FE0,追加字库; 合并字库; GB2312,3
4391,翡,32737,U+7FE1,追加字库; 合并字库; GB2312,3
4392,翥,32741,U+7FE5,追加字库; 合并字库; GB2312,3
4393,翦,32742,U+7FE6,追加字库; 合并字库; GB2312,3
4394,翩,32745,U+7FE9,追加字库; 合并字库; GB2312,3
4395,翮,32750,U+7FEE,追加字库; 合并字库; GB2312,3
4396,翰,32752,U+7FF0,追加字库; 合并字库; GB2312,3
4397,翱,32753,U+7FF1,追加字库; 合并字库; GB2312,3
4398,翳,32755,U+7FF3,追加字库; 合并字库; GB2312,3
4399,翻,32763,U+7FFB,追加字库; 合并字库; GB2312,3
4400,翼,32764,U+7FFC,追加字库; 合并字库; GB2312,3
4401,耀,32768,U+8000,追加字库; 合并字库; GB2312,3
4402,老,32769,U+8001,合并字库; GB2312,2
4403,考,32771,U+8003,合并字库; GB2312,2
4404,耄,32772,U+8004,追加字库; 合并字库; GB2312,3
4405,者,32773,U+8005,合并字库; GB2312,2
4406,耆,32774,U+8006,追加字库; 合并字库; GB2312,3
4407,耋,32779,U+800B,追加字库; 合并字库; GB2312,3
4408,而,32780,U+800C,追加字库; 合并字库; GB2312,3
4409,耍,32781,U+800D,追加字库; 合并字库; GB2312,3
4410,耐,32784,U+8010,追加字库; 合并字库; GB2312,3
4411,耒,32786,U+8012,追加字库; 合并字库; GB2312,3
4412,耔,32788,U+8014,追加字库; 合并字库; GB2312,3
4413,耕,32789,U+8015,追加字库; 合并字库; GB2312,3
4414,耖,32790,U+8016,追加字库; 合并字库; GB2312,3
4415,耗,32791,U+8017,追加字库; 合并字库; GB2312,3
4416,耘,32792,U+8018,追加字库; 合并字库; GB2312,3
4417,耙,32793,U+8019,追加字库; 合并字库; GB2312,3
4418,耜,32796,U+801C,追加字库; 合并字库; GB2312,3
4419,耠,32800,U+8020,追加字库; 合并字库; GB2312,3
4420,耢,32802,U+8022,追加字库; 合并字库; GB2312,3
4421,耥,32805,U+8025,追加字库; 合并字库; GB2312,3
4422,耦,32806,U+8026,追加字库; 合并字库; GB2312,3
4423,耧,32807,U+8027,追加字库; 合并字库; GB2312,3
4424,耨,32808,U+8028,追加字库; 合并字库; GB2312,3
4425,耩,32809,U+8029,追加字库; 合并字库; GB2312,3
4426,耪,32810,U+802A,追加字库; 合并字库; GB2312,3
4427,耱,32817,U+8031,追加字库; 合并字库; GB2312,3
4428,耳,32819,U+8033,合并字库; GB2312,2
4429,耵,32821,U+8035,追加字库; 合并字库; GB2312,3
4430,耶,32822,U+8036,追加字库; 合并字库; GB2312,3
4431,耷,32823,U+8037,追加字库; 合并字库; GB2312,3
4432,耸,32824,U+8038,追加字库; 合并字库; GB2312,3
4433,耻,32827,U+803B,追加字库; 合并字库; GB2312,3
4434,耽,32829,U+803D,追加字库; 合并字库; GB2312,3
4435,耿,32831,U+803F,追加字库; 合并字库; GB2312,3
4436,聂,32834,U+8042,追加字库; 合并字库; GB2312,3
4437,聃,32835,U+8043,追加字库; 合并字库; GB2312,3
4438,聆,32838,U+8046,追加字库; 合并字库; GB2312,3
4439,聊,32842,U+804A,合并字库; GB2312,2
4440,聋,32843,U+804B,追加字库; 合并字库; GB2312,3
4441,职,32844,U+804C,追加字库; 合并字库; GB2312,3
4442,聍,32845,U+804D,追加字库; 合并字库; GB2312,3
4443,聒,32850,U+8052,追加字库; 合并字库; GB2312,3
4444,联,32852,U+8054,合并字库; GB2312,2
4445,聘,32856,U+8058,追加字库; 合并字库; GB2312,3
4446,聚,32858,U+805A,合并字库; GB2312,2
4447,聩,32873,U+8069,追加字库; 合并字库; GB2312,3
4448,聪,32874,U+806A,追加字库; 合并字库; GB2312,3
4449,聱,32881,U+8071,追加字库; 合并字库; GB2312,3
4450,聿,32895,U+807F,追加字库; 合并字库; GB2312,3
4451,肀,32896,U+8080,追加字库; 合并字库; GB2312,3
4452,肃,32899,U+8083,合并字库; GB2312,2
4453,肄,32900,U+8084,追加字库; 合并字库; GB2312,3
4454,肆,32902,U+8086,追加字库; 合并字库; GB2312,3
4455,肇,32903,U+8087,合并字库; GB2312,2
4456,肉,32905,U+8089,追加字库; 合并字库; GB2312,3
4457,肋,32907,U+808B,追加字库; 合并字库; GB2312,3
4458,肌,32908,U+808C,追加字库; 合并字库; GB2312,3
4459,肓,32915,U+8093,追加字库; 合并字库; GB2312,3
4460,肖,32918,U+8096,追加字库; 合并字库; GB2312,3
4461,肘,32920,U+8098,追加字库; 合并字库; GB2312,3
4462,肚,32922,U+809A,追加字库; 合并字库; GB2312,3
4463,肛,32923,U+809B,追加字库; 合并字库; GB2312,3
4464,肜,32924,U+809C,追加字库; 合并字库; GB2312,3
4465,肝,32925,U+809D,追加字库; 合并字库; GB2312,3
4466,肟,32927,U+809F,追加字库; 合并字库; GB2312,3
4467,肠,32928,U+80A0,追加字库; 合并字库; GB2312,3
4468,股,32929,U+80A1,追加字库; 合并字库; GB2312,3
4469,肢,32930,U+80A2,追加字库; 合并字库; GB2312,3
4470,肤,32932,U+80A4,追加字库; 合并字库; GB2312,3
4471,肥,32933,U+80A5,合并字库; GB2312,2
4472,肩,32937,U+80A9,追加字库; 合并字库; GB2312,3
4473,肪,32938,U+80AA,追加字库; 合并字库; GB2312,3
4474,肫,32939,U+80AB,追加字库; 合并字库; GB2312,3
4475,肭,32941,U+80AD,追加字库; 合并字库; GB2312,3
4476,肮,32942,U+80AE,追加字库; 合并字库; GB2312,3
4477,肯,32943,U+80AF,追加字库; 合并字库; GB2312,3
4478,肱,32945,U+80B1,追加字库; 合并字库; GB2312,3
4479,育,32946,U+80B2,追加字库; 合并字库; GB2312,3
4480,肴,32948,U+80B4,追加字库; 合并字库; GB2312,3
4481,肷,32951,U+80B7,追加字库; 合并字库; GB2312,3
4482,肺,32954,U+80BA,追加字库; 合并字库; GB2312,3
4483,肼,32956,U+80BC,追加字库; 合并字库; GB2312,3
4484,肽,32957,U+80BD,追加字库; 合并字库; GB2312,3
4485,肾,32958,U+80BE,追加字库; 合并字库; GB2312,3
4486,肿,32959,U+80BF,追加字库; 合并字库; GB2312,3
4487,胀,32960,U+80C0,追加字库; 合并字库; GB2312,3
4488,胁,32961,U+80C1,追加字库; 合并字库; GB2312,3
4489,胂,32962,U+80C2,追加字库; 合并字库; GB2312,3
4490,胃,32963,U+80C3,追加字库; 合并字库; GB2312,3
4491,胄,32964,U+80C4,追加字库; 合并字库; GB2312,3
4492,胆,32966,U+80C6,追加字库; 合并字库; GB2312,3
4493,背,32972,U+80CC,合并字库; GB2312,2
4494,胍,32973,U+80CD,追加字库; 合并字库; GB2312,3
4495,胎,32974,U+80CE,追加字库; 合并字库; GB2312,3
4496,胖,32982,U+80D6,追加字库; 合并字库; GB2312,3
4497,胗,32983,U+80D7,追加字库; 合并字库; GB2312,3
4498,胙,32985,U+80D9,追加字库; 合并字库; GB2312,3
4499,胚,32986,U+80DA,追加字库; 合并字库; GB2312,3
4500,胛,32987,U+80DB,追加字库; 合并字库; GB2312,3
4501,胜,32988,U+80DC,合并字库; GB2312,2
4502,胝,32989,U+80DD,追加字库; 合并字库; GB2312,3
4503,胞,32990,U+80DE,追加字库; 合并字库; GB2312,3
4504,胡,32993,U+80E1,合并字库; GB2312,2
4505,胤,32996,U+80E4,追加字库; 合并字库; GB2312,3
4506,胥,32997,U+80E5,追加字库; 合并字库; GB2312,3
4507,胧,32999,U+80E7,追加字库; 合并字库; GB2312,3
4508,胨,33000,U+80E8,追加字库; 合并字库; GB2312,3
4509,胩,33001,U+80E9,追加字库; 合并字库; GB2312,3
4510,胪,33002,U+80EA,追加字库; 合并字库; GB2312,3
4511,胫,33003,U+80EB,追加字库; 合并字库; GB2312,3
4512,胬,33004,U+80EC,追加字库; 合并字库; GB2312,3
4513,胭,33005,U+80ED,追加字库; 合并字库; GB2312,3
4514,胯,33007,U+80EF,追加字库; 合并字库; GB2312,3
4515,胰,33008,U+80F0,追加字库; 合并字库; GB2312,3
4516,胱,33009,U+80F1,追加字库; 合并字库; GB2312,3
4517,胲,33010,U+80F2,追加字库; 合并字库; GB2312,3
4518,胳,33011,U+80F3,追加字库; 合并字库; GB2312,3
4519,胴,33012,U+80F4,追加字库; 合并字库; GB2312,3
4520,胶,33014,U+80F6,合并字库; GB2312,2
4521,胸,33016,U+80F8,追加字库; 合并字库; GB2312,3
4522,胺,33018,U+80FA,追加字库; 合并字库; GB2312,3
4523,胼,33020,U+80FC,追加字库; 合并字库; GB2312,3
4524,能,33021,U+80FD,合并字库; GB2312,2
4525,脂,33026,U+8102,追加字库; 合并字库; GB2312,3
4526,脆,33030,U+8106,追加字库; 合并字库; GB2312,3
4527,脉,33033,U+8109,追加字库; 合并字库; GB2312,3
4528,脊,33034,U+810A,追加字库; 合并字库; GB2312,3
4529,脍,33037,U+810D,追加字库; 合并字库; GB2312,3
4530,脎,33038,U+810E,追加字库; 合并字库; GB2312,3
4531,脏,33039,U+810F,追加字库; 合并字库; GB2312,3
4532,脐,33040,U+8110,追加字库; 合并字库; GB2312,3
4533,脑,33041,U+8111,追加字库; 合并字库; GB2312,3
4534,脒,33042,U+8112,追加字库; 合并字库; GB2312,3
4535,脓,33043,U+8113,追加字库; 合并字库; GB2312,3
4536,脔,33044,U+8114,追加字库; 合并字库; GB2312,3
4537,脖,33046,U+8116,追加字库; 合并字库; GB2312,3
4538,脘,33048,U+8118,追加字库; 合并字库; GB2312,3
4539,脚,33050,U+811A,合并字库; GB2312,2
4540,脞,33054,U+811E,追加字库; 合并字库; GB2312,3
4541,脬,33068,U+812C,追加字库; 合并字库; GB2312,3
4542,脯,33071,U+812F,追加字库; 合并字库; GB2312,3
4543,脱,33073,U+8131,追加字库; 合并字库; GB2312,3
4544,脲,33074,U+8132,追加字库; 合并字库; GB2312,3
4545,脶,33078,U+8136,追加字库; 合并字库; GB2312,3
4546,脸,33080,U+8138,追加字库; 合并字库; GB2312,3
4547,脾,33086,U+813E,追加字库; 合并字库; GB2312,3
4548,腆,33094,U+8146,追加字库; 合并字库; GB2312,3
4549,腈,33096,U+8148,追加字库; 合并字库; GB2312,3
4550,腊,33098,U+814A,合并字库; GB2312,2
4551,腋,33099,U+814B,追加字库; 合并字库; GB2312,3
4552,腌,33100,U+814C,追加字库; 合并字库; GB2312,3
4553,腐,33104,U+8150,追加字库; 合并字库; GB2312,3
4554,腑,33105,U+8151,追加字库; 合并字库; GB2312,3
4555,腓,33107,U+8153,追加字库; 合并字库; GB2312,3
4556,腔,33108,U+8154,追加字库; 合并字库; GB2312,3
4557,腕,33109,U+8155,追加字库; 合并字库; GB2312,3
4558,腙,33113,U+8159,追加字库; 合并字库; GB2312,3
4559,腚,33114,U+815A,追加字库; 合并字库; GB2312,3
4560,腠,33120,U+8160,追加字库; 合并字库; GB2312,3
4561,腥,33125,U+8165,追加字库; 合并字库; GB2312,3
4562,腧,33127,U+8167,追加字库; 合并字库; GB2312,3
4563,腩,33129,U+8169,追加字库; 合并字库; GB2312,3
4564,腭,33133,U+816D,追加字库; 合并字库; GB2312,3
4565,腮,33134,U+816E,追加字库; 合并字库; GB2312,3
4566,腰,33136,U+8170,追加字库; 合并字库; GB2312,3
4567,腱,33137,U+8171,追加字库; 合并字库; GB2312,3
4568,腴,33140,U+8174,追加字库; 合并字库; GB2312,3
4569,腹,33145,U+8179,追加字库; 合并字库; GB2312,3
4570,腺,33146,U+817A,追加字库; 合并字库; GB2312,3
4571,腻,33147,U+817B,追加字库; 合并字库; GB2312,3
4572,腼,33148,U+817C,追加字库; 合并字库; GB2312,3
4573,腽,33149,U+817D,追加字库; 合并字库; GB2312,3
4574,腾,33150,U+817E,追加字库; 合并字库; GB2312,3
4575,腿,33151,U+817F,合并字库; GB2312,2
4576,膀,33152,U+8180,追加字库; 合并字库; GB2312,3
4577,膂,33154,U+8182,追加字库; 合并字库; GB2312,3
4578,膈,33160,U+8188,追加字库; 合并字库; GB2312,3
4579,膊,33162,U+818A,追加字库; 合并字库; GB2312,3
4580,膏,33167,U+818F,追加字库; 合并字库; GB2312,3
4581,膑,33169,U+8191,追加字库; 合并字库; GB2312,3
4582,膘,33176,U+8198,追加字库; 合并字库; GB2312,3
4583,膛,33179,U+819B,追加字库; 合并字库; GB2312,3
4584,膜,33180,U+819C,追加字库; 合并字库; GB2312,3
4585,膝,33181,U+819D,追加字库; 合并字库; GB2312,3
4586,膣,33187,U+81A3,追加字库; 合并字库; GB2312,3
4587,膦,33190,U+81A6,追加字库; 合并字库; GB2312,3
4588,膨,33192,U+81A8,追加字库; 合并字库; GB2312,3
4589,膪,33194,U+81AA,追加字库; 合并字库; GB2312,3
4590,膳,33203,U+81B3,追加字库; 合并字库; GB2312,3
4591,膺,33210,U+81BA,追加字库; 合并字库; GB2312,3
4592,膻,33211,U+81BB,追加字库; 合并字库; GB2312,3
4593,臀,33216,U+81C0,追加字库; 合并字库; GB2312,3
4594,臁,33217,U+81C1,追加字库; 合并字库; GB2312,3
4595,臂,33218,U+81C2,追加字库; 合并字库; GB2312,3
4596,臃,33219,U+81C3,追加字库; 合并字库; GB2312,3
4597,臆,33222,U+81C6,追加字库; 合并字库; GB2312,3
4598,臊,33226,U+81CA,追加字库; 合并字库; GB2312,3
4599,臌,33228,U+81CC,追加字库; 合并字库; GB2312,3
4600,臣,33251,U+81E3,追加字库; 合并字库; GB2312,3
4601,臧,33255,U+81E7,追加字库; 合并字库; GB2312,3
4602,自,33258,U+81EA,合并字库; GB2312,2
4603,臬,33260,U+81EC,追加字库; 合并字库; GB2312,3
4604,臭,33261,U+81ED,追加字库; 合并字库; GB2312,3
4605,至,33267,U+81F3,合并字库; GB2312,2
4606,致,33268,U+81F4,合并字库; GB2312,2
4607,臻,33275,U+81FB,追加字库; 合并字库; GB2312,3
4608,臼,33276,U+81FC,追加字库; 合并字库; GB2312,3
4609,臾,33278,U+81FE,追加字库; 合并字库; GB2312,3
4610,舀,33280,U+8200,追加字库; 合并字库; GB2312,3
4611,舁,33281,U+8201,追加字库; 合并字库; GB2312,3
4612,舂,33282,U+8202,追加字库; 合并字库; GB2312,3
4613,舄,33284,U+8204,追加字库; 合并字库; GB2312,3
4614,舅,33285,U+8205,追加字库; 合并字库; GB2312,3
4615,舆,33286,U+8206,追加字库; 合并字库; GB2312,3
4616,舌,33292,U+820C,追加字库; 合并字库; GB2312,3
4617,舍,33293,U+820D,合并字库; GB2312,2
4618,舐,33296,U+8210,追加字库; 合并字库; GB2312,3
4619,舒,33298,U+8212,追加字库; 合并字库; GB2312,3
4620,舔,33300,U+8214,追加字库; 合并字库; GB2312,3
4621,舛,33307,U+821B,追加字库; 合并字库; GB2312,3
4622,舜,33308,U+821C,追加字库; 合并字库; GB2312,3
4623,舞,33310,U+821E,合并字库; GB2312,2
4624,舟,33311,U+821F,合并字库; GB2312,2
4625,舡,33313,U+8221,追加字库; 合并字库; GB2312,3
4626,舢,33314,U+8222,追加字库; 合并字库; GB2312,3
4627,舣,33315,U+8223,追加字库; 合并字库; GB2312,3
4628,舨,33320,U+8228,追加字库; 合并字库; GB2312,3
4629,航,33322,U+822A,合并字库; GB2312,2
4630,舫,33323,U+822B,追加字库; 合并字库; GB2312,3
4631,般,33324,U+822C,追加字库; 合并字库; GB2312,3
4632,舭,33325,U+822D,追加字库; 合并字库; GB2312,3
4633,舯,33327,U+822F,追加字库; 合并字库; GB2312,3
4634,舰,33328,U+8230,追加字库; 合并字库; GB2312,3
4635,舱,33329,U+8231,追加字库; 合并字库; GB2312,3
4636,舳,33331,U+8233,追加字库; 合并字库; GB2312,3
4637,舴,33332,U+8234,追加字库; 合并字库; GB2312,3
4638,舵,33333,U+8235,追加字库; 合并字库; GB2312,3
4639,舶,33334,U+8236,追加字库; 合并字库; GB2312,3
4640,舷,33335,U+8237,追加字库; 合并字库; GB2312,3
4641,舸,33336,U+8238,追加字库; 合并字库; GB2312,3
4642,船,33337,U+8239,合并字库; GB2312,2
4643,舻,33339,U+823B,追加字库; 合并字库; GB2312,3
4644,舾,33342,U+823E,追加字库; 合并字库; GB2312,3
4645,艄,33348,U+8244,追加字库; 合并字库; GB2312,3
4646,艇,33351,U+8247,合并字库; GB2312,2
4647,艉,33353,U+8249,追加字库; 合并字库; GB2312,3
4648,艋,33355,U+824B,追加字库; 合并字库; GB2312,3
4649,艏,33359,U+824F,追加字库; 合并字库; GB2312,3
4650,艘,33368,U+8258,追加字库; 合并字库; GB2312,3
4651,艚,33370,U+825A,追加字库; 合并字库; GB2312,3
4652,艟,33375,U+825F,追加字库; 合并字库; GB2312,3
4653,艨,33384,U+8268,追加字库; 合并字库; GB2312,3
4654,艮,33390,U+826E,追加字库; 合并字库; GB2312,3
4655,良,33391,U+826F,合并字库; GB2312,2
4656,艰,33392,U+8270,追加字库; 合并字库; GB2312,3
4657,色,33394,U+8272,合并字库; GB2312,2
4658,艳,33395,U+8273,追加字库; 合并字库; GB2312,3
4659,艴,33396,U+8274,追加字库; 合并字库; GB2312,3
4660,艹,33401,U+8279,追加字库; 合并字库; GB2312,3
4661,艺,33402,U+827A,合并字库; GB2312,2
4662,艽,33405,U+827D,追加字库; 合并字库; GB2312,3
4663,艾,33406,U+827E,追加字库; 合并字库; GB2312,3
4664,艿,33407,U+827F,追加字库; 合并字库; GB2312,3
4665,节,33410,U+8282,合并字库; GB2312,2
4666,芄,33412,U+8284,追加字库; 合并字库; GB2312,3
4667,芈,33416,U+8288,追加字库; 合并字库; GB2312,3
4668,芊,33418,U+828A,追加字库; 合并字库; GB2312,3
4669,芋,33419,U+828B,追加字库; 合并字库; GB2312,3
4670,芍,33421,U+828D,追加字库; 合并字库; GB2312,3
4671,芎,33422,U+828E,追加字库; 合并字库; GB2312,3
4672,芏,33423,U+828F,追加字库; 合并字库; GB2312,3
4673,芑,33425,U+8291,追加字库; 合并字库; GB2312,3
4674,芒,33426,U+8292,合并字库; GB2312,2
4675,芗,33431,U+8297,追加字库; 合并字库; GB2312,3
4676,芘,33432,U+8298,追加字库; 合并字库; GB2312,3
4677,芙,33433,U+8299,追加字库; 合并字库; GB2312,3
4678,芜,33436,U+829C,合并字库; GB2312,2
4679,芝,33437,U+829D,追加字库; 合并字库; GB2312,3
4680,芟,33439,U+829F,追加字库; 合并字库; GB2312,3
4681,芡,33441,U+82A1,追加字库; 合并字库; GB2312,3
4682,芤,33444,U+82A4,追加字库; 合并字库; GB2312,3
4683,芥,33445,U+82A5,追加字库; 合并字库; GB2312,3
4684,芦,33446,U+82A6,合并字库; GB2312,2
4685,芨,33448,U+82A8,追加字库; 合并字库; GB2312,3
4686,芩,33449,U+82A9,追加字库; 合并字库; GB2312,3
4687,芪,33450,U+82AA,追加字库; 合并字库; GB2312,3
4688,芫,33451,U+82AB,追加字库; 合并字库; GB2312,3
4689,芬,33452,U+82AC,合并字库; GB2312,2
4690,芭,33453,U+82AD,追加字库; 合并字库; GB2312,3
4691,芮,33454,U+82AE,追加字库; 合并字库; GB2312,3
4692,芯,33455,U+82AF,追加字库; 合并字库; GB2312,3
4693,芰,33456,U+82B0,追加字库; 合并字库; GB2312,3
4694,花,33457,U+82B1,合并字库; GB2312,2
4695,芳,33459,U+82B3,合并字库; GB2312,2
4696,芴,33460,U+82B4,追加字库; 合并字库; GB2312,3
4697,芷,33463,U+82B7,合并字库; GB2312,2
4698,芸,33464,U+82B8,追加字库; 合并字库; GB2312,3
4699,芹,33465,U+82B9,追加字库; 合并字库; GB2312,3
4700,芽,33469,U+82BD,追加字库; 合并字库; GB2312,3
4701,芾,33470,U+82BE,追加字库; 合并字库; GB2312,3
4702,苁,33473,U+82C1,追加字库; 合并字库; GB2312,3
4703,苄,33476,U+82C4,追加字库; 合并字库; GB2312,3
4704,苇,33479,U+82C7,追加字库; 合并字库; GB2312,3
4705,苈,33480,U+82C8,追加字库; 合并字库; GB2312,3
4706,苊,33482,U+82CA,追加字库; 合并字库; GB2312,3
4707,苋,33483,U+82CB,追加字库; 合并字库; GB2312,3
4708,苌,33484,U+82CC,追加字库; 合并字库; GB2312,3
4709,苍,33485,U+82CD,合并字库; GB2312,2
4710,苎,33486,U+82CE,追加字库; 合并字库; GB2312,3
4711,苏,33487,U+82CF,合并字库; GB2312,2
4712,苑,33489,U+82D1,合并字库; GB2312,2
4713,苒,33490,U+82D2,追加字库; 合并字库; GB2312,3
4714,苓,33491,U+82D3,追加字库; 合并字库; GB2312,3
4715,苔,33492,U+82D4,追加字库; 合并字库; GB2312,3
4716,苕,33493,U+82D5,追加字库; 合并字库; GB2312,3
4717,苗,33495,U+82D7,追加字库; 合并字库; GB2312,3
4718,苘,33496,U+82D8,追加字库; 合并字库; GB2312,3
4719,苛,33499,U+82DB,追加字库; 合并字库; GB2312,3
4720,苜,33500,U+82DC,追加字库; 合并字库; GB2312,3
4721,苞,33502,U+82DE,追加字库; 合并字库; GB2312,3
4722,苟,33503,U+82DF,追加字库; 合并字库; GB2312,3
4723,苠,33504,U+82E0,追加字库; 合并字库; GB2312,3
4724,苡,33505,U+82E1,追加字库; 合并字库; GB2312,3
4725,苣,33507,U+82E3,追加字库; 合并字库; GB2312,3
4726,苤,33508,U+82E4,追加字库; 合并字库; GB2312,3
4727,若,33509,U+82E5,追加字库; 合并字库; GB2312,3
4728,苦,33510,U+82E6,追加字库; 合并字库; GB2312,3
4729,苫,33515,U+82EB,追加字库; 合并字库; GB2312,3
4730,苯,33519,U+82EF,追加字库; 合并字库; GB2312,3
4731,英,33521,U+82F1,合并字库; GB2312,2
4732,苴,33524,U+82F4,追加字库; 合并字库; GB2312,3
4733,苷,33527,U+82F7,追加字库; 合并字库; GB2312,3
4734,苹,33529,U+82F9,追加字库; 合并字库; GB2312,3
4735,苻,33531,U+82FB,追加字库; 合并字库; GB2312,3
4736,茁,33537,U+8301,追加字库; 合并字库; GB2312,3
4737,茂,33538,U+8302,合并字库; GB2312,2
4738,范,33539,U+8303,合并字库; GB2312,2
4739,茄,33540,U+8304,追加字库; 合并字库; GB2312,3
4740,茅,33541,U+8305,追加字库; 合并字库; GB2312,3
4741,茆,33542,U+8306,追加字库; 合并字库; GB2312,3
4742,茇,33543,U+8307,追加字库; 合并字库; GB2312,3
4743,茈,33544,U+8308,追加字库; 合并字库; GB2312,3
4744,茉,33545,U+8309,追加字库; 合并字库; GB2312,3
4745,茌,33548,U+830C,追加字库; 合并字库; GB2312,3
4746,茎,33550,U+830E,追加字库; 合并字库; GB2312,3
4747,茏,33551,U+830F,追加字库; 合并字库; GB2312,3
4748,茑,33553,U+8311,追加字库; 合并字库; GB2312,3
4749,茔,33556,U+8314,追加字库; 合并字库; GB2312,3
4750,茕,33557,U+8315,追加字库; 合并字库; GB2312,3
4751,茗,33559,U+8317,追加字库; 合并字库; GB2312,3
4752,茚,33562,U+831A,追加字库; 合并字库; GB2312,3
4753,茛,33563,U+831B,追加字库; 合并字库; GB2312,3
4754,茜,33564,U+831C,追加字库; 合并字库; GB2312,3
4755,茧,33575,U+8327,追加字库; 合并字库; GB2312,3
4756,茨,33576,U+8328,追加字库; 合并字库; GB2312,3
4757,茫,33579,U+832B,追加字库; 合并字库; GB2312,3
4758,茬,33580,U+832C,追加字库; 合并字库; GB2312,3
4759,茭,33581,U+832D,追加字库; 合并字库; GB2312,3
4760,茯,33583,U+832F,追加字库; 合并字库; GB2312,3
4761,茱,33585,U+8331,追加字库; 合并字库; GB2312,3
4762,茳,33587,U+8333,追加字库; 合并字库; GB2312,3
4763,茴,33588,U+8334,追加字库; 合并字库; GB2312,3
4764,茵,33589,U+8335,追加字库; 合并字库; GB2312,3
4765,茶,33590,U+8336,合并字库; GB2312,2
4766,茸,33592,U+8338,追加字库; 合并字库; GB2312,3
4767,茹,33593,U+8339,追加字库; 合并字库; GB2312,3
4768,茺,33594,U+833A,追加字库; 合并字库; GB2312,3
4769,茼,33596,U+833C,追加字库; 合并字库; GB2312,3
4770,荀,33600,U+8340,追加字库; 合并字库; GB2312,3
4771,荃,33603,U+8343,追加字库; 合并字库; GB2312,3
4772,荆,33606,U+8346,合并字库; GB2312,2
4773,荇,33607,U+8347,追加字库; 合并字库; GB2312,3
4774,草,33609,U+8349,合并字库; GB2312,2
4775,荏,33615,U+834F,追加字库; 合并字库; GB2312,3
4776,荐,33616,U+8350,追加字库; 合并字库; GB2312,3
4777,荑,33617,U+8351,追加字库; 合并字库; GB2312,3
4778,荒,33618,U+8352,合并字库; GB2312,2
4779,荔,33620,U+8354,合并字库; GB2312,2
4780,荚,33626,U+835A,追加字库; 合并字库; GB2312,3
4781,荛,33627,U+835B,追加字库; 合并字库; GB2312,3
4782,荜,33628,U+835C,追加字库; 合并字库; GB2312,3
4783,荞,33630,U+835E,追加字库; 合并字库; GB2312,3
4784,荟,33631,U+835F,追加字库; 合并字库; GB2312,3
4785,荠,33632,U+8360,追加字库; 合并字库; GB2312,3
4786,荡,33633,U+8361,追加字库; 合并字库; GB2312,3
4787,荣,33635,U+8363,合并字库; GB2312,2
4788,荤,33636,U+8364,追加字库; 合并字库; GB2312,3
4789,荥,33637,U+8365,追加字库; 合并字库; GB2312,3
4790,荦,33638,U+8366,追加字库; 合并字库; GB2312,3
4791,荧,33639,U+8367,追加字库; 合并字库; GB2312,3
4792,荨,33640,U+8368,追加字库; 合并字库; GB2312,3
4793,荩,33641,U+8369,追加字库; 合并字库; GB2312,3
4794,荪,33642,U+836A,追加字库; 合并字库; GB2312,3
4795,荫,33643,U+836B,追加字库; 合并字库; GB2312,3
4796,荬,33644,U+836C,追加字库; 合并字库; GB2312,3
4797,荭,33645,U+836D,追加字库; 合并字库; GB2312,3
4798,荮,33646,U+836E,追加字库; 合并字库; GB2312,3
4799,药,33647,U+836F,合并字库; GB2312,2
4800,荷,33655,U+8377,合并字库; GB2312,2
4801,荸,33656,U+8378,追加字库; 合并字库; GB2312,3
4802,荻,33659,U+837B,追加字库; 合并字库; GB2312,3
4803,荼,33660,U+837C,追加字库; 合并字库; GB2312,3
4804,荽,33661,U+837D,追加字库; 合并字库; GB2312,3
4805,莅,33669,U+8385,追加字库; 合并字库; GB2312,3
4806,莆,33670,U+8386,合并字库; GB2312,2
4807,莉,33673,U+8389,追加字库; 合并字库; GB2312,3
4808,莎,33678,U+838E,合并字库; GB2312,2
4809,莒,33682,U+8392,合并字库; GB2312,2
4810,莓,33683,U+8393,追加字库; 合并字库; GB2312,3
4811,莘,33688,U+8398,合并字库; GB2312,2
4812,莛,33691,U+839B,追加字库; 合并字库; GB2312,3
4813,莜,33692,U+839C,追加字库; 合并字库; GB2312,3
4814,莞,33694,U+839E,合并字库; GB2312,2
4815,莠,33696,U+83A0,追加字库; 合并字库; GB2312,3
4816,莨,33704,U+83A8,追加字库; 合并字库; GB2312,3
4817,莩,33705,U+83A9,追加字库; 合并字库; GB2312,3
4818,莪,33706,U+83AA,追加字库; 合并字库; GB2312,3
4819,莫,33707,U+83AB,追加字库; 合并字库; GB2312,3
4820,莰,33712,U+83B0,追加字库; 合并字库; GB2312,3
4821,莱,33713,U+83B1,合并字库; GB2312,2
4822,莲,33714,U+83B2,合并字库; GB2312,2
4823,莳,33715,U+83B3,追加字库; 合并字库; GB2312,3
4824,莴,33716,U+83B4,追加字库; 合并字库; GB2312,3
4825,莶,33718,U+83B6,追加字库; 合并字库; GB2312,3
4826,获,33719,U+83B7,合并字库; GB2312,2
4827,莸,33720,U+83B8,追加字库; 合并字库; GB2312,3
4828,莹,33721,U+83B9,追加字库; 合并字库; GB2312,3
4829,莺,33722,U+83BA,追加字库; 合并字库; GB2312,3
4830,莼,33724,U+83BC,追加字库; 合并字库; GB2312,3
4831,莽,33725,U+83BD,追加字库; 合并字库; GB2312,3
4832,菀,33728,U+83C0,追加字库; 合并字库; GB2312,3
4833,菁,33729,U+83C1,合并字库; GB2312,2
4834,菅,33733,U+83C5,追加字库; 合并字库; GB2312,3
4835,菇,33735,U+83C7,追加字库; 合并字库; GB2312,3
4836,菊,33738,U+83CA,追加字库; 合并字库; GB2312,3
4837,菌,33740,U+83CC,追加字库; 合并字库; GB2312,3
4838,菏,33743,U+83CF,合并字库; GB2312,2
4839,菔,33748,U+83D4,追加字库; 合并字库; GB2312,3
4840,菖,33750,U+83D6,追加字库; 合并字库; GB2312,3
4841,菘,33752,U+83D8,追加字库; 合并字库; GB2312,3
4842,菜,33756,U+83DC,合并字库; GB2312,2
4843,菝,33757,U+83DD,追加字库; 合并字库; GB2312,3
4844,菟,33759,U+83DF,追加字库; 合并字库; GB2312,3
4845,菠,33760,U+83E0,追加字库; 合并字库; GB2312,3
4846,菡,33761,U+83E1,追加字库; 合并字库; GB2312,3
4847,菥,33765,U+83E5,追加字库; 合并字库; GB2312,3
4848,菩,33769,U+83E9,追加字库; 合并字库; GB2312,3
4849,菪,33770,U+83EA,追加字库; 合并字库; GB2312,3
4850,菰,33776,U+83F0,追加字库; 合并字库; GB2312,3
4851,菱,33777,U+83F1,追加字库; 合并字库; GB2312,3
4852,菲,33778,U+83F2,追加字库; 合并字库; GB2312,3
4853,菸,33784,U+83F8,追加字库; 合并字库; GB2312,3
4854,菹,33785,U+83F9,追加字库; 合并字库; GB2312,3
4855,菽,33789,U+83FD,追加字库; 合并字库; GB2312,3
4856,萁,33793,U+8401,追加字库; 合并字库; GB2312,3
4857,萃,33795,U+8403,追加字库; 合并字库; GB2312,3
4858,萄,33796,U+8404,追加字库; 合并字库; GB2312,3
4859,萆,33798,U+8406,追加字库; 合并字库; GB2312,3
4860,萋,33803,U+840B,追加字库; 合并字库; GB2312,3
4861,萌,33804,U+840C,追加字库; 合并字库; GB2312,3
4862,萍,33805,U+840D,追加字库; 合并字库; GB2312,3
4863,萎,33806,U+840E,追加字库; 合并字库; GB2312,3
4864,萏,33807,U+840F,追加字库; 合并字库; GB2312,3
4865,萑,33809,U+8411,追加字库; 合并字库; GB2312,3
4866,萘,33816,U+8418,追加字库; 合并字库; GB2312,3
4867,萜,33820,U+841C,追加字库; 合并字库; GB2312,3
4868,萝,33821,U+841D,合并字库; GB2312,2
4869,萤,33828,U+8424,追加字库; 合并字库; GB2312,3
4870,营,33829,U+8425,合并字库; GB2312,2
4871,萦,33830,U+8426,追加字库; 合并字库; GB2312,3
4872,萧,33831,U+8427,合并字库; GB2312,2
4873,萨,33832,U+8428,追加字库; 合并字库; GB2312,3
4874,萱,33841,U+8431,追加字库; 合并字库; GB2312,3
4875,萸,33848,U+8438,追加字库; 合并字库; GB2312,3
4876,萼,33852,U+843C,追加字库; 合并字库; GB2312,3
4877,落,33853,U+843D,合并字库; GB2312,2
4878,葆,33862,U+8446,追加字库; 合并字库; GB2312,3
4879,葑,33873,U+8451,追加字库; 合并字库; GB2312,3
4880,著,33879,U+8457,追加字库; 合并字库; GB2312,3
4881,葙,33881,U+8459,追加字库; 合并字库; GB2312,3
4882,葚,33882,U+845A,追加字库; 合并字库; GB2312,3
4883,葛,33883,U+845B,合并字库; GB2312,2
4884,葜,33884,U+845C,追加字库; 合并字库; GB2312,3
4885,葡,33889,U+8461,追加字库; 合并字库; GB2312,3
4886,董,33891,U+8463,合并字库; GB2312,2
4887,葩,33897,U+8469,追加字库; 合并字库; GB2312,3
4888,葫,33899,U+846B,合并字库; GB2312,2
4889,葬,33900,U+846C,追加字库; 合并字库; GB2312,3
4890,葭,33901,U+846D,追加字库; 合并字库; GB2312,3
4891,葱,33905,U+8471,追加字库; 合并字库; GB2312,3
4892,葳,33907,U+8473,追加字库; 合并字库; GB2312,3
4893,葵,33909,U+8475,追加字库; 合并字库; GB2312,3
4894,葶,33910,U+8476,追加字库; 合并字库; GB2312,3
4895,葸,33912,U+8478,追加字库; 合并字库; GB2312,3
4896,葺,33914,U+847A,追加字库; 合并字库; GB2312,3
4897,蒂,33922,U+8482,追加字库; 合并字库; GB2312,3
4898,蒇,33927,U+8487,追加字库; 合并字库; GB2312,3
4899,蒈,33928,U+8488,追加字库; 合并字库; GB2312,3
4900,蒉,33929,U+8489,追加字库; 合并字库; GB2312,3
4901,蒋,33931,U+848B,合并字库; GB2312,2
4902,蒌,33932,U+848C,追加字库; 合并字库; GB2312,3
4903,蒎,33934,U+848E,追加字库; 合并字库; GB2312,3
4904,蒗,33943,U+8497,追加字库; 合并字库; GB2312,3
4905,蒙,33945,U+8499,合并字库; GB2312,2
4906,蒜,33948,U+849C,追加字库; 合并字库; GB2312,3
4907,蒡,33953,U+84A1,追加字库; 合并字库; GB2312,3
4908,蒯,33967,U+84AF,追加字库; 合并字库; GB2312,3
4909,蒲,33970,U+84B2,合并字库; GB2312,2
4910,蒴,33972,U+84B4,追加字库; 合并字库; GB2312,3
4911,蒸,33976,U+84B8,追加字库; 合并字库; GB2312,3
4912,蒹,33977,U+84B9,追加字库; 合并字库; GB2312,3
4913,蒺,33978,U+84BA,追加字库; 合并字库; GB2312,3
4914,蒽,33981,U+84BD,追加字库; 合并字库; GB2312,3
4915,蒿,33983,U+84BF,追加字库; 合并字库; GB2312,3
4916,蓁,33985,U+84C1,追加字库; 合并字库; GB2312,3
4917,蓄,33988,U+84C4,追加字库; 合并字库; GB2312,3
4918,蓉,33993,U+84C9,追加字库; 合并字库; GB2312,3
4919,蓊,33994,U+84CA,追加字库; 合并字库; GB2312,3
4920,蓍,33997,U+84CD,追加字库; 合并字库; GB2312,3
4921,蓐,34000,U+84D0,追加字库; 合并字库; GB2312,3
4922,蓑,34001,U+84D1,追加字库; 合并字库; GB2312,3
4923,蓓,34003,U+84D3,追加字库; 合并字库; GB2312,3
4924,蓖,34006,U+84D6,追加字库; 合并字库; GB2312,3
4925,蓝,34013,U+84DD,合并字库; GB2312,2
4926,蓟,34015,U+84DF,追加字库; 合并字库; GB2312,3
4927,蓠,34016,U+84E0,追加字库; 合并字库; GB2312,3
4928,蓣,34019,U+84E3,追加字库; 合并字库; GB2312,3
4929,蓥,34021,U+84E5,合并字库; GB2312,2
4930,蓦,34022,U+84E6,追加字库; 合并字库; GB2312,3
4931,蓬,34028,U+84EC,合并字库; GB2312,2
4932,蓰,34032,U+84F0,追加字库; 合并字库; GB2312,3
4933,蓼,34044,U+84FC,追加字库; 合并字库; GB2312,3
4934,蓿,34047,U+84FF,追加字库; 合并字库; GB2312,3
4935,蔌,34060,U+850C,追加字库; 合并字库; GB2312,3
4936,蔑,34065,U+8511,追加字库; 合并字库; GB2312,3
4937,蔓,34067,U+8513,追加字库; 合并字库; GB2312,3
4938,蔗,34071,U+8517,追加字库; 合并字库; GB2312,3
4939,蔚,34074,U+851A,合并字库; GB2312,2
4940,蔟,34079,U+851F,追加字库; 合并字库; GB2312,3
4941,蔡,34081,U+8521,合并字库; GB2312,2
4942,蔫,34091,U+852B,追加字库; 合并字库; GB2312,3
4943,蔬,34092,U+852C,追加字库; 合并字库; GB2312,3
4944,蔷,34103,U+8537,追加字库; 合并字库; GB2312,3
4945,蔸,34104,U+8538,追加字库; 合并字库; GB2312,3
4946,蔹,34105,U+8539,追加字库; 合并字库; GB2312,3
4947,蔺,34106,U+853A,追加字库; 合并字库; GB2312,3
4948,蔻,34107,U+853B,追加字库; 合并字库; GB2312,3
4949,蔼,34108,U+853C,追加字库; 合并字库; GB2312,3
4950,蔽,34109,U+853D,追加字库; 合并字库; GB2312,3
4951,蕃,34115,U+8543,追加字库; 合并字库; GB2312,3
4952,蕈,34120,U+8548,追加字库; 合并字库; GB2312,3
4953,蕉,34121,U+8549,追加字库; 合并字库; GB2312,3
4954,蕊,34122,U+854A,追加字库; 合并字库; GB2312,3
4955,蕖,34134,U+8556,追加字库; 合并字库; GB2312,3
4956,蕙,34137,U+8559,追加字库; 合并字库; GB2312,3
4957,蕞,34142,U+855E,追加字库; 合并字库; GB2312,3
4958,蕤,34148,U+8564,追加字库; 合并字库; GB2312,3
4959,蕨,34152,U+8568,追加字库; 合并字库; GB2312,3
4960,蕲,34162,U+8572,追加字库; 合并字库; GB2312,3
4961,蕴,34164,U+8574,追加字库; 合并字库; GB2312,3
4962,蕹,34169,U+8579,追加字库; 合并字库; GB2312,3
4963,蕺,34170,U+857A,追加字库; 合并字库; GB2312,3
4964,蕻,34171,U+857B,追加字库; 合并字库; GB2312,3
4965,蕾,34174,U+857E,追加字库; 合并字库; GB2312,3
4966,薄,34180,U+8584,合并字库; GB2312,2
4967,薅,34181,U+8585,追加字库; 合并字库; GB2312,3
4968,薇,34183,U+8587,追加字库; 合并字库; GB2312,3
4969,薏,34191,U+858F,追加字库; 合并字库; GB2312,3
4970,薛,34203,U+859B,合并字库; GB2312,2
4971,薜,34204,U+859C,追加字库; 合并字库; GB2312,3
4972,薤,34212,U+85A4,追加字库; 合并字库; GB2312,3
4973,薨,34216,U+85A8,追加字库; 合并字库; GB2312,3
4974,薪,34218,U+85AA,追加字库; 合并字库; GB2312,3
4975,薮,34222,U+85AE,追加字库; 合并字库; GB2312,3
4976,薯,34223,U+85AF,追加字库; 合并字库; GB2312,3
4977,薰,34224,U+85B0,追加字库; 合并字库; GB2312,3
4978,薷,34231,U+85B7,追加字库; 合并字库; GB2312,3
4979,薹,34233,U+85B9,追加字库; 合并字库; GB2312,3
4980,藁,34241,U+85C1,追加字库; 合并字库; GB2312,3
4981,藉,34249,U+85C9,追加字库; 合并字库; GB2312,3
4982,藏,34255,U+85CF,合并字库; GB2312,2
4983,藐,34256,U+85D0,追加字库; 合并字库; GB2312,3
4984,藓,34259,U+85D3,追加字库; 合并字库; GB2312,3
4985,藕,34261,U+85D5,追加字库; 合并字库; GB2312,3
4986,藜,34268,U+85DC,追加字库; 合并字库; GB2312,3
4987,藤,34276,U+85E4,追加字库; 合并字库; GB2312,3
4988,藩,34281,U+85E9,追加字库; 合并字库; GB2312,3
4989,藻,34299,U+85FB,追加字库; 合并字库; GB2312,3
4990,藿,34303,U+85FF,追加字库; 合并字库; GB2312,3
4991,蘅,34309,U+8605,追加字库; 合并字库; GB2312,3
4992,蘑,34321,U+8611,追加字库; 合并字库; GB2312,3
4993,蘖,34326,U+8616,追加字库; 合并字库; GB2312,3
4994,蘧,34343,U+8627,追加字库; 合并字库; GB2312,3
4995,蘩,34345,U+8629,追加字库; 合并字库; GB2312,3
4996,蘸,34360,U+8638,追加字库; 合并字库; GB2312,3
4997,蘼,34364,U+863C,追加字库; 合并字库; GB2312,3
4998,虍,34381,U+864D,追加字库; 合并字库; GB2312,3
4999,虎,34382,U+864E,合并字库; GB2312,2
5000,虏,34383,U+864F,追加字库; 合并字库; GB2312,3
5001,虐,34384,U+8650,追加字库; 合并字库; GB2312,3
5002,虑,34385,U+8651,追加字库; 合并字库; GB2312,3
5003,虔,34388,U+8654,追加字库; 合并字库; GB2312,3
5004,虚,34394,U+865A,追加字库; 合并字库; GB2312,3
5005,虞,34398,U+865E,合并字库; GB2312,2
5006,虢,34402,U+8662,追加字库; 合并字库; GB2312,3
5007,虫,34411,U+866B,合并字库; GB2312,2
5008,虬,34412,U+866C,追加字库; 合并字库; GB2312,3
5009,虮,34414,U+866E,追加字库; 合并字库; GB2312,3
5010,虱,34417,U+8671,追加字库; 合并字库; GB2312,3
5011,虹,34425,U+8679,合并字库; GB2312,2
5012,虺,34426,U+867A,追加字库; 合并字库; GB2312,3
5013,虻,34427,U+867B,追加字库; 合并字库; GB2312,3
5014,虼,34428,U+867C,追加字库; 合并字库; GB2312,3
5015,虽,34429,U+867D,追加字库; 合并字库; GB2312,3
5016,虾,34430,U+867E,追加字库; 合并字库; GB2312,3
5017,虿,34431,U+867F,追加字库; 合并字库; GB2312,3
5018,蚀,34432,U+8680,追加字库; 合并字库; GB2312,3
5019,蚁,34433,U+8681,追加字库; 合并字库; GB2312,3
5020,蚂,34434,U+8682,追加字库; 合并字库; GB2312,3
5021,蚊,34442,U+868A,追加字库; 合并字库; GB2312,3
5022,蚋,34443,U+868B,追加字库; 合并字库; GB2312,3
5023,蚌,34444,U+868C,合并字库; GB2312,2
5024,蚍,34445,U+868D,追加字库; 合并字库; GB2312,3
5025,蚓,34451,U+8693,追加字库; 合并字库; GB2312,3
5026,蚕,34453,U+8695,追加字库; 合并字库; GB2312,3
5027,蚜,34460,U+869C,追加字库; 合并字库; GB2312,3
5028,蚝,34461,U+869D,追加字库; 合并字库; GB2312,3
5029,蚣,34467,U+86A3,追加字库; 合并字库; GB2312,3
5030,蚤,34468,U+86A4,追加字库; 合并字库; GB2312,3
5031,蚧,34471,U+86A7,追加字库; 合并字库; GB2312,3
5032,蚨,34472,U+86A8,追加字库; 合并字库; GB2312,3
5033,蚩,34473,U+86A9,追加字库; 合并字库; GB2312,3
5034,蚪,34474,U+86AA,追加字库; 合并字库; GB2312,3
5035,蚬,34476,U+86AC,追加字库; 合并字库; GB2312,3
5036,蚯,34479,U+86AF,追加字库; 合并字库; GB2312,3
5037,蚰,34480,U+86B0,追加字库; 合并字库; GB2312,3
5038,蚱,34481,U+86B1,追加字库; 合并字库; GB2312,3
5039,蚴,34484,U+86B4,追加字库; 合并字库; GB2312,3
5040,蚵,34485,U+86B5,追加字库; 合并字库; GB2312,3
5041,蚶,34486,U+86B6,追加字库; 合并字库; GB2312,3
5042,蚺,34490,U+86BA,追加字库; 合并字库; GB2312,3
5043,蛀,34496,U+86C0,追加字库; 合并字库; GB2312,3
5044,蛄,34500,U+86C4,追加字库; 合并字库; GB2312,3
5045,蛆,34502,U+86C6,追加字库; 合并字库; GB2312,3
5046,蛇,34503,U+86C7,追加字库; 合并字库; GB2312,3
5047,蛉,34505,U+86C9,追加字库; 合并字库; GB2312,3
5048,蛊,34506,U+86CA,追加字库; 合并字库; GB2312,3
5049,蛋,34507,U+86CB,追加字库; 合并字库; GB2312,3
5050,蛎,34510,U+86CE,追加字库; 合并字库; GB2312,3
5051,蛏,34511,U+86CF,追加字库; 合并字库; GB2312,3
5052,蛐,34512,U+86D0,追加字库; 合并字库; GB2312,3
5053,蛑,34513,U+86D1,追加字库; 合并字库; GB2312,3
5054,蛔,34516,U+86D4,追加字库; 合并字库; GB2312,3
5055,蛘,34520,U+86D8,追加字库; 合并字库; GB2312,3
5056,蛙,34521,U+86D9,追加字库; 合并字库; GB2312,3
5057,蛛,34523,U+86DB,追加字库; 合并字库; GB2312,3
5058,蛞,34526,U+86DE,追加字库; 合并字库; GB2312,3
5059,蛟,34527,U+86DF,合并字库; GB2312,2
5060,蛤,34532,U+86E4,追加字库; 合并字库; GB2312,3
5061,蛩,34537,U+86E9,追加字库; 合并字库; GB2312,3
5062,蛭,34541,U+86ED,追加字库; 合并字库; GB2312,3
5063,蛮,34542,U+86EE,追加字库; 合并字库; GB2312,3
5064,蛰,34544,U+86F0,追加字库; 合并字库; GB2312,3
5065,蛱,34545,U+86F1,追加字库; 合并字库; GB2312,3
5066,蛲,34546,U+86F2,追加字库; 合并字库; GB2312,3
5067,蛳,34547,U+86F3,追加字库; 合并字库; GB2312,3
5068,蛴,34548,U+86F4,追加字库; 合并字库; GB2312,3
5069,蛸,34552,U+86F8,追加字库; 合并字库; GB2312,3
5070,蛹,34553,U+86F9,追加字库; 合并字库; GB2312,3
5071,蛾,34558,U+86FE,追加字库; 合并字库; GB2312,3
5072,蜀,34560,U+8700,合并字库; GB2312,2
5073,蜂,34562,U+8702,合并字库; GB2312,2
5074,蜃,34563,U+8703,追加字库; 合并字库; GB2312,3
5075,蜇,34567,U+8707,追加字库; 合并字库; GB2312,3
5076,蜈,34568,U+8708,追加字库; 合并字库; GB2312,3
5077,蜉,34569,U+8709,追加字库; 合并字库; GB2312,3
5078,蜊,34570,U+870A,追加字库; 合并字库; GB2312,3
5079,蜍,34573,U+870D,追加字库; 合并字库; GB2312,3
5080,蜒,34578,U+8712,追加字库; 合并字库; GB2312,3
5081,蜓,34579,U+8713,追加字库; 合并字库; GB2312,3
5082,蜕,34581,U+8715,追加字库; 合并字库; GB2312,3
5083,蜗,34583,U+8717,追加字库; 合并字库; GB2312,3
5084,蜘,34584,U+8718,追加字库; 合并字库; GB2312,3
5085,蜚,34586,U+871A,追加字库; 合并字库; GB2312,3
5086,蜜,34588,U+871C,追加字库; 合并字库; GB2312,3
5087,蜞,34590,U+871E,追加字库; 合并字库; GB2312,3
5088,蜡,34593,U+8721,追加字库; 合并字库; GB2312,3
5089,蜢,34594,U+8722,追加字库; 合并字库; GB2312,3
5090,蜣,34595,U+8723,追加字库; 合并字库; GB2312,3
5091,蜥,34597,U+8725,追加字库; 合并字库; GB2312,3
5092,蜩,34601,U+8729,追加字库; 合并字库; GB2312,3
5093,蜮,34606,U+872E,追加字库; 合并字库; GB2312,3
5094,蜱,34609,U+8731,追加字库; 合并字库; GB2312,3
5095,蜴,34612,U+8734,追加字库; 合并字库; GB2312,3
5096,蜷,34615,U+8737,追加字库; 合并字库; GB2312,3
5097,蜻,34619,U+873B,追加字库; 合并字库; GB2312,3
5098,蜾,34622,U+873E,追加字库; 合并字库; GB2312,3
5099,蜿,34623,U+873F,追加字库; 合并字库; GB2312,3
5100,蝇,34631,U+8747,追加字库; 合并字库; GB2312,3
5101,蝈,34632,U+8748,追加字库; 合并字库; GB2312,3
5102,蝉,34633,U+8749,追加字库; 合并字库; GB2312,3
5103,蝌,34636,U+874C,追加字库; 合并字库; GB2312,3
5104,蝎,34638,U+874E,追加字库; 合并字库; GB2312,3
5105,蝓,34643,U+8753,追加字库; 合并字库; GB2312,3
5106,蝗,34647,U+8757,追加字库; 合并字库; GB2312,3
5107,蝙,34649,U+8759,追加字库; 合并字库; GB2312,3
5108,蝠,34656,U+8760,追加字库; 合并字库; GB2312,3
5109,蝣,34659,U+8763,追加字库; 合并字库; GB2312,3
5110,蝤,34660,U+8764,追加字库; 合并字库; GB2312,3
5111,蝥,34661,U+8765,追加字库; 合并字库; GB2312,3
5112,蝮,34670,U+876E,追加字库; 合并字库; GB2312,3
5113,蝰,34672,U+8770,追加字库; 合并字库; GB2312,3
5114,蝴,34676,U+8774,追加字库; 合并字库; GB2312,3
5115,蝶,34678,U+8776,追加字库; 合并字库; GB2312,3
5116,蝻,34683,U+877B,追加字库; 合并字库; GB2312,3
5117,蝼,34684,U+877C,追加字库; 合并字库; GB2312,3
5118,蝽,34685,U+877D,追加字库; 合并字库; GB2312,3
5119,蝾,34686,U+877E,追加字库; 合并字库; GB2312,3
5120,螂,34690,U+8782,追加字库; 合并字库; GB2312,3
5121,螃,34691,U+8783,追加字库; 合并字库; GB2312,3
5122,螅,34693,U+8785,追加字库; 合并字库; GB2312,3
5123,螈,34696,U+8788,追加字库; 合并字库; GB2312,3
5124,螋,34699,U+878B,追加字库; 合并字库; GB2312,3
5125,融,34701,U+878D,追加字库; 合并字库; GB2312,3
5126,螓,34707,U+8793,追加字库; 合并字库; GB2312,3
5127,螗,34711,U+8797,追加字库; 合并字库; GB2312,3
5128,螟,34719,U+879F,追加字库; 合并字库; GB2312,3
5129,螨,34728,U+87A8,追加字库; 合并字库; GB2312,3
5130,螫,34731,U+87AB,追加字库; 合并字库; GB2312,3
5131,螬,34732,U+87AC,追加字库; 合并字库; GB2312,3
5132,螭,34733,U+87AD,追加字库; 合并字库; GB2312,3
5133,螯,34735,U+87AF,追加字库; 合并字库; GB2312,3
5134,螳,34739,U+87B3,追加字库; 合并字库; GB2312,3
5135,螵,34741,U+87B5,追加字库; 合并字库; GB2312,3
5136,螺,34746,U+87BA,追加字库; 合并字库; GB2312,3
5137,螽,34749,U+87BD,追加字库; 合并字库; GB2312,3
5138,蟀,34752,U+87C0,追加字库; 合并字库; GB2312,3
5139,蟆,34758,U+87C6,追加字库; 合并字库; GB2312,3
5140,蟊,34762,U+87CA,追加字库; 合并字库; GB2312,3
5141,蟋,34763,U+87CB,追加字库; 合并字库; GB2312,3
5142,蟑,34769,U+87D1,追加字库; 合并字库; GB2312,3
5143,蟒,34770,U+87D2,追加字库; 合并字库; GB2312,3
5144,蟓,34771,U+87D3,追加字库; 合并字库; GB2312,3
5145,蟛,34779,U+87DB,追加字库; 合并字库; GB2312,3
5146,蟠,34784,U+87E0,合并字库; GB2312,2
5147,蟥,34789,U+87E5,追加字库; 合并字库; GB2312,3
5148,蟪,34794,U+87EA,追加字库; 合并字库; GB2312,3
5149,蟮,34798,U+87EE,追加字库; 合并字库; GB2312,3
5150,蟹,34809,U+87F9,追加字库; 合并字库; GB2312,3
5151,蟾,34814,U+87FE,追加字库; 合并字库; GB2312,3
5152,蠃,34819,U+8803,追加字库; 合并字库; GB2312,3
5153,蠊,34826,U+880A,追加字库; 合并字库; GB2312,3
5154,蠓,34835,U+8813,追加字库; 合并字库; GB2312,3
5155,蠕,34837,U+8815,追加字库; 合并字库; GB2312,3
5156,蠖,34838,U+8816,追加字库; 合并字库; GB2312,3
5157,蠛,34843,U+881B,追加字库; 合并字库; GB2312,3
5158,蠡,34849,U+8821,追加字库; 合并字库; GB2312,3
5159,蠢,34850,U+8822,追加字库; 合并字库; GB2312,3
5160,蠲,34866,U+8832,追加字库; 合并字库; GB2312,3
5161,蠹,34873,U+8839,追加字库; 合并字库; GB2312,3
5162,蠼,34876,U+883C,追加字库; 合并字库; GB2312,3
5163,血,34880,U+8840,追加字库; 合并字库; GB2312,3
5164,衄,34884,U+8844,追加字库; 合并字库; GB2312,3
5165,衅,34885,U+8845,追加字库; 合并字库; GB2312,3
5166,行,34892,U+884C,追加字库; 追加字库; 追加字库; 合并字库; GB2312,5
5167,衍,34893,U+884D,追加字库; 合并字库; GB2312,3
5168,衔,34900,U+8854,追加字库; 合并字库; GB2312,3
5169,街,34903,U+8857,合并字库; GB2312,2
5170,衙,34905,U+8859,追加字库; 合并字库; GB2312,3
5171,衡,34913,U+8861,合并字库; GB2312,2
5172,衢,34914,U+8862,合并字库; GB2312,2
5173,衣,34915,U+8863,追加字库; 合并字库; GB2312,3
5174,衤,34916,U+8864,追加字库; 合并字库; GB2312,3
5175,补,34917,U+8865,追加字库; 合并字库; GB2312,3
5176,表,34920,U+8868,合并字库; GB2312,2
5177,衩,34921,U+8869,追加字库; 合并字库; GB2312,3
5178,衫,34923,U+886B,追加字库; 合并字库; GB2312,3
5179,衬,34924,U+886C,追加字库; 合并字库; GB2312,3
5180,衮,34926,U+886E,追加字库; 合并字库; GB2312,3
5181,衰,34928,U+8870,追加字库; 合并字库; GB2312,3
5182,衲,34930,U+8872,追加字库; 合并字库; GB2312,3
5183,衷,34935,U+8877,追加字库; 合并字库; GB2312,3
5184,衽,34941,U+887D,追加字库; 合并字库; GB2312,3
5185,衾,34942,U+887E,追加字库; 合并字库; GB2312,3
5186,衿,34943,U+887F,追加字库; 合并字库; GB2312,3
5187,袁,34945,U+8881,合并字库; GB2312,2
5188,袂,34946,U+8882,追加字库; 合并字库; GB2312,3
5189,袄,34948,U+8884,追加字库; 合并字库; GB2312,3
5190,袅,34949,U+8885,追加字库; 合并字库; GB2312,3
5191,袈,34952,U+8888,追加字库; 合并字库; GB2312,3
5192,袋,34955,U+888B,追加字库; 合并字库; GB2312,3
5193,袍,34957,U+888D,追加字库; 合并字库; GB2312,3
5194,袒,34962,U+8892,追加字库; 合并字库; GB2312,3
5195,袖,34966,U+8896,追加字库; 合并字库; GB2312,3
5196,袜,34972,U+889C,追加字库; 合并字库; GB2312,3
5197,袢,34978,U+88A2,追加字库; 合并字库; GB2312,3
5198,袤,34980,U+88A4,追加字库; 合并字库; GB2312,3
5199,被,34987,U+88AB,合并字库; GB2312,2
5200,袭,34989,U+88AD,追加字库; 合并字库; GB2312,3
5201,袱,34993,U+88B1,追加字库; 合并字库; GB2312,3
5202,袷,34999,U+88B7,追加字库; 合并字库; GB2312,3
5203,袼,35004,U+88BC,追加字库; 合并字库; GB2312,3
5204,裁,35009,U+88C1,追加字库; 合并字库; GB2312,3
5205,裂,35010,U+88C2,追加字库; 合并字库; GB2312,3
5206,装,35013,U+88C5,合并字库; GB2312,2
5207,裆,35014,U+88C6,追加字库; 合并字库; GB2312,3
5208,裉,35017,U+88C9,追加字库; 合并字库; GB2312,3
5209,裎,35022,U+88CE,追加字库; 合并字库; GB2312,3
5210,裒,35026,U+88D2,追加字库; 合并字库; GB2312,3
5211,裔,35028,U+88D4,追加字库; 合并字库; GB2312,3
5212,裕,35029,U+88D5,追加字库; 合并字库; GB2312,3
5213,裘,35032,U+88D8,追加字库; 合并字库; GB2312,3
5214,裙,35033,U+88D9,追加字库; 合并字库; GB2312,3
5215,裟,35039,U+88DF,追加字库; 合并字库; GB2312,3
5216,裢,35042,U+88E2,追加字库; 合并字库; GB2312,3
5217,裣,35043,U+88E3,追加字库; 合并字库; GB2312,3
5218,裤,35044,U+88E4,追加字库; 合并字库; GB2312,3
5219,裥,35045,U+88E5,追加字库; 合并字库; GB2312,3
5220,裨,35048,U+88E8,追加字库; 合并字库; GB2312,3
5221,裰,35056,U+88F0,追加字库; 合并字库; GB2312,3
5222,裱,35057,U+88F1,追加字库; 合并字库; GB2312,3
5223,裳,35059,U+88F3,追加字库; 合并字库; GB2312,3
5224,裴,35060,U+88F4,追加字库; 合并字库; GB2312,3
5225,裸,35064,U+88F8,追加字库; 合并字库; GB2312,3
5226,裹,35065,U+88F9,追加字库; 合并字库; GB2312,3
5227,裼,35068,U+88FC,追加字库; 合并字库; GB2312,3
5228,裾,35070,U+88FE,追加字库; 合并字库; GB2312,3
5229,褂,35074,U+8902,追加字库; 合并字库; GB2312,3
5230,褊,35082,U+890A,追加字库; 合并字库; GB2312,3
5231,褐,35088,U+8910,合并字库; GB2312,2
5232,褒,35090,U+8912,合并字库; GB2312,2
5233,褓,35091,U+8913,追加字库; 合并字库; GB2312,3
5234,褙,35097,U+8919,追加字库; 合并字库; GB2312,3
5235,褚,35098,U+891A,追加字库; 合并字库; GB2312,3
5236,褛,35099,U+891B,追加字库; 合并字库; GB2312,3
5237,褡,35105,U+8921,追加字库; 合并字库; GB2312,3
5238,褥,35109,U+8925,追加字库; 合并字库; GB2312,3
5239,褪,35114,U+892A,追加字库; 合并字库; GB2312,3
5240,褫,35115,U+892B,追加字库; 合并字库; GB2312,3
5241,褰,35120,U+8930,追加字库; 合并字库; GB2312,3
5242,褴,35124,U+8934,追加字库; 合并字库; GB2312,3
5243,褶,35126,U+8936,追加字库; 合并字库; GB2312,3
5244,襁,35137,U+8941,追加字库; 合并字库; GB2312,3
5245,襄,35140,U+8944,合并字库; GB2312,2
5246,襞,35166,U+895E,追加字库; 合并字库; GB2312,3
5247,襟,35167,U+895F,追加字库; 合并字库; GB2312,3
5248,襦,35174,U+8966,追加字库; 合并字库; GB2312,3
5249,襻,35195,U+897B,追加字库; 合并字库; GB2312,3
5250,西,35199,U+897F,合并字库; GB2312,2
5251,要,35201,U+8981,追加字库; 合并字库; GB2312,3
5252,覃,35203,U+8983,追加字库; 合并字库; GB2312,3
5253,覆,35206,U+8986,合并字库; GB2312,2
5254,见,35265,U+89C1,追加字库; 合并字库; GB2312,3
5255,观,35266,U+89C2,合并字库; GB2312,2
5256,规,35268,U+89C4,追加字库; 合并字库; GB2312,3
5257,觅,35269,U+89C5,追加字库; 合并字库; GB2312,3
5258,视,35270,U+89C6,合并字库; GB2312,2
5259,觇,35271,U+89C7,追加字库; 合并字库; GB2312,3
5260,览,35272,U+89C8,合并字库; GB2312,2
5261,觉,35273,U+89C9,合并字库; GB2312,2
5262,觊,35274,U+89CA,追加字库; 合并字库; GB2312,3
5263,觋,35275,U+89CB,追加字库; 合并字库; GB2312,3
5264,觌,35276,U+89CC,追加字库; 合并字库; GB2312,3
5265,觎,35278,U+89CE,追加字库; 合并字库; GB2312,3
5266,觏,35279,U+89CF,追加字库; 合并字库; GB2312,3
5267,觐,35280,U+89D0,追加字库; 合并字库; GB2312,3
5268,觑,35281,U+89D1,追加字库; 合并字库; GB2312,3
5269,角,35282,U+89D2,合并字库; GB2312,2
5270,觖,35286,U+89D6,追加字库; 合并字库; GB2312,3
5271,觚,35290,U+89DA,追加字库; 合并字库; GB2312,3
5272,觜,35292,U+89DC,追加字库; 合并字库; GB2312,3
5273,觞,35294,U+89DE,追加字库; 合并字库; GB2312,3
5274,解,35299,U+89E3,合并字库; GB2312,2
5275,觥,35301,U+89E5,追加字库; 合并字库; GB2312,3
5276,触,35302,U+89E6,追加字库; 合并字库; GB2312,3
5277,觫,35307,U+89EB,追加字库; 合并字库; GB2312,3
5278,觯,35311,U+89EF,追加字库; 合并字库; GB2312,3
5279,觳,35315,U+89F3,追加字库; 合并字库; GB2312,3
5280,言,35328,U+8A00,合并字库; GB2312,2
5281,訇,35335,U+8A07,追加字库; 合并字库; GB2312,3
5282,訾,35390,U+8A3E,追加字库; 合并字库; GB2312,3
5283,詈,35400,U+8A48,追加字库; 合并字库; GB2312,3
5284,詹,35449,U+8A79,追加字库; 合并字库; GB2312,3
5285,誉,35465,U+8A89,合并字库; GB2312,2
5286,誊,35466,U+8A8A,追加字库; 合并字库; GB2312,3
5287,誓,35475,U+8A93,追加字库; 合并字库; GB2312,3
5288,謇,35591,U+8B07,追加字库; 合并字库; GB2312,3
5289,謦,35622,U+8B26,追加字库; 合并字库; GB2312,3
5290,警,35686,U+8B66,合并字库; GB2312,2
5291,譬,35692,U+8B6C,追加字库; 合并字库; GB2312,3
5292,讠,35744,U+8BA0,追加字库; 合并字库; GB2312,3
5293,计,35745,U+8BA1,追加字库; 合并字库; GB2312,3
5294,订,35746,U+8BA2,追加字库; 合并字库; GB2312,3
5295,讣,35747,U+8BA3,追加字库; 合并字库; GB2312,3
5296,认,35748,U+8BA4,合并字库; GB2312,2
5297,讥,35749,U+8BA5,追加字库; 合并字库; GB2312,3
5298,讦,35750,U+8BA6,追加字库; 合并字库; GB2312,3
5299,讧,35751,U+8BA7,追加字库; 合并字库; GB2312,3
5300,讨,35752,U+8BA8,追加字库; 合并字库; GB2312,3
5301,让,35753,U+8BA9,合并字库; GB2312,2
5302,讪,35754,U+8BAA,追加字库; 合并字库; GB2312,3
5303,讫,35755,U+8BAB,追加字库; 合并字库; GB2312,3
5304,训,35757,U+8BAD,追加字库; 合并字库; GB2312,3
5305,议,35758,U+8BAE,追加字库; 合并字库; GB2312,3
5306,讯,35759,U+8BAF,合并字库; GB2312,2
5307,记,35760,U+8BB0,追加字库; 合并字库; GB2312,3
5308,讲,35762,U+8BB2,追加字库; 合并字库; GB2312,3
5309,讳,35763,U+8BB3,追加字库; 合并字库; GB2312,3
5310,讴,35764,U+8BB4,追加字库; 合并字库; GB2312,3
5311,讵,35765,U+8BB5,追加字库; 合并字库; GB2312,3
5312,讶,35766,U+8BB6,追加字库; 合并字库; GB2312,3
5313,讷,35767,U+8BB7,追加字库; 合并字库; GB2312,3
5314,许,35768,U+8BB8,合并字库; GB2312,2
5315,讹,35769,U+8BB9,追加字库; 合并字库; GB2312,3
5316,论,35770,U+8BBA,追加字库; 合并字库; GB2312,3
5317,讼,35772,U+8BBC,追加字库; 合并字库; GB2312,3
5318,讽,35773,U+8BBD,追加字库; 合并字库; GB2312,3
5319,设,35774,U+8BBE,合并字库; GB2312,2
5320,访,35775,U+8BBF,追加字库; 合并字库; GB2312,3
5321,诀,35776,U+8BC0,追加字库; 合并字库; GB2312,3
5322,证,35777,U+8BC1,追加字库; 合并字库; GB2312,3
5323,诂,35778,U+8BC2,追加字库; 合并字库; GB2312,3
5324,诃,35779,U+8BC3,追加字库; 合并字库; GB2312,3
5325,评,35780,U+8BC4,追加字库; 合并字库; GB2312,3
5326,诅,35781,U+8BC5,追加字库; 合并字库; GB2312,3
5327,识,35782,U+8BC6,追加字库; 合并字库; GB2312,3
5328,诈,35784,U+8BC8,追加字库; 合并字库; GB2312,3
5329,诉,35785,U+8BC9,追加字库; 合并字库; GB2312,3
5330,诊,35786,U+8BCA,追加字库; 合并字库; GB2312,3
5331,诋,35787,U+8BCB,追加字库; 合并字库; GB2312,3
5332,诌,35788,U+8BCC,追加字库; 合并字库; GB2312,3
5333,词,35789,U+8BCD,追加字库; 合并字库; GB2312,3
5334,诎,35790,U+8BCE,追加字库; 合并字库; GB2312,3
5335,诏,35791,U+8BCF,追加字库; 合并字库; GB2312,3
5336,译,35793,U+8BD1,追加字库; 合并字库; GB2312,3
5337,诒,35794,U+8BD2,追加字库; 合并字库; GB2312,3
5338,诓,35795,U+8BD3,追加字库; 合并字库; GB2312,3
5339,诔,35796,U+8BD4,追加字库; 合并字库; GB2312,3
5340,试,35797,U+8BD5,合并字库; GB2312,2
5341,诖,35798,U+8BD6,追加字库; 合并字库; GB2312,3
5342,诗,35799,U+8BD7,追加字库; 合并字库; GB2312,3
5343,诘,35800,U+8BD8,追加字库; 合并字库; GB2312,3
5344,诙,35801,U+8BD9,追加字库; 合并字库; GB2312,3
5345,诚,35802,U+8BDA,追加字库; 合并字库; GB2312,3
5346,诛,35803,U+8BDB,追加字库; 合并字库; GB2312,3
5347,诜,35804,U+8BDC,追加字库; 合并字库; GB2312,3
5348,话,35805,U+8BDD,追加字库; 合并字库; GB2312,3
5349,诞,35806,U+8BDE,追加字库; 合并字库; GB2312,3
5350,诟,35807,U+8BDF,追加字库; 合并字库; GB2312,3
5351,诠,35808,U+8BE0,追加字库; 合并字库; GB2312,3
5352,诡,35809,U+8BE1,追加字库; 合并字库; GB2312,3
5353,询,35810,U+8BE2,追加字库; 合并字库; GB2312,3
5354,诣,35811,U+8BE3,追加字库; 合并字库; GB2312,3
5355,诤,35812,U+8BE4,追加字库; 合并字库; GB2312,3
5356,该,35813,U+8BE5,合并字库; GB2312,2
5357,详,35814,U+8BE6,追加字库; 合并字库; GB2312,3
5358,诧,35815,U+8BE7,追加字库; 合并字库; GB2312,3
5359,诨,35816,U+8BE8,追加字库; 合并字库; GB2312,3
5360,诩,35817,U+8BE9,追加字库; 合并字库; GB2312,3
5361,诫,35819,U+8BEB,追加字库; 合并字库; GB2312,3
5362,诬,35820,U+8BEC,追加字库; 合并字库; GB2312,3
5363,语,35821,U+8BED,合并字库; GB2312,2
5364,诮,35822,U+8BEE,追加字库; 合并字库; GB2312,3
5365,误,35823,U+8BEF,追加字库; 合并字库; GB2312,3
5366,诰,35824,U+8BF0,追加字库; 合并字库; GB2312,3
5367,诱,35825,U+8BF1,追加字库; 合并字库; GB2312,3
5368,诲,35826,U+8BF2,追加字库; 合并字库; GB2312,3
5369,诳,35827,U+8BF3,追加字库; 合并字库; GB2312,3
5370,说,35828,U+8BF4,合并字库; GB2312,2
5371,诵,35829,U+8BF5,追加字库; 合并字库; GB2312,3
5372,诶,35830,U+8BF6,追加字库; 合并字库; GB2312,3
5373,请,35831,U+8BF7,合并字库; GB2312,2
5374,诸,35832,U+8BF8,合并字库; GB2312,2
5375,诹,35833,U+8BF9,追加字库; 合并字库; GB2312,3
5376,诺,35834,U+8BFA,追加字库; 合并字库; GB2312,3
5377,读,35835,U+8BFB,合并字库; GB2312,2
5378,诼,35836,U+8BFC,追加字库; 合并字库; GB2312,3
5379,诽,35837,U+8BFD,追加字库; 合并字库; GB2312,3
5380,课,35838,U+8BFE,追加字库; 合并字库; GB2312,3
5381,诿,35839,U+8BFF,追加字库; 合并字库; GB2312,3
5382,谀,35840,U+8C00,追加字库; 合并字库; GB2312,3
5383,谁,35841,U+8C01,追加字库; 合并字库; GB2312,3
5384,谂,35842,U+8C02,追加字库; 合并字库; GB2312,3
5385,调,35843,U+8C03,合并字库; GB2312,2
5386,谄,35844,U+8C04,追加字库; 合并字库; GB2312,3
5387,谅,35845,U+8C05,追加字库; 合并字库; GB2312,3
5388,谆,35846,U+8C06,追加字库; 合并字库; GB2312,3
5389,谇,35847,U+8C07,追加字库; 合并字库; GB2312,3
5390,谈,35848,U+8C08,追加字库; 合并字库; GB2312,3
5391,谊,35850,U+8C0A,追加字库; 合并字库; GB2312,3
5392,谋,35851,U+8C0B,追加字库; 合并字库; GB2312,3
5393,谌,35852,U+8C0C,追加字库; 合并字库; GB2312,3
5394,谍,35853,U+8C0D,追加字库; 合并字库; GB2312,3
5395,谎,35854,U+8C0E,追加字库; 合并字库; GB2312,3
5396,谏,35855,U+8C0F,追加字库; 合并字库; GB2312,3
5397,谐,35856,U+8C10,追加字库; 合并字库; GB2312,3
5398,谑,35857,U+8C11,追加字库; 合并字库; GB2312,3
5399,谒,35858,U+8C12,追加字库; 合并字库; GB2312,3
5400,谓,35859,U+8C13,追加字库; 合并字库; GB2312,3
5401,谔,35860,U+8C14,追加字库; 合并字库; GB2312,3
5402,谕,35861,U+8C15,追加字库; 合并字库; GB2312,3
5403,谖,35862,U+8C16,追加字库; 合并字库; GB2312,3
5404,谗,35863,U+8C17,追加字库; 合并字库; GB2312,3
5405,谘,35864,U+8C18,追加字库; 合并字库; GB2312,3
5406,谙,35865,U+8C19,追加字库; 合并字库; GB2312,3
5407,谚,35866,U+8C1A,追加字库; 合并字库; GB2312,3
5408,谛,35867,U+8C1B,追加字库; 合并字库; GB2312,3
5409,谜,35868,U+8C1C,追加字库; 合并字库; GB2312,3
5410,谝,35869,U+8C1D,追加字库; 合并字库; GB2312,3
5411,谟,35871,U+8C1F,追加字库; 合并字库; GB2312,3
5412,谠,35872,U+8C20,追加字库; 合并字库; GB2312,3
5413,谡,35873,U+8C21,追加字库; 合并字库; GB2312,3
5414,谢,35874,U+8C22,合并字库; GB2312,2
5415,谣,35875,U+8C23,追加字库; 合并字库; GB2312,3
5416,谤,35876,U+8C24,追加字库; 合并字库; GB2312,3
5417,谥,35877,U+8C25,追加字库; 合并字库; GB2312,3
5418,谦,35878,U+8C26,追加字库; 合并字库; GB2312,3
5419,谧,35879,U+8C27,追加字库; 合并字库; GB2312,3
5420,谨,35880,U+8C28,追加字库; 合并字库; GB2312,3
5421,谩,35881,U+8C29,追加字库; 合并字库; GB2312,3
5422,谪,35882,U+8C2A,追加字库; 合并字库; GB2312,3
5423,谫,35883,U+8C2B,追加字库; 合并字库; GB2312,3
5424,谬,35884,U+8C2C,追加字库; 合并字库; GB2312,3
5425,谭,35885,U+8C2D,追加字库; 合并字库; GB2312,3
5426,谮,35886,U+8C2E,追加字库; 合并字库; GB2312,3
5427,谯,35887,U+8C2F,追加字库; 合并字库; GB2312,3
5428,谰,35888,U+8C30,追加字库; 合并字库; GB2312,3
5429,谱,35889,U+8C31,追加字库; 合并字库; GB2312,3
5430,谲,35890,U+8C32,追加字库; 合并字库; GB2312,3
5431,谳,35891,U+8C33,追加字库; 合并字库; GB2312,3
5432,谴,35892,U+8C34,追加字库; 合并字库; GB2312,3
5433,谵,35893,U+8C35,追加字库; 合并字库; GB2312,3
5434,谶,35894,U+8C36,追加字库; 合并字库; GB2312,3
5435,谷,35895,U+8C37,合并字库; GB2312,2
5436,豁,35905,U+8C41,追加字库; 合并字库; GB2312,3
5437,豆,35910,U+8C46,合并字库; GB2312,2
5438,豇,35911,U+8C47,追加字库; 合并字库; GB2312,3
5439,豉,35913,U+8C49,追加字库; 合并字库; GB2312,3
5440,豌,35916,U+8C4C,追加字库; 合并字库; GB2312,3
5441,豕,35925,U+8C55,追加字库; 合并字库; GB2312,3
5442,豚,35930,U+8C5A,追加字库; 合并字库; GB2312,3
5443,象,35937,U+8C61,追加字库; 合并字库; GB2312,3
5444,豢,35938,U+8C62,追加字库; 合并字库; GB2312,3
5445,豪,35946,U+8C6A,追加字库; 合并字库; GB2312,3
5446,豫,35947,U+8C6B,合并字库; GB2312,2
5447,豳,35955,U+8C73,追加字库; 合并字库; GB2312,3
5448,豸,35960,U+8C78,追加字库; 合并字库; GB2312,3
5449,豹,35961,U+8C79,追加字库; 合并字库; GB2312,3
5450,豺,35962,U+8C7A,追加字库; 合并字库; GB2312,3
5451,貂,35970,U+8C82,追加字库; 合并字库; GB2312,3
5452,貅,35973,U+8C85,追加字库; 合并字库; GB2312,3
5453,貉,35977,U+8C89,追加字库; 合并字库; GB2312,3
5454,貊,35978,U+8C8A,追加字库; 合并字库; GB2312,3
5455,貌,35980,U+8C8C,追加字库; 合并字库; GB2312,3
5456,貔,35988,U+8C94,追加字库; 合并字库; GB2312,3
5457,貘,35992,U+8C98,追加字库; 合并字库; GB2312,3
5458,贝,36125,U+8D1D,合并字库; GB2312,2
5459,贞,36126,U+8D1E,追加字库; 合并字库; GB2312,3
5460,负,36127,U+8D1F,追加字库; 合并字库; GB2312,3
5461,贡,36129,U+8D21,合并字库; GB2312,2
5462,财,36130,U+8D22,追加字库; 合并字库; GB2312,3
5463,责,36131,U+8D23,追加字库; 合并字库; GB2312,3
5464,贤,36132,U+8D24,合并字库; GB2312,2
5465,败,36133,U+8D25,追加字库; 合并字库; GB2312,3
5466,账,36134,U+8D26,追加字库; 合并字库; GB2312,3
5467,货,36135,U+8D27,追加字库; 合并字库; GB2312,3
5468,质,36136,U+8D28,追加字库; 合并字库; GB2312,3
5469,贩,36137,U+8D29,追加字库; 合并字库; GB2312,3
5470,贪,36138,U+8D2A,追加字库; 合并字库; GB2312,3
5471,贫,36139,U+8D2B,追加字库; 合并字库; GB2312,3
5472,贬,36140,U+8D2C,追加字库; 合并字库; GB2312,3
5473,购,36141,U+8D2D,追加字库; 合并字库; GB2312,3
5474,贮,36142,U+8D2E,追加字库; 合并字库; GB2312,3
5475,贯,36143,U+8D2F,追加字库; 合并字库; GB2312,3
5476,贰,36144,U+8D30,追加字库; 合并字库; GB2312,3
5477,贱,36145,U+8D31,追加字库; 合并字库; GB2312,3
5478,贲,36146,U+8D32,追加字库; 合并字库; GB2312,3
5479,贳,36147,U+8D33,追加字库; 合并字库; GB2312,3
5480,贴,36148,U+8D34,追加字库; 合并字库; GB2312,3
5481,贵,36149,U+8D35,合并字库; GB2312,2
5482,贶,36150,U+8D36,追加字库; 合并字库; GB2312,3
5483,贷,36151,U+8D37,追加字库; 合并字库; GB2312,3
5484,贸,36152,U+8D38,追加字库; 合并字库; GB2312,3
5485,费,36153,U+8D39,追加字库; 合并字库; GB2312,3
5486,贺,36154,U+8D3A,合并字库; GB2312,2
5487,贻,36155,U+8D3B,追加字库; 合并字库; GB2312,3
5488,贼,36156,U+8D3C,追加字库; 合并字库; GB2312,3
5489,贽,36157,U+8D3D,追加字库; 合并字库; GB2312,3
5490,贾,36158,U+8D3E,合并字库; GB2312,2
5491,贿,36159,U+8D3F,追加字库; 合并字库; GB2312,3
5492,赀,36160,U+8D40,追加字库; 合并字库; GB2312,3
5493,赁,36161,U+8D41,追加字库; 合并字库; GB2312,3
5494,赂,36162,U+8D42,追加字库; 合并字库; GB2312,3
5495,赃,36163,U+8D43,追加字库; 合并字库; GB2312,3
5496,资,36164,U+8D44,合并字库; GB2312,2
5497,赅,36165,U+8D45,追加字库; 合并字库; GB2312,3
5498,赆,36166,U+8D46,追加字库; 合并字库; GB2312,3
5499,赇,36167,U+8D47,追加字库; 合并字库; GB2312,3
5500,赈,36168,U+8D48,追加字库; 合并字库; GB2312,3
5501,赉,36169,U+8D49,追加字库; 合并字库; GB2312,3
5502,赊,36170,U+8D4A,追加字库; 合并字库; GB2312,3
5503,赋,36171,U+8D4B,追加字库; 合并字库; GB2312,3
5504,赌,36172,U+8D4C,追加字库; 合并字库; GB2312,3
5505,赍,36173,U+8D4D,追加字库; 合并字库; GB2312,3
5506,赎,36174,U+8D4E,追加字库; 合并字库; GB2312,3
5507,赏,36175,U+8D4F,追加字库; 合并字库; GB2312,3
5508,赐,36176,U+8D50,追加字库; 合并字库; GB2312,3
5509,赓,36179,U+8D53,追加字库; 合并字库; GB2312,3
5510,赔,36180,U+8D54,追加字库; 合并字库; GB2312,3
5511,赕,36181,U+8D55,追加字库; 合并字库; GB2312,3
5512,赖,36182,U+8D56,追加字库; 合并字库; GB2312,3
5513,赘,36184,U+8D58,追加字库; 合并字库; GB2312,3
5514,赙,36185,U+8D59,追加字库; 合并字库; GB2312,3
5515,赚,36186,U+8D5A,追加字库; 合并字库; GB2312,3
5516,赛,36187,U+8D5B,追加字库; 合并字库; GB2312,3
5517,赜,36188,U+8D5C,追加字库; 合并字库; GB2312,3
5518,赝,36189,U+8D5D,追加字库; 合并字库; GB2312,3
5519,赞,36190,U+8D5E,追加字库; 合并字库; GB2312,3
5520,赠,36192,U+8D60,追加字库; 合并字库; GB2312,3
5521,赡,36193,U+8D61,追加字库; 合并字库; GB2312,3
5522,赢,36194,U+8D62,追加字库; 合并字库; GB2312,3
5523,赣,36195,U+8D63,合并字库; GB2312,2
5524,赤,36196,U+8D64,合并字库; GB2312,2
5525,赦,36198,U+8D66,追加字库; 合并字库; GB2312,3
5526,赧,36199,U+8D67,追加字库; 合并字库; GB2312,3
5527,赫,36203,U+8D6B,合并字库; GB2312,2
5528,赭,36205,U+8D6D,追加字库; 合并字库; GB2312,3
5529,走,36208,U+8D70,合并字库; GB2312,2
5530,赳,36211,U+8D73,追加字库; 合并字库; GB2312,3
5531,赴,36212,U+8D74,追加字库; 合并字库; GB2312,3
5532,赵,36213,U+8D75,合并字库; GB2312,2
5533,赶,36214,U+8D76,追加字库; 合并字库; GB2312,3
5534,起,36215,U+8D77,追加字库; 合并字库; GB2312,3
5535,趁,36225,U+8D81,追加字库; 合并字库; GB2312,3
5536,趄,36228,U+8D84,追加字库; 合并字库; GB2312,3
5537,超,36229,U+8D85,合并字库; GB2312,2
5538,越,36234,U+8D8A,合并字库; GB2312,2
5539,趋,36235,U+8D8B,追加字库; 合并字库; GB2312,3
5540,趑,36241,U+8D91,追加字库; 合并字库; GB2312,3
5541,趔,36244,U+8D94,追加字库; 合并字库; GB2312,3
5542,趟,36255,U+8D9F,追加字库; 合并字库; GB2312,3
5543,趣,36259,U+8DA3,追加字库; 合并字库; GB2312,3
5544,趱,36273,U+8DB1,追加字库; 合并字库; GB2312,3
5545,足,36275,U+8DB3,追加字库; 合并字库; GB2312,3
5546,趴,36276,U+8DB4,追加字库; 合并字库; GB2312,3
5547,趵,36277,U+8DB5,追加字库; 合并字库; GB2312,3
5548,趸,36280,U+8DB8,追加字库; 合并字库; GB2312,3
5549,趺,36282,U+8DBA,追加字库; 合并字库; GB2312,3
5550,趼,36284,U+8DBC,追加字库; 合并字库; GB2312,3
5551,趾,36286,U+8DBE,追加字库; 合并字库; GB2312,3
5552,趿,36287,U+8DBF,追加字库; 合并字库; GB2312,3
5553,跃,36291,U+8DC3,追加字库; 合并字库; GB2312,3
5554,跄,36292,U+8DC4,追加字库; 合并字库; GB2312,3
5555,跆,36294,U+8DC6,追加字库; 合并字库; GB2312,3
5556,跋,36299,U+8DCB,追加字库; 合并字库; GB2312,3
5557,跌,36300,U+8DCC,追加字库; 合并字库; GB2312,3
5558,跎,36302,U+8DCE,追加字库; 合并字库; GB2312,3
5559,跏,36303,U+8DCF,追加字库; 合并字库; GB2312,3
5560,跑,36305,U+8DD1,合并字库; GB2312,2
5561,跖,36310,U+8DD6,追加字库; 合并字库; GB2312,3
5562,跗,36311,U+8DD7,追加字库; 合并字库; GB2312,3
5563,跚,36314,U+8DDA,追加字库; 合并字库; GB2312,3
5564,跛,36315,U+8DDB,追加字库; 合并字库; GB2312,3
5565,距,36317,U+8DDD,追加字库; 合并字库; GB2312,3
5566,跞,36318,U+8DDE,追加字库; 合并字库; GB2312,3
5567,跟,36319,U+8DDF,追加字库; 合并字库; GB2312,3
5568,跣,36323,U+8DE3,追加字库; 合并字库; GB2312,3
5569,跤,36324,U+8DE4,追加字库; 合并字库; GB2312,3
5570,跨,36328,U+8DE8,合并字库; GB2312,2
5571,跪,36330,U+8DEA,追加字库; 合并字库; GB2312,3
5572,跫,36331,U+8DEB,追加字库; 合并字库; GB2312,3
5573,跬,36332,U+8DEC,追加字库; 合并字库; GB2312,3
5574,路,36335,U+8DEF,合并字库; GB2312,2
5575,跳,36339,U+8DF3,合并字库; GB2312,2
5576,践,36341,U+8DF5,追加字库; 合并字库; GB2312,3
5577,跷,36343,U+8DF7,追加字库; 合并字库; GB2312,3
5578,跸,36344,U+8DF8,追加字库; 合并字库; GB2312,3
5579,跹,36345,U+8DF9,追加字库; 合并字库; GB2312,3
5580,跺,36346,U+8DFA,追加字库; 合并字库; GB2312,3
5581,跻,36347,U+8DFB,追加字库; 合并字库; GB2312,3
5582,跽,36349,U+8DFD,追加字库; 合并字库; GB2312,3
5583,踅,36357,U+8E05,追加字库; 合并字库; GB2312,3
5584,踉,36361,U+8E09,追加字库; 合并字库; GB2312,3
5585,踊,36362,U+8E0A,追加字库; 合并字库; GB2312,3
5586,踌,36364,U+8E0C,追加字库; 合并字库; GB2312,3
5587,踏,36367,U+8E0F,追加字库; 合并字库; GB2312,3
5588,踔,36372,U+8E14,追加字库; 合并字库; GB2312,3
5589,踝,36381,U+8E1D,追加字库; 合并字库; GB2312,3
5590,踞,36382,U+8E1E,追加字库; 合并字库; GB2312,3
5591,踟,36383,U+8E1F,追加字库; 合并字库; GB2312,3
5592,踢,36386,U+8E22,追加字库; 合并字库; GB2312,3
5593,踣,36387,U+8E23,追加字库; 合并字库; GB2312,3
5594,踩,36393,U+8E29,追加字库; 合并字库; GB2312,3
5595,踪,36394,U+8E2A,追加字库; 合并字库; GB2312,3
5596,踬,36396,U+8E2C,追加字库; 合并字库; GB2312,3
5597,踮,36398,U+8E2E,追加字库; 合并字库; GB2312,3
5598,踯,36399,U+8E2F,追加字库; 合并字库; GB2312,3
5599,踱,36401,U+8E31,追加字库; 合并字库; GB2312,3
5600,踵,36405,U+8E35,追加字库; 合并字库; GB2312,3
5601,踹,36409,U+8E39,追加字库; 合并字库; GB2312,3
5602,踺,36410,U+8E3A,追加字库; 合并字库; GB2312,3
5603,踽,36413,U+8E3D,追加字库; 合并字库; GB2312,3
5604,蹀,36416,U+8E40,追加字库; 合并字库; GB2312,3
5605,蹁,36417,U+8E41,追加字库; 合并字库; GB2312,3
5606,蹂,36418,U+8E42,追加字库; 合并字库; GB2312,3
5607,蹄,36420,U+8E44,追加字库; 合并字库; GB2312,3
5608,蹇,36423,U+8E47,追加字库; 合并字库; GB2312,3
5609,蹈,36424,U+8E48,追加字库; 合并字库; GB2312,3
5610,蹉,36425,U+8E49,追加字库; 合并字库; GB2312,3
5611,蹊,36426,U+8E4A,追加字库; 合并字库; GB2312,3
5612,蹋,36427,U+8E4B,追加字库; 合并字库; GB2312,3
5613,蹑,36433,U+8E51,追加字库; 合并字库; GB2312,3
5614,蹒,36434,U+8E52,追加字库; 合并字库; GB2312,3
5615,蹙,36441,U+8E59,追加字库; 合并字库; GB2312,3
5616,蹦,36454,U+8E66,追加字库; 合并字库; GB2312,3
5617,蹩,36457,U+8E69,追加字库; 合并字库; GB2312,3
5618,蹬,36460,U+8E6C,追加字库; 合并字库; GB2312,3
5619,蹭,36461,U+8E6D,追加字库; 合并字库; GB2312,3
5620,蹯,36463,U+8E6F,追加字库; 合并字库; GB2312,3
5621,蹰,36464,U+8E70,追加字库; 合并字库; GB2312,3
5622,蹲,36466,U+8E72,追加字库; 合并字库; GB2312,3
5623,蹴,36468,U+8E74,追加字库; 合并字库; GB2312,3
5624,蹶,36470,U+8E76,追加字库; 合并字库; GB2312,3
5625,蹼,36476,U+8E7C,追加字库; 合并字库; GB2312,3
5626,蹿,36479,U+8E7F,追加字库; 合并字库; GB2312,3
5627,躁,36481,U+8E81,追加字库; 合并字库; GB2312,3
5628,躅,36485,U+8E85,追加字库; 合并字库; GB2312,3
5629,躇,36487,U+8E87,追加字库; 合并字库; GB2312,3
5630,躏,36495,U+8E8F,追加字库; 合并字库; GB2312,3
5631,躐,36496,U+8E90,追加字库; 合并字库; GB2312,3
5632,躔,36500,U+8E94,追加字库; 合并字库; GB2312,3
5633,躜,36508,U+8E9C,追加字库; 合并字库; GB2312,3
5634,躞,36510,U+8E9E,追加字库; 合并字库; GB2312,3
5635,身,36523,U+8EAB,追加字库; 合并字库; GB2312,3
5636,躬,36524,U+8EAC,追加字库; 合并字库; GB2312,3
5637,躯,36527,U+8EAF,追加字库; 合并字库; GB2312,3
5638,躲,36530,U+8EB2,追加字库; 合并字库; GB2312,3
5639,躺,36538,U+8EBA,追加字库; 合并字库; GB2312,3
5640,軎,36558,U+8ECE,追加字库; 合并字库; GB2312,3
5641,车,36710,U+8F66,合并字库; GB2312,2
5642,轧,36711,U+8F67,追加字库; 合并字库; GB2312,3
5643,轨,36712,U+8F68,追加字库; 合并字库; GB2312,3
5644,轩,36713,U+8F69,追加字库; 合并字库; GB2312,3
5645,轫,36715,U+8F6B,追加字库; 合并字库; GB2312,3
5646,转,36716,U+8F6C,合并字库; GB2312,2
5647,轭,36717,U+8F6D,追加字库; 合并字库; GB2312,3
5648,轮,36718,U+8F6E,追加字库; 合并字库; GB2312,3
5649,软,36719,U+8F6F,追加字库; 合并字库; GB2312,3
5650,轰,36720,U+8F70,追加字库; 合并字库; GB2312,3
5651,轱,36721,U+8F71,追加字库; 合并字库; GB2312,3
5652,轲,36722,U+8F72,追加字库; 合并字库; GB2312,3
5653,轳,36723,U+8F73,追加字库; 合并字库; GB2312,3
5654,轴,36724,U+8F74,追加字库; 合并字库; GB2312,3
5655,轵,36725,U+8F75,追加字库; 合并字库; GB2312,3
5656,轶,36726,U+8F76,追加字库; 合并字库; GB2312,3
5657,轷,36727,U+8F77,追加字库; 合并字库; GB2312,3
5658,轸,36728,U+8F78,追加字库; 合并字库; GB2312,3
5659,轹,36729,U+8F79,追加字库; 合并字库; GB2312,3
5660,轺,36730,U+8F7A,追加字库; 合并字库; GB2312,3
5661,轻,36731,U+8F7B,合并字库; GB2312,2
5662,轼,36732,U+8F7C,追加字库; 合并字库; GB2312,3
5663,载,36733,U+8F7D,合并字库; GB2312,2
5664,轾,36734,U+8F7E,追加字库; 合并字库; GB2312,3
5665,轿,36735,U+8F7F,合并字库; GB2312,2
5666,辁,36737,U+8F81,追加字库; 合并字库; GB2312,3
5667,辂,36738,U+8F82,追加字库; 合并字库; GB2312,3
5668,较,36739,U+8F83,追加字库; 合并字库; GB2312,3
5669,辄,36740,U+8F84,追加字库; 合并字库; GB2312,3
5670,辅,36741,U+8F85,追加字库; 合并字库; GB2312,3
5671,辆,36742,U+8F86,追加字库; 合并字库; GB2312,3
5672,辇,36743,U+8F87,追加字库; 合并字库; GB2312,3
5673,辈,36744,U+8F88,追加字库; 合并字库; GB2312,3
5674,辉,36745,U+8F89,合并字库; GB2312,2
5675,辊,36746,U+8F8A,追加字库; 合并字库; GB2312,3
5676,辋,36747,U+8F8B,追加字库; 合并字库; GB2312,3
5677,辍,36749,U+8F8D,追加字库; 合并字库; GB2312,3
5678,辎,36750,U+8F8E,追加字库; 合并字库; GB2312,3
5679,辏,36751,U+8F8F,追加字库; 合并字库; GB2312,3
5680,辐,36752,U+8F90,追加字库; 合并字库; GB2312,3
5681,辑,36753,U+8F91,追加字库; 合并字库; GB2312,3
5682,输,36755,U+8F93,合并字库; GB2312,2
5683,辔,36756,U+8F94,追加字库; 合并字库; GB2312,3
5684,辕,36757,U+8F95,追加字库; 合并字库; GB2312,3
5685,辖,36758,U+8F96,追加字库; 合并字库; GB2312,3
5686,辗,36759,U+8F97,追加字库; 合并字库; GB2312,3
5687,辘,36760,U+8F98,追加字库; 合并字库; GB2312,3
5688,辙,36761,U+8F99,追加字库; 合并字库; GB2312,3
5689,辚,36762,U+8F9A,追加字库; 合并字库; GB2312,3
5690,辛,36763,U+8F9B,合并字库; GB2312,2
5691,辜,36764,U+8F9C,追加字库; 合并字库; GB2312,3
5692,辞,36766,U+8F9E,追加字库; 合并字库; GB2312,3
5693,辟,36767,U+8F9F,追加字库; 合并字库; GB2312,3
5694,辣,36771,U+8FA3,追加字库; 合并字库; GB2312,3
5695,辨,36776,U+8FA8,追加字库; 合并字库; GB2312,3
5696,辩,36777,U+8FA9,追加字库; 合并字库; GB2312,3
5697,辫,36779,U+8FAB,追加字库; 合并字库; GB2312,3
5698,辰,36784,U+8FB0,追加字库; 合并字库; GB2312,3
5699,辱,36785,U+8FB1,追加字库; 合并字库; GB2312,3
5700,辶,36790,U+8FB6,追加字库; 合并字库; GB2312,3
5701,边,36793,U+8FB9,合并字库; GB2312,2
5702,辽,36797,U+8FBD,合并字库; GB2312,2
5703,达,36798,U+8FBE,合并字库; GB2312,2
5704,迁,36801,U+8FC1,合并字库; GB2312,2
5705,迂,36802,U+8FC2,追加字库; 合并字库; GB2312,3
5706,迄,36804,U+8FC4,追加字库; 合并字库; GB2312,3
5707,迅,36805,U+8FC5,追加字库; 合并字库; GB2312,3
5708,过,36807,U+8FC7,合并字库; GB2312,2
5709,迈,36808,U+8FC8,追加字库; 合并字库; GB2312,3
5710,迎,36814,U+8FCE,合并字库; GB2312,2
5711,运,36816,U+8FD0,合并字库; GB2312,2
5712,近,36817,U+8FD1,合并字库; GB2312,2
5713,迓,36819,U+8FD3,追加字库; 合并字库; GB2312,3
5714,返,36820,U+8FD4,合并字库; GB2312,2
5715,迕,36821,U+8FD5,追加字库; 合并字库; GB2312,3
5716,还,36824,U+8FD8,合并字库; GB2312,2
5717,这,36825,U+8FD9,合并字库; GB2312,2
5718,进,36827,U+8FDB,合并字库; GB2312,2
5719,远,36828,U+8FDC,合并字库; GB2312,2
5720,违,36829,U+8FDD,追加字库; 合并字库; GB2312,3
5721,连,36830,U+8FDE,追加字库; 合并字库; GB2312,3
5722,迟,36831,U+8FDF,追加字库; 合并字库; GB2312,3
5723,迢,36834,U+8FE2,追加字库; 合并字库; GB2312,3
5724,迤,36836,U+8FE4,追加字库; 合并字库; GB2312,3
5725,迥,36837,U+8FE5,追加字库; 合并字库; GB2312,3
5726,迦,36838,U+8FE6,追加字库; 合并字库; GB2312,3
5727,迨,36840,U+8FE8,追加字库; 合并字库; GB2312,3
5728,迩,36841,U+8FE9,追加字库; 合并字库; GB2312,3
5729,迪,36842,U+8FEA,合并字库; GB2312,2
5730,迫,36843,U+8FEB,追加字库; 合并字库; GB2312,3
5731,迭,36845,U+8FED,追加字库; 合并字库; GB2312,3
5732,迮,36846,U+8FEE,追加字库; 合并字库; GB2312,3
5733,述,36848,U+8FF0,追加字库; 合并字库; GB2312,3
5734,迳,36851,U+8FF3,追加字库; 合并字库; GB2312,3
5735,迷,36855,U+8FF7,追加字库; 合并字库; GB2312,3
5736,迸,36856,U+8FF8,追加字库; 合并字库; GB2312,3
5737,迹,36857,U+8FF9,追加字库; 合并字库; GB2312,3
5738,追,36861,U+8FFD,追加字库; 追加字库; 合并字库; GB2312,4
5739,退,36864,U+9000,合并字库; GB2312,2
5740,送,36865,U+9001,合并字库; GB2312,2
5741,适,36866,U+9002,追加字库; 合并字库; GB2312,3
5742,逃,36867,U+9003,追加字库; 合并字库; GB2312,3
5743,逄,36868,U+9004,追加字库; 合并字库; GB2312,3
5744,逅,36869,U+9005,追加字库; 合并字库; GB2312,3
5745,逆,36870,U+9006,合并字库; GB2312,2
5746,选,36873,U+9009,追加字库; 合并字库; GB2312,3
5747,逊,36874,U+900A,合并字库; GB2312,2
5748,逋,36875,U+900B,追加字库; 合并字库; GB2312,3
5749,逍,36877,U+900D,追加字库; 合并字库; GB2312,3
5750,透,36879,U+900F,追加字库; 合并字库; GB2312,3
5751,逐,36880,U+9010,追加字库; 合并字库; GB2312,3
5752,逑,36881,U+9011,追加字库; 合并字库; GB2312,3
5753,递,36882,U+9012,追加字库; 合并字库; GB2312,3
5754,途,36884,U+9014,追加字库; 合并字库; GB2312,3
5755,逖,36886,U+9016,追加字库; 合并字库; GB2312,3
5756,逗,36887,U+9017,追加字库; 合并字库; GB2312,3
5757,通,36890,U+901A,合并字库; GB2312,2
5758,逛,36891,U+901B,追加字库; 合并字库; GB2312,3
5759,逝,36893,U+901D,追加字库; 合并字库; GB2312,3
5760,逞,36894,U+901E,追加字库; 合并字库; GB2312,3
5761,速,36895,U+901F,合并字库; GB2312,2
5762,造,36896,U+9020,追加字库; 合并字库; GB2312,3
5763,逡,36897,U+9021,追加字库; 合并字库; GB2312,3
5764,逢,36898,U+9022,追加字库; 合并字库; GB2312,3
5765,逦,36902,U+9026,追加字库; 合并字库; GB2312,3
5766,逭,36909,U+902D,追加字库; 合并字库; GB2312,3
5767,逮,36910,U+902E,追加字库; 合并字库; GB2312,3
5768,逯,36911,U+902F,追加字库; 合并字库; GB2312,3
5769,逵,36917,U+9035,追加字库; 合并字库; GB2312,3
5770,逶,36918,U+9036,追加字库; 合并字库; GB2312,3
5771,逸,36920,U+9038,追加字库; 合并字库; GB2312,3
5772,逻,36923,U+903B,追加字库; 合并字库; GB2312,3
5773,逼,36924,U+903C,追加字库; 合并字库; GB2312,3
5774,逾,36926,U+903E,追加字库; 合并字库; GB2312,3
5775,遁,36929,U+9041,追加字库; 合并字库; GB2312,3
5776,遂,36930,U+9042,合并字库; GB2312,2
5777,遄,36932,U+9044,追加字库; 合并字库; GB2312,3
5778,遇,36935,U+9047,追加字库; 合并字库; GB2312,3
5779,遍,36941,U+904D,追加字库; 合并字库; GB2312,3
5780,遏,36943,U+904F,追加字库; 合并字库; GB2312,3
5781,遐,36944,U+9050,追加字库; 合并字库; GB2312,3
5782,遑,36945,U+9051,追加字库; 合并字库; GB2312,3
5783,遒,36946,U+9052,追加字库; 合并字库; GB2312,3
5784,道,36947,U+9053,合并字库; GB2312,2
5785,遗,36951,U+9057,追加字库; 合并字库; GB2312,3
5786,遘,36952,U+9058,追加字库; 合并字库; GB2312,3
5787,遛,36955,U+905B,追加字库; 合并字库; GB2312,3
5788,遢,36962,U+9062,追加字库; 合并字库; GB2312,3
5789,遣,36963,U+9063,追加字库; 合并字库; GB2312,3
5790,遥,36965,U+9065,追加字库; 合并字库; GB2312,3
5791,遨,36968,U+9068,追加字库; 合并字库; GB2312,3
5792,遭,36973,U+906D,追加字库; 合并字库; GB2312,3
5793,遮,36974,U+906E,追加字库; 合并字库; GB2312,3
5794,遴,36980,U+9074,追加字库; 合并字库; GB2312,3
5795,遵,36981,U+9075,合并字库; GB2312,2
5796,遽,36989,U+907D,追加字库; 合并字库; GB2312,3
5797,避,36991,U+907F,追加字库; 合并字库; GB2312,3
5798,邀,36992,U+9080,追加字库; 合并字库; GB2312,3
5799,邂,36994,U+9082,追加字库; 合并字库; GB2312,3
5800,邃,36995,U+9083,追加字库; 合并字库; GB2312,3
5801,邈,37000,U+9088,追加字库; 合并字库; GB2312,3
5802,邋,37003,U+908B,追加字库; 合并字库; GB2312,3
5803,邑,37009,U+9091,合并字库; GB2312,2
5804,邓,37011,U+9093,合并字库; GB2312,2
5805,邕,37013,U+9095,追加字库; 合并字库; GB2312,3
5806,邗,37015,U+9097,追加字库; 合并字库; GB2312,3
5807,邙,37017,U+9099,追加字库; 合并字库; GB2312,3
5808,邛,37019,U+909B,追加字库; 合并字库; GB2312,3
5809,邝,37021,U+909D,追加字库; 合并字库; GB2312,3
5810,邡,37025,U+90A1,合并字库; GB2312,2
5811,邢,37026,U+90A2,合并字库; GB2312,2
5812,那,37027,U+90A3,追加字库; 合并字库; GB2312,3
5813,邦,37030,U+90A6,追加字库; 合并字库; GB2312,3
5814,邪,37034,U+90AA,追加字库; 合并字库; GB2312,3
5815,邬,37036,U+90AC,追加字库; 合并字库; GB2312,3
5816,邮,37038,U+90AE,追加字库; 合并字库; GB2312,3
5817,邯,37039,U+90AF,合并字库; GB2312,2
5818,邰,37040,U+90B0,追加字库; 合并字库; GB2312,3
5819,邱,37041,U+90B1,合并字库; GB2312,2
5820,邳,37043,U+90B3,合并字库; GB2312,2
5821,邴,37044,U+90B4,追加字库; 合并字库; GB2312,3
5822,邵,37045,U+90B5,合并字库; GB2312,2
5823,邶,37046,U+90B6,追加字库; 合并字库; GB2312,3
5824,邸,37048,U+90B8,追加字库; 合并字库; GB2312,3
5825,邹,37049,U+90B9,合并字库; GB2312,2
5826,邺,37050,U+90BA,追加字库; 合并字库; GB2312,3
5827,邻,37051,U+90BB,追加字库; 合并字库; GB2312,3
5828,邾,37054,U+90BE,追加字库; 合并字库; GB2312,3
5829,郁,37057,U+90C1,合并字库; GB2312,2
5830,郄,37060,U+90C4,追加字库; 合并字库; GB2312,3
5831,郅,37061,U+90C5,追加字库; 合并字库; GB2312,3
5832,郇,37063,U+90C7,追加字库; 合并字库; GB2312,3
5833,郊,37066,U+90CA,合并字库; GB2312,2
5834,郎,37070,U+90CE,合并字库; GB2312,2
5835,郏,37071,U+90CF,合并字库; GB2312,2
5836,郐,37072,U+90D0,追加字库; 合并字库; GB2312,3
5837,郑,37073,U+90D1,合并字库; GB2312,2
5838,郓,37075,U+90D3,合并字库; GB2312,2
5839,郗,37079,U+90D7,追加字库; 合并字库; GB2312,3
5840,郛,37083,U+90DB,追加字库; 合并字库; GB2312,3
5841,郜,37084,U+90DC,追加字库; 合并字库; GB2312,3
5842,郝,37085,U+90DD,追加字库; 合并字库; GB2312,3
5843,郡,37089,U+90E1,合并字库; GB2312,2
5844,郢,37090,U+90E2,追加字库; 合并字库; GB2312,3
5845,郦,37094,U+90E6,追加字库; 合并字库; GB2312,3
5846,郧,37095,U+90E7,追加字库; 合并字库; GB2312,3
5847,部,37096,U+90E8,合并字库; GB2312,2
5848,郫,37099,U+90EB,合并字库; GB2312,2
5849,郭,37101,U+90ED,合并字库; GB2312,2
5850,郯,37103,U+90EF,合并字库; GB2312,2
5851,郴,37108,U+90F4,合并字库; GB2312,2
5852,郸,37112,U+90F8,合并字库; GB2312,2
5853,都,37117,U+90FD,合并字库; GB2312,2
5854,郾,37118,U+90FE,追加字库; 合并字库; GB2312,3
5855,鄂,37122,U+9102,合并字库; GB2312,2
5856,鄄,37124,U+9104,合并字库; GB2312,2
5857,鄙,37145,U+9119,追加字库; 合并字库; GB2312,3
5858,鄞,37150,U+911E,追加字库; 合并字库; GB2312,3
5859,鄢,37154,U+9122,追加字库; 合并字库; GB2312,3
5860,鄣,37155,U+9123,追加字库; 合并字库; GB2312,3
5861,鄯,37167,U+912F,追加字库; 合并字库; GB2312,3
5862,鄱,37169,U+9131,合并字库; GB2312,2
5863,鄹,37177,U+9139,追加字库; 合并字库; GB2312,3
5864,酃,37187,U+9143,追加字库; 合并字库; GB2312,3
5865,酆,37190,U+9146,追加字库; 合并字库; GB2312,3
5866,酉,37193,U+9149,追加字库; 合并字库; GB2312,3
5867,酊,37194,U+914A,追加字库; 合并字库; GB2312,3
5868,酋,37195,U+914B,追加字库; 合并字库; GB2312,3
5869,酌,37196,U+914C,追加字库; 合并字库; GB2312,3
5870,配,37197,U+914D,追加字库; 合并字库; GB2312,3
5871,酎,37198,U+914E,追加字库; 合并字库; GB2312,3
5872,酏,37199,U+914F,追加字库; 合并字库; GB2312,3
5873,酐,37200,U+9150,追加字库; 合并字库; GB2312,3
5874,酒,37202,U+9152,合并字库; GB2312,2
5875,酗,37207,U+9157,追加字库; 合并字库; GB2312,3
5876,酚,37210,U+915A,追加字库; 合并字库; GB2312,3
5877,酝,37213,U+915D,追加字库; 合并字库; GB2312,3
5878,酞,37214,U+915E,追加字库; 合并字库; GB2312,3
5879,酡,37217,U+9161,追加字库; 合并字库; GB2312,3
5880,酢,37218,U+9162,追加字库; 合并字库; GB2312,3
5881,酣,37219,U+9163,追加字库; 合并字库; GB2312,3
5882,酤,37220,U+9164,追加字库; 合并字库; GB2312,3
5883,酥,37221,U+9165,追加字库; 合并字库; GB2312,3
5884,酩,37225,U+9169,追加字库; 合并字库; GB2312,3
5885,酪,37226,U+916A,追加字库; 合并字库; GB2312,3
5886,酬,37228,U+916C,追加字库; 合并字库; GB2312,3
5887,酮,37230,U+916E,追加字库; 合并字库; GB2312,3
5888,酯,37231,U+916F,追加字库; 合并字库; GB2312,3
5889,酰,37232,U+9170,追加字库; 合并字库; GB2312,3
5890,酱,37233,U+9171,追加字库; 合并字库; GB2312,3
5891,酲,37234,U+9172,追加字库; 合并字库; GB2312,3
5892,酴,37236,U+9174,追加字库; 合并字库; GB2312,3
5893,酵,37237,U+9175,追加字库; 合并字库; GB2312,3
5894,酶,37238,U+9176,追加字库; 合并字库; GB2312,3
5895,酷,37239,U+9177,追加字库; 合并字库; GB2312,3
5896,酸,37240,U+9178,追加字库; 合并字库; GB2312,3
5897,酹,37241,U+9179,追加字库; 合并字库; GB2312,3
5898,酽,37245,U+917D,追加字库; 合并字库; GB2312,3
5899,酾,37246,U+917E,追加字库; 合并字库; GB2312,3
5900,酿,37247,U+917F,追加字库; 合并字库; GB2312,3
5901,醅,37253,U+9185,追加字库; 合并字库; GB2312,3
5902,醇,37255,U+9187,追加字库; 合并字库; GB2312,3
5903,醉,37257,U+9189,追加字库; 合并字库; GB2312,3
5904,醋,37259,U+918B,追加字库; 合并字库; GB2312,3
5905,醌,37260,U+918C,追加字库; 合并字库; GB2312,3
5906,醍,37261,U+918D,追加字库; 合并字库; GB2312,3
5907,醐,37264,U+9190,追加字库; 合并字库; GB2312,3
5908,醑,37265,U+9191,追加字库; 合并字库; GB2312,3
5909,醒,37266,U+9192,追加字库; 合并字库; GB2312,3
5910,醚,37274,U+919A,追加字库; 合并字库; GB2312,3
5911,醛,37275,U+919B,追加字库; 合并字库; GB2312,3
5912,醢,37282,U+91A2,追加字库; 合并字库; GB2312,3
5913,醣,37283,U+91A3,追加字库; 合并字库; GB2312,3
5914,醪,37290,U+91AA,追加字库; 合并字库; GB2312,3
5915,醭,37293,U+91AD,追加字库; 合并字库; GB2312,3
5916,醮,37294,U+91AE,追加字库; 合并字库; GB2312,3
5917,醯,37295,U+91AF,追加字库; 合并字库; GB2312,3
5918,醴,37300,U+91B4,合并字库; GB2312,2
5919,醵,37301,U+91B5,追加字库; 合并字库; GB2312,3
5920,醺,37306,U+91BA,追加字库; 合并字库; GB2312,3
5921,采,37319,U+91C7,追加字库; 合并字库; GB2312,3
5922,釉,37321,U+91C9,追加字库; 合并字库; GB2312,3
5923,释,37322,U+91CA,追加字库; 合并字库; GB2312,3
5924,里,37324,U+91CC,合并字库; GB2312,2
5925,重,37325,U+91CD,追加字库; 合并字库; GB2312,3
5926,野,37326,U+91CE,合并字库; GB2312,2
5927,量,37327,U+91CF,合并字库; GB2312,2
5928,金,37329,U+91D1,合并字库; GB2312,2
5929,釜,37340,U+91DC,追加字库; 合并字库; GB2312,3
5930,鉴,37492,U+9274,追加字库; 合并字库; GB2312,3
5931,銎,37518,U+928E,追加字库; 合并字库; GB2312,3
5932,銮,37550,U+92AE,追加字库; 合并字库; GB2312,3
5933,鋈,37576,U+92C8,追加字库; 合并字库; GB2312,3
5934,錾,37694,U+933E,追加字库; 合并字库; GB2312,3
5935,鍪,37738,U+936A,追加字库; 合并字库; GB2312,3
5936,鎏,37775,U+938F,追加字库; 合并字库; GB2312,3
5937,鏊,37834,U+93CA,追加字库; 合并字库; GB2312,3
5938,鏖,37846,U+93D6,追加字库; 合并字库; GB2312,3
5939,鐾,37950,U+943E,追加字库; 合并字库; GB2312,3
5940,鑫,37995,U+946B,追加字库; 合并字库; GB2312,3
5941,钅,38021,U+9485,追加字库; 合并字库; GB2312,3
5942,钆,38022,U+9486,追加字库; 合并字库; GB2312,3
5943,钇,38023,U+9487,追加字库; 合并字库; GB2312,3
5944,针,38024,U+9488,追加字库; 合并字库; GB2312,3
5945,钉,38025,U+9489,追加字库; 合并字库; GB2312,3
5946,钊,38026,U+948A,追加字库; 合并字库; GB2312,3
5947,钋,38027,U+948B,追加字库; 合并字库; GB2312,3
5948,钌,38028,U+948C,追加字库; 合并字库; GB2312,3
5949,钍,38029,U+948D,追加字库; 合并字库; GB2312,3
5950,钎,38030,U+948E,追加字库; 合并字库; GB2312,3
5951,钏,38031,U+948F,追加字库; 合并字库; GB2312,3
5952,钐,38032,U+9490,追加字库; 合并字库; GB2312,3
5953,钒,38034,U+9492,追加字库; 合并字库; GB2312,3
5954,钓,38035,U+9493,追加字库; 合并字库; GB2312,3
5955,钔,38036,U+9494,追加字库; 合并字库; GB2312,3
5956,钕,38037,U+9495,追加字库; 合并字库; GB2312,3
5957,钗,38039,U+9497,追加字库; 合并字库; GB2312,3
5958,钙,38041,U+9499,追加字库; 合并字库; GB2312,3
5959,钚,38042,U+949A,追加字库; 合并字库; GB2312,3
5960,钛,38043,U+949B,追加字库; 合并字库; GB2312,3
5961,钜,38044,U+949C,追加字库; 合并字库; GB2312,3
5962,钝,38045,U+949D,追加字库; 合并字库; GB2312,3
5963,钞,38046,U+949E,追加字库; 合并字库; GB2312,3
5964,钟,38047,U+949F,合并字库; GB2312,2
5965,钠,38048,U+94A0,追加字库; 合并字库; GB2312,3
5966,钡,38049,U+94A1,追加字库; 合并字库; GB2312,3
5967,钢,38050,U+94A2,合并字库; GB2312,2
5968,钣,38051,U+94A3,追加字库; 合并字库; GB2312,3
5969,钤,38052,U+94A4,追加字库; 合并字库; GB2312,3
5970,钥,38053,U+94A5,追加字库; 合并字库; GB2312,3
5971,钦,38054,U+94A6,合并字库; GB2312,2
5972,钧,38055,U+94A7,追加字库; 合并字库; GB2312,3
5973,钨,38056,U+94A8,追加字库; 合并字库; GB2312,3
5974,钩,38057,U+94A9,追加字库; 合并字库; GB2312,3
5975,钪,38058,U+94AA,追加字库; 合并字库; GB2312,3
5976,钫,38059,U+94AB,追加字库; 合并字库; GB2312,3
5977,钬,38060,U+94AC,追加字库; 合并字库; GB2312,3
5978,钭,38061,U+94AD,追加字库; 合并字库; GB2312,3
5979,钮,38062,U+94AE,追加字库; 合并字库; GB2312,3
5980,钯,38063,U+94AF,追加字库; 合并字库; GB2312,3
5981,钰,38064,U+94B0,追加字库; 合并字库; GB2312,3
5982,钱,38065,U+94B1,追加字库; 合并字库; GB2312,3
5983,钲,38066,U+94B2,追加字库; 合并字库; GB2312,3
5984,钳,38067,U+94B3,追加字库; 合并字库; GB2312,3
5985,钴,38068,U+94B4,追加字库; 合并字库; GB2312,3
5986,钵,38069,U+94B5,追加字库; 合并字库; GB2312,3
5987,钶,38070,U+94B6,追加字库; 合并字库; GB2312,3
5988,钷,38071,U+94B7,追加字库; 合并字库; GB2312,3
5989,钸,38072,U+94B8,追加字库; 合并字库; GB2312,3
5990,钹,38073,U+94B9,追加字库; 合并字库; GB2312,3
5991,钺,38074,U+94BA,追加字库; 合并字库; GB2312,3
5992,钻,38075,U+94BB,追加字库; 合并字库; GB2312,3
5993,钼,38076,U+94BC,追加字库; 合并字库; GB2312,3
5994,钽,38077,U+94BD,追加字库; 合并字库; GB2312,3
5995,钾,38078,U+94BE,追加字库; 合并字库; GB2312,3
5996,钿,38079,U+94BF,追加字库; 合并字库; GB2312,3
5997,铀,38080,U+94C0,追加字库; 合并字库; GB2312,3
5998,铁,38081,U+94C1,合并字库; GB2312,2
5999,铂,38082,U+94C2,追加字库; 合并字库; GB2312,3
6000,铃,38083,U+94C3,合并字库; GB2312,2
6001,铄,38084,U+94C4,追加字库; 合并字库; GB2312,3
6002,铅,38085,U+94C5,追加字库; 合并字库; GB2312,3
6003,铆,38086,U+94C6,追加字库; 合并字库; GB2312,3
6004,铈,38088,U+94C8,追加字库; 合并字库; GB2312,3
6005,铉,38089,U+94C9,追加字库; 合并字库; GB2312,3
6006,铊,38090,U+94CA,追加字库; 合并字库; GB2312,3
6007,铋,38091,U+94CB,追加字库; 合并字库; GB2312,3
6008,铌,38092,U+94CC,追加字库; 合并字库; GB2312,3
6009,铍,38093,U+94CD,追加字库; 合并字库; GB2312,3
6010,铎,38094,U+94CE,追加字库; 合并字库; GB2312,3
6011,铐,38096,U+94D0,追加字库; 合并字库; GB2312,3
6012,铑,38097,U+94D1,追加字库; 合并字库; GB2312,3
6013,铒,38098,U+94D2,追加字库; 合并字库; GB2312,3
6014,铕,38101,U+94D5,追加字库; 合并字库; GB2312,3
6015,铖,38102,U+94D6,追加字库; 合并字库; GB2312,3
6016,铗,38103,U+94D7,追加字库; 合并字库; GB2312,3
6017,铘,38104,U+94D8,追加字库; 合并字库; GB2312,3
6018,铙,38105,U+94D9,追加字库; 合并字库; GB2312,3
6019,铛,38107,U+94DB,追加字库; 合并字库; GB2312,3
6020,铜,38108,U+94DC,合并字库; GB2312,2
6021,铝,38109,U+94DD,合并字库; GB2312,2
6022,铞,38110,U+94DE,追加字库; 合并字库; GB2312,3
6023,铟,38111,U+94DF,追加字库; 合并字库; GB2312,3
6024,铠,38112,U+94E0,追加字库; 合并字库; GB2312,3
6025,铡,38113,U+94E1,追加字库; 合并字库; GB2312,3
6026,铢,38114,U+94E2,追加字库; 合并字库; GB2312,3
6027,铣,38115,U+94E3,追加字库; 合并字库; GB2312,3
6028,铤,38116,U+94E4,追加字库; 合并字库; GB2312,3
6029,铥,38117,U+94E5,追加字库; 合并字库; GB2312,3
6030,铧,38119,U+94E7,追加字库; 合并字库; GB2312,3
6031,铨,38120,U+94E8,追加字库; 合并字库; GB2312,3
6032,铩,38121,U+94E9,追加字库; 合并字库; GB2312,3
6033,铪,38122,U+94EA,追加字库; 合并字库; GB2312,3
6034,铫,38123,U+94EB,追加字库; 合并字库; GB2312,3
6035,铬,38124,U+94EC,追加字库; 合并字库; GB2312,3
6036,铭,38125,U+94ED,追加字库; 合并字库; GB2312,3
6037,铮,38126,U+94EE,追加字库; 合并字库; GB2312,3
6038,铯,38127,U+94EF,追加字库; 合并字库; GB2312,3
6039,铰,38128,U+94F0,追加字库; 合并字库; GB2312,3
6040,铱,38129,U+94F1,追加字库; 合并字库; GB2312,3
6041,铲,38130,U+94F2,追加字库; 合并字库; GB2312,3
6042,铳,38131,U+94F3,追加字库; 合并字库; GB2312,3
6043,铴,38132,U+94F4,追加字库; 合并字库; GB2312,3
6044,铵,38133,U+94F5,追加字库; 合并字库; GB2312,3
6045,银,38134,U+94F6,合并字库; GB2312,2
6046,铷,38135,U+94F7,追加字库; 合并字库; GB2312,3
6047,铸,38136,U+94F8,追加字库; 合并字库; GB2312,3
6048,铹,38137,U+94F9,追加字库; 合并字库; GB2312,3
6049,铺,38138,U+94FA,追加字库; 合并字库; GB2312,3
6050,铼,38140,U+94FC,追加字库; 合并字库; GB2312,3
6051,铽,38141,U+94FD,追加字库; 合并字库; GB2312,3
6052,链,38142,U+94FE,合并字库; GB2312,2
6053,铿,38143,U+94FF,追加字库; 合并字库; GB2312,3
6054,销,38144,U+9500,追加字库; 合并字库; GB2312,3
6055,锁,38145,U+9501,合并字库; GB2312,2
6056,锂,38146,U+9502,追加字库; 合并字库; GB2312,3
6057,锃,38147,U+9503,追加字库; 合并字库; GB2312,3
6058,锄,38148,U+9504,追加字库; 合并字库; GB2312,3
6059,锅,38149,U+9505,追加字库; 合并字库; GB2312,3
6060,锆,38150,U+9506,追加字库; 合并字库; GB2312,3
6061,锇,38151,U+9507,追加字库; 合并字库; GB2312,3
6062,锈,38152,U+9508,追加字库; 合并字库; GB2312,3
6063,锉,38153,U+9509,追加字库; 合并字库; GB2312,3
6064,锊,38154,U+950A,追加字库; 合并字库; GB2312,3
6065,锋,38155,U+950B,追加字库; 合并字库; GB2312,3
6066,锌,38156,U+950C,追加字库; 合并字库; GB2312,3
6067,锍,38157,U+950D,追加字库; 合并字库; GB2312,3
6068,锎,38158,U+950E,追加字库; 合并字库; GB2312,3
6069,锏,38159,U+950F,追加字库; 合并字库; GB2312,3
6070,锐,38160,U+9510,追加字库; 合并字库; GB2312,3
6071,锑,38161,U+9511,追加字库; 合并字库; GB2312,3
6072,锒,38162,U+9512,追加字库; 合并字库; GB2312,3
6073,锓,38163,U+9513,追加字库; 合并字库; GB2312,3
6074,锔,38164,U+9514,追加字库; 合并字库; GB2312,3
6075,锕,38165,U+9515,追加字库; 合并字库; GB2312,3
6076,锖,38166,U+9516,追加字库; 合并字库; GB2312,3
6077,锗,38167,U+9517,追加字库; 合并字库; GB2312,3
6078,锘,38168,U+9518,追加字库; 合并字库; GB2312,3
6079,错,38169,U+9519,追加字库; 合并字库; GB2312,3
6080,锚,38170,U+951A,追加字库; 合并字库; GB2312,3
6081,锛,38171,U+951B,追加字库; 合并字库; GB2312,3
6082,锝,38173,U+951D,追加字库; 合并字库; GB2312,3
6083,锞,38174,U+951E,追加字库; 合并字库; GB2312,3
6084,锟,38175,U+951F,追加字库; 合并字库; GB2312,3
6085,锡,38177,U+9521,合并字库; GB2312,2
6086,锢,38178,U+9522,追加字库; 合并字库; GB2312,3
6087,锣,38179,U+9523,追加字库; 合并字库; GB2312,3
6088,锤,38180,U+9524,追加字库; 合并字库; GB2312,3
6089,锥,38181,U+9525,追加字库; 合并字库; GB2312,3
6090,锦,38182,U+9526,合并字库; GB2312,2
6091,锨,38184,U+9528,追加字库; 合并字库; GB2312,3
6092,锩,38185,U+9529,追加字库; 合并字库; GB2312,3
6093,锪,38186,U+952A,追加字库; 合并字库; GB2312,3
6094,锫,38187,U+952B,追加字库; 合并字库; GB2312,3
6095,锬,38188,U+952C,追加字库; 合并字库; GB2312,3
6096,锭,38189,U+952D,追加字库; 合并字库; GB2312,3
6097,键,38190,U+952E,合并字库; GB2312,2
6098,锯,38191,U+952F,追加字库; 合并字库; GB2312,3
6099,锰,38192,U+9530,追加字库; 合并字库; GB2312,3
6100,锱,38193,U+9531,追加字库; 合并字库; GB2312,3
6101,锲,38194,U+9532,追加字库; 合并字库; GB2312,3
6102,锴,38196,U+9534,追加字库; 合并字库; GB2312,3
6103,锵,38197,U+9535,追加字库; 合并字库; GB2312,3
6104,锶,38198,U+9536,追加字库; 合并字库; GB2312,3
6105,锷,38199,U+9537,追加字库; 合并字库; GB2312,3
6106,锸,38200,U+9538,追加字库; 合并字库; GB2312,3
6107,锹,38201,U+9539,追加字库; 合并字库; GB2312,3
6108,锺,38202,U+953A,追加字库; 合并字库; GB2312,3
6109,锻,38203,U+953B,追加字库; 合并字库; GB2312,3
6110,锼,38204,U+953C,追加字库; 合并字库; GB2312,3
6111,锾,38206,U+953E,追加字库; 合并字库; GB2312,3
6112,锿,38207,U+953F,追加字库; 合并字库; GB2312,3
6113,镀,38208,U+9540,追加字库; 合并字库; GB2312,3
6114,镁,38209,U+9541,追加字库; 合并字库; GB2312,3
6115,镂,38210,U+9542,追加字库; 合并字库; GB2312,3
6116,镄,38212,U+9544,追加字库; 合并字库; GB2312,3
6117,镅,38213,U+9545,追加字库; 合并字库; GB2312,3
6118,镆,38214,U+9546,追加字库; 合并字库; GB2312,3
6119,镇,38215,U+9547,合并字库; GB2312,2
6120,镉,38217,U+9549,追加字库; 合并字库; GB2312,3
6121,镊,38218,U+954A,追加字库; 合并字库; GB2312,3
6122,镌,38220,U+954C,追加字库; 合并字库; GB2312,3
6123,镍,38221,U+954D,追加字库; 合并字库; GB2312,3
6124,镎,38222,U+954E,追加字库; 合并字库; GB2312,3
6125,镏,38223,U+954F,追加字库; 合并字库; GB2312,3
6126,镐,38224,U+9550,追加字库; 合并字库; GB2312,3
6127,镑,38225,U+9551,追加字库; 合并字库; GB2312,3
6128,镒,38226,U+9552,追加字库; 合并字库; GB2312,3
6129,镓,38227,U+9553,追加字库; 合并字库; GB2312,3
6130,镔,38228,U+9554,追加字库; 合并字库; GB2312,3
6131,镖,38230,U+9556,追加字库; 合并字库; GB2312,3
6132,镗,38231,U+9557,追加字库; 合并字库; GB2312,3
6133,镘,38232,U+9558,追加字库; 合并字库; GB2312,3
6134,镙,38233,U+9559,追加字库; 合并字库; GB2312,3
6135,镛,38235,U+955B,追加字库; 合并字库; GB2312,3
6136,镜,38236,U+955C,追加字库; 合并字库; GB2312,3
6137,镝,38237,U+955D,追加字库; 合并字库; GB2312,3
6138,镞,38238,U+955E,追加字库; 合并字库; GB2312,3
6139,镟,38239,U+955F,追加字库; 合并字库; GB2312,3
6140,镡,38241,U+9561,追加字库; 合并字库; GB2312,3
6141,镢,38242,U+9562,追加字库; 合并字库; GB2312,3
6142,镣,38243,U+9563,追加字库; 合并字库; GB2312,3
6143,镤,38244,U+9564,追加字库; 合并字库; GB2312,3
6144,镥,38245,U+9565,追加字库; 合并字库; GB2312,3
6145,镦,38246,U+9566,追加字库; 合并字库; GB2312,3
6146,镧,38247,U+9567,追加字库; 合并字库; GB2312,3
6147,镨,38248,U+9568,追加字库; 合并字库; GB2312,3
6148,镩,38249,U+9569,追加字库; 合并字库; GB2312,3
6149,镪,38250,U+956A,追加字库; 合并字库; GB2312,3
6150,镫,38251,U+956B,追加字库; 合并字库; GB2312,3
6151,镬,38252,U+956C,追加字库; 合并字库; GB2312,3
6152,镭,38253,U+956D,追加字库; 合并字库; GB2312,3
6153,镯,38255,U+956F,追加字库; 合并字库; GB2312,3
6154,镰,38256,U+9570,追加字库; 合并字库; GB2312,3
6155,镱,38257,U+9571,追加字库; 合并字库; GB2312,3
6156,镲,38258,U+9572,追加字库; 合并字库; GB2312,3
6157,镳,38259,U+9573,追加字库; 合并字库; GB2312,3
6158,镶,38262,U+9576,追加字库; 合并字库; GB2312,3
6159,长,38271,U+957F,合并字库; GB2312,2
6160,门,38376,U+95E8,合并字库; GB2312,2
6161,闩,38377,U+95E9,追加字库; 合并字库; GB2312,3
6162,闪,38378,U+95EA,追加字库; 合并字库; GB2312,3
6163,闫,38379,U+95EB,合并字库; GB2312,2
6164,闭,38381,U+95ED,追加字库; 合并字库; GB2312,3
6165,问,38382,U+95EE,追加字库; 合并字库; GB2312,3
6166,闯,38383,U+95EF,追加字库; 合并字库; GB2312,3
6167,闰,38384,U+95F0,追加字库; 合并字库; GB2312,3
6168,闱,38385,U+95F1,追加字库; 合并字库; GB2312,3
6169,闲,38386,U+95F2,追加字库; 合并字库; GB2312,3
6170,闳,38387,U+95F3,追加字库; 合并字库; GB2312,3
6171,间,38388,U+95F4,合并字库; GB2312,2
6172,闵,38389,U+95F5,合并字库; GB2312,2
6173,闶,38390,U+95F6,追加字库; 合并字库; GB2312,3
6174,闷,38391,U+95F7,追加字库; 合并字库; GB2312,3
6175,闸,38392,U+95F8,追加字库; 合并字库; GB2312,3
6176,闹,38393,U+95F9,追加字库; 合并字库; GB2312,3
6177,闺,38394,U+95FA,追加字库; 合并字库; GB2312,3
6178,闻,38395,U+95FB,追加字库; 合并字库; GB2312,3
6179,闼,38396,U+95FC,追加字库; 合并字库; GB2312,3
6180,闽,38397,U+95FD,合并字库; GB2312,2
6181,闾,38398,U+95FE,合并字库; GB2312,2
6182,阀,38400,U+9600,追加字库; 合并字库; GB2312,3
6183,阁,38401,U+9601,合并字库; GB2312,2
6184,阂,38402,U+9602,追加字库; 合并字库; GB2312,3
6185,阃,38403,U+9603,追加字库; 合并字库; GB2312,3
6186,阄,38404,U+9604,追加字库; 合并字库; GB2312,3
6187,阅,38405,U+9605,追加字库; 合并字库; GB2312,3
6188,阆,38406,U+9606,合并字库; GB2312,2
6189,阈,38408,U+9608,追加字库; 合并字库; GB2312,3
6190,阉,38409,U+9609,追加字库; 合并字库; GB2312,3
6191,阊,38410,U+960A,追加字库; 合并字库; GB2312,3
6192,阋,38411,U+960B,追加字库; 合并字库; GB2312,3
6193,阌,38412,U+960C,追加字库; 合并字库; GB2312,3
6194,阍,38413,U+960D,追加字库; 合并字库; GB2312,3
6195,阎,38414,U+960E,合并字库; GB2312,2
6196,阏,38415,U+960F,追加字库; 合并字库; GB2312,3
6197,阐,38416,U+9610,追加字库; 合并字库; GB2312,3
6198,阑,38417,U+9611,追加字库; 合并字库; GB2312,3
6199,阒,38418,U+9612,追加字库; 合并字库; GB2312,3
6200,阔,38420,U+9614,追加字库; 合并字库; GB2312,3
6201,阕,38421,U+9615,追加字库; 合并字库; GB2312,3
6202,阖,38422,U+9616,追加字库; 合并字库; GB2312,3
6203,阗,38423,U+9617,追加字库; 合并字库; GB2312,3
6204,阙,38425,U+9619,追加字库; 合并字库; GB2312,3
6205,阚,38426,U+961A,追加字库; 合并字库; GB2312,3
6206,阜,38428,U+961C,合并字库; GB2312,2
6207,阝,38429,U+961D,追加字库; 合并字库; GB2312,3
6208,队,38431,U+961F,合并字库; GB2312,2
6209,阡,38433,U+9621,合并字库; GB2312,2
6210,阢,38434,U+9622,追加字库; 合并字库; GB2312,3
6211,阪,38442,U+962A,追加字库; 合并字库; GB2312,3
6212,阮,38446,U+962E,追加字库; 合并字库; GB2312,3
6213,阱,38449,U+9631,追加字库; 合并字库; GB2312,3
6214,防,38450,U+9632,合并字库; GB2312,2
6215,阳,38451,U+9633,合并字库; GB2312,2
6216,阴,38452,U+9634,合并字库; GB2312,2
6217,阵,38453,U+9635,追加字库; 合并字库; GB2312,3
6218,阶,38454,U+9636,追加字库; 合并字库; GB2312,3
6219,阻,38459,U+963B,合并字库; GB2312,2
6220,阼,38460,U+963C,追加字库; 合并字库; GB2312,3
6221,阽,38461,U+963D,追加字库; 合并字库; GB2312,3
6222,阿,38463,U+963F,合并字库; GB2312,2
6223,陀,38464,U+9640,合并字库; GB2312,2
6224,陂,38466,U+9642,合并字库; GB2312,2
6225,附,38468,U+9644,追加字库; 合并字库; GB2312,3
6226,际,38469,U+9645,合并字库; GB2312,2
6227,陆,38470,U+9646,合并字库; GB2312,2
6228,陇,38471,U+9647,追加字库; 合并字库; GB2312,3
6229,陈,38472,U+9648,合并字库; GB2312,2
6230,陉,38473,U+9649,合并字库; GB2312,2
6231,陋,38475,U+964B,追加字库; 合并字库; GB2312,3
6232,陌,38476,U+964C,追加字库; 合并字库; GB2312,3
6233,降,38477,U+964D,合并字库; GB2312,2
6234,限,38480,U+9650,合并字库; GB2312,2
6235,陔,38484,U+9654,追加字库; 合并字库; GB2312,3
6236,陕,38485,U+9655,合并字库; GB2312,2
6237,陛,38491,U+965B,追加字库; 合并字库; GB2312,3
6238,陟,38495,U+965F,追加字库; 合并字库; GB2312,3
6239,陡,38497,U+9661,追加字库; 合并字库; GB2312,3
6240,院,38498,U+9662,合并字库; GB2312,2
6241,除,38500,U+9664,合并字库; GB2312,2
6242,陧,38503,U+9667,追加字库; 合并字库; GB2312,3
6243,陨,38504,U+9668,追加字库; 合并字库; GB2312,3
6244,险,38505,U+9669,追加字库; 合并字库; GB2312,3
6245,陪,38506,U+966A,追加字库; 合并字库; GB2312,3
6246,陬,38508,U+966C,追加字库; 合并字库; GB2312,3
6247,陲,38514,U+9672,追加字库; 合并字库; GB2312,3
6248,陴,38516,U+9674,追加字库; 合并字库; GB2312,3
6249,陵,38517,U+9675,合并字库; GB2312,2
6250,陶,38518,U+9676,合并字库; GB2312,2
6251,陷,38519,U+9677,追加字库; 合并字库; GB2312,3
6252,隅,38533,U+9685,追加字库; 合并字库; GB2312,3
6253,隆,38534,U+9686,合并字库; GB2312,2
6254,隈,38536,U+9688,追加字库; 合并字库; GB2312,3
6255,隋,38539,U+968B,追加字库; 合并字库; GB2312,3
6256,隍,38541,U+968D,追加字库; 合并字库; GB2312,3
6257,随,38543,U+968F,合并字库; GB2312,2
6258,隐,38544,U+9690,追加字库; 合并字库; GB2312,3
6259,隔,38548,U+9694,追加字库; 合并字库; GB2312,3
6260,隗,38551,U+9697,追加字库; 合并字库; GB2312,3
6261,隘,38552,U+9698,合并字库; GB2312,2
6262,隙,38553,U+9699,追加字库; 合并字库; GB2312,3
6263,障,38556,U+969C,合并字库; GB2312,2
6264,隧,38567,U+96A7,追加字库; 合并字库; GB2312,3
6265,隰,38576,U+96B0,追加字库; 合并字库; GB2312,3
6266,隳,38579,U+96B3,追加字库; 合并字库; GB2312,3
6267,隶,38582,U+96B6,追加字库; 合并字库; GB2312,3
6268,隹,38585,U+96B9,追加字库; 合并字库; GB2312,3
6269,隼,38588,U+96BC,追加字库; 合并字库; GB2312,3
6270,隽,38589,U+96BD,追加字库; 合并字库; GB2312,3
6271,难,38590,U+96BE,追加字库; 合并字库; GB2312,3
6272,雀,38592,U+96C0,追加字库; 合并字库; GB2312,3
6273,雁,38593,U+96C1,追加字库; 合并字库; GB2312,3
6274,雄,38596,U+96C4,合并字库; GB2312,2
6275,雅,38597,U+96C5,合并字库; GB2312,2
6276,集,38598,U+96C6,合并字库; GB2312,2
6277,雇,38599,U+96C7,追加字库; 合并字库; GB2312,3
6278,雉,38601,U+96C9,追加字库; 合并字库; GB2312,3
6279,雌,38604,U+96CC,追加字库; 合并字库; GB2312,3
6280,雍,38605,U+96CD,追加字库; 合并字库; GB2312,3
6281,雎,38606,U+96CE,追加字库; 合并字库; GB2312,3
6282,雏,38607,U+96CF,追加字库; 合并字库; GB2312,3
6283,雒,38610,U+96D2,追加字库; 合并字库; GB2312,3
6284,雕,38613,U+96D5,追加字库; 合并字库; GB2312,3
6285,雠,38624,U+96E0,追加字库; 合并字库; GB2312,3
6286,雨,38632,U+96E8,合并字库; GB2312,2
6287,雩,38633,U+96E9,追加字库; 合并字库; GB2312,3
6288,雪,38634,U+96EA,合并字库; GB2312,2
6289,雯,38639,U+96EF,追加字库; 合并字库; GB2312,3
6290,雳,38643,U+96F3,追加字库; 合并字库; GB2312,3
6291,零,38646,U+96F6,合并字库; GB2312,2
6292,雷,38647,U+96F7,合并字库; GB2312,2
6293,雹,38649,U+96F9,追加字库; 合并字库; GB2312,3
6294,雾,38654,U+96FE,合并字库; GB2312,2
6295,需,38656,U+9700,合并字库; GB2312,2
6296,霁,38657,U+9701,追加字库; 合并字库; GB2312,3
6297,霄,38660,U+9704,追加字库; 合并字库; GB2312,3
6298,霆,38662,U+9706,合并字库; GB2312,2
6299,震,38663,U+9707,追加字库; 合并字库; GB2312,3
6300,霈,38664,U+9708,追加字库; 合并字库; GB2312,3
6301,霉,38665,U+9709,追加字库; 合并字库; GB2312,3
6302,霍,38669,U+970D,合并字库; GB2312,2
6303,霎,38670,U+970E,追加字库; 合并字库; GB2312,3
6304,霏,38671,U+970F,追加字库; 合并字库; GB2312,3
6305,霓,38675,U+9713,追加字库; 合并字库; GB2312,3
6306,霖,38678,U+9716,追加字库; 合并字库; GB2312,3
6307,霜,38684,U+971C,合并字库; GB2312,2
6308,霞,38686,U+971E,合并字库; GB2312,2
6309,霪,38698,U+972A,追加字库; 合并字库; GB2312,3
6310,霭,38701,U+972D,追加字库; 合并字库; GB2312,3
6311,霰,38704,U+9730,追加字库; 合并字库; GB2312,3
6312,露,38706,U+9732,合并字库; GB2312,2
6313,霸,38712,U+9738,合并字库; GB2312,2
6314,霹,38713,U+9739,追加字库; 合并字库; GB2312,3
6315,霾,38718,U+973E,追加字库; 合并字库; GB2312,3
6316,青,38738,U+9752,合并字库; GB2312,2
6317,靓,38739,U+9753,追加字库; 合并字库; GB2312,3
6318,靖,38742,U+9756,合并字库; GB2312,2
6319,静,38745,U+9759,合并字库; GB2312,2
6320,靛,38747,U+975B,追加字库; 合并字库; GB2312,3
6321,非,38750,U+975E,追加字库; 合并字库; GB2312,3
6322,靠,38752,U+9760,追加字库; 合并字库; GB2312,3
6323,靡,38753,U+9761,追加字库; 合并字库; GB2312,3
6324,面,38754,U+9762,追加字库; 合并字库; GB2312,3
6325,靥,38757,U+9765,追加字库; 合并字库; GB2312,3
6326,革,38761,U+9769,追加字库; 合并字库; GB2312,3
6327,靳,38771,U+9773,追加字库; 合并字库; GB2312,3
6328,靴,38772,U+9774,追加字库; 合并字库; GB2312,3
6329,靶,38774,U+9776,追加字库; 合并字库; GB2312,3
6330,靼,38780,U+977C,追加字库; 合并字库; GB2312,3
6331,鞅,38789,U+9785,追加字库; 合并字库; GB2312,3
6332,鞋,38795,U+978B,追加字库; 合并字库; GB2312,3
6333,鞍,38797,U+978D,合并字库; GB2312,2
6334,鞑,38801,U+9791,追加字库; 合并字库; GB2312,3
6335,鞒,38802,U+9792,追加字库; 合并字库; GB2312,3
6336,鞔,38804,U+9794,追加字库; 合并字库; GB2312,3
6337,鞘,38808,U+9798,追加字库; 合并字库; GB2312,3
6338,鞠,38816,U+97A0,追加字库; 合并字库; GB2312,3
6339,鞣,38819,U+97A3,追加字库; 合并字库; GB2312,3
6340,鞫,38827,U+97AB,追加字库; 合并字库; GB2312,3
6341,鞭,38829,U+97AD,追加字库; 合并字库; GB2312,3
6342,鞯,38831,U+97AF,追加字库; 合并字库; GB2312,3
6343,鞲,38834,U+97B2,追加字库; 合并字库; GB2312,3
6344,鞴,38836,U+97B4,追加字库; 合并字库; GB2312,3
6345,韦,38886,U+97E6,追加字库; 合并字库; GB2312,3
6346,韧,38887,U+97E7,追加字库; 合并字库; GB2312,3
6347,韩,38889,U+97E9,合并字库; GB2312,2
6348,韪,38890,U+97EA,追加字库; 合并字库; GB2312,3
6349,韫,38891,U+97EB,追加字库; 合并字库; GB2312,3
6350,韬,38892,U+97EC,追加字库; 合并字库; GB2312,3
6351,韭,38893,U+97ED,追加字库; 合并字库; GB2312,3
6352,音,38899,U+97F3,合并字库; GB2312,2
6353,韵,38901,U+97F5,追加字库; 合并字库; GB2312,3
6354,韶,38902,U+97F6,合并字库; GB2312,2
6355,页,39029,U+9875,合并字库; GB2312,2
6356,顶,39030,U+9876,合并字库; GB2312,2
6357,顷,39031,U+9877,追加字库; 合并字库; GB2312,3
6358,顸,39032,U+9878,追加字库; 合并字库; GB2312,3
6359,项,39033,U+9879,合并字库; GB2312,2
6360,顺,39034,U+987A,追加字库; 合并字库; GB2312,3
6361,须,39035,U+987B,合并字库; GB2312,2
6362,顼,39036,U+987C,追加字库; 合并字库; GB2312,3
6363,顽,39037,U+987D,追加字库; 合并字库; GB2312,3
6364,顾,39038,U+987E,追加字库; 合并字库; GB2312,3
6365,顿,39039,U+987F,追加字库; 合并字库; GB2312,3
6366,颀,39040,U+9880,追加字库; 合并字库; GB2312,3
6367,颁,39041,U+9881,追加字库; 合并字库; GB2312,3
6368,颂,39042,U+9882,追加字库; 合并字库; GB2312,3
6369,颃,39043,U+9883,追加字库; 合并字库; GB2312,3
6370,预,39044,U+9884,追加字库; 合并字库; GB2312,3
6371,颅,39045,U+9885,追加字库; 合并字库; GB2312,3
6372,领,39046,U+9886,追加字库; 合并字库; GB2312,3
6373,颇,39047,U+9887,追加字库; 合并字库; GB2312,3
6374,颈,39048,U+9888,追加字库; 合并字库; GB2312,3
6375,颉,39049,U+9889,追加字库; 合并字库; GB2312,3
6376,颊,39050,U+988A,追加字库; 合并字库; GB2312,3
6377,颌,39052,U+988C,追加字库; 合并字库; GB2312,3
6378,颍,39053,U+988D,合并字库; GB2312,2
6379,颏,39055,U+988F,追加字库; 合并字库; GB2312,3
6380,颐,39056,U+9890,追加字库; 合并字库; GB2312,3
6381,频,39057,U+9891,合并字库; GB2312,2
6382,颓,39059,U+9893,追加字库; 合并字库; GB2312,3
6383,颔,39060,U+9894,追加字库; 合并字库; GB2312,3
6384,颖,39062,U+9896,追加字库; 合并字库; GB2312,3
6385,颗,39063,U+9897,追加字库; 合并字库; GB2312,3
6386,题,39064,U+9898,追加字库; 合并字库; GB2312,3
6387,颚,39066,U+989A,追加字库; 合并字库; GB2312,3
6388,颛,39067,U+989B,追加字库; 合并字库; GB2312,3
6389,颜,39068,U+989C,追加字库; 合并字库; GB2312,3
6390,额,39069,U+989D,追加字库; 合并字库; GB2312,3
6391,颞,39070,U+989E,追加字库; 合并字库; GB2312,3
6392,颟,39071,U+989F,追加字库; 合并字库; GB2312,3
6393,颠,39072,U+98A0,追加字库; 合并字库; GB2312,3
6394,颡,39073,U+98A1,追加字库; 合并字库; GB2312,3
6395,颢,39074,U+98A2,追加字库; 合并字库; GB2312,3
6396,颤,39076,U+98A4,追加字库; 合并字库; GB2312,3
6397,颥,39077,U+98A5,追加字库; 合并字库; GB2312,3
6398,颦,39078,U+98A6,追加字库; 合并字库; GB2312,3
6399,颧,39079,U+98A7,追加字库; 合并字库; GB2312,3
6400,风,39118,U+98CE,合并字库; GB2312,2
6401,飑,39121,U+98D1,追加字库; 合并字库; GB2312,3
6402,飒,39122,U+98D2,追加字库; 合并字库; GB2312,3
6403,飓,39123,U+98D3,追加字库; 合并字库; GB2312,3
6404,飕,39125,U+98D5,追加字库; 合并字库; GB2312,3
6405,飘,39128,U+98D8,追加字库; 合并字库; GB2312,3
6406,飙,39129,U+98D9,追加字库; 合并字库; GB2312,3
6407,飚,39130,U+98DA,追加字库; 合并字库; GB2312,3
6408,飞,39134,U+98DE,合并字库; GB2312,2
6409,食,39135,U+98DF,追加字库; 合并字库; GB2312,3
6410,飧,39143,U+98E7,追加字库; 合并字库; GB2312,3
6411,飨,39144,U+98E8,追加字库; 合并字库; GB2312,3
6412,餍,39181,U+990D,追加字库; 合并字库; GB2312,3
6413,餐,39184,U+9910,追加字库; 合并字库; GB2312,3
6414,餮,39214,U+992E,追加字库; 合并字库; GB2312,3
6415,饔,39252,U+9954,追加字库; 合并字库; GB2312,3
6416,饕,39253,U+9955,追加字库; 合并字库; GB2312,3
6417,饣,39267,U+9963,追加字库; 合并字库; GB2312,3
6418,饥,39269,U+9965,追加字库; 合并字库; GB2312,3
6419,饧,39271,U+9967,追加字库; 合并字库; GB2312,3
6420,饨,39272,U+9968,追加字库; 合并字库; GB2312,3
6421,饩,39273,U+9969,追加字库; 合并字库; GB2312,3
6422,饪,39274,U+996A,追加字库; 合并字库; GB2312,3
6423,饫,39275,U+996B,追加字库; 合并字库; GB2312,3
6424,饬,39276,U+996C,追加字库; 合并字库; GB2312,3
6425,饭,39277,U+996D,追加字库; 合并字库; GB2312,3
6426,饮,39278,U+996E,追加字库; 合并字库; GB2312,3
6427,饯,39279,U+996F,追加字库; 合并字库; GB2312,3
6428,饰,39280,U+9970,追加字库; 合并字库; GB2312,3
6429,饱,39281,U+9971,追加字库; 合并字库; GB2312,3
6430,饲,39282,U+9972,追加字库; 合并字库; GB2312,3
6431,饴,39284,U+9974,追加字库; 合并字库; GB2312,3
6432,饵,39285,U+9975,追加字库; 合并字库; GB2312,3
6433,饶,39286,U+9976,合并字库; GB2312,2
6434,饷,39287,U+9977,追加字库; 合并字库; GB2312,3
6435,饺,39290,U+997A,追加字库; 合并字库; GB2312,3
6436,饼,39292,U+997C,追加字库; 合并字库; GB2312,3
6437,饽,39293,U+997D,追加字库; 合并字库; GB2312,3
6438,饿,39295,U+997F,追加字库; 合并字库; GB2312,3
6439,馀,39296,U+9980,追加字库; 合并字库; GB2312,3
6440,馁,39297,U+9981,追加字库; 合并字库; GB2312,3
6441,馄,39300,U+9984,追加字库; 合并字库; GB2312,3
6442,馅,39301,U+9985,追加字库; 合并字库; GB2312,3
6443,馆,39302,U+9986,合并字库; GB2312,2
6444,馇,39303,U+9987,追加字库; 合并字库; GB2312,3
6445,馈,39304,U+9988,追加字库; 合并字库; GB2312,3
6446,馊,39306,U+998A,追加字库; 合并字库; GB2312,3
6447,馋,39307,U+998B,追加字库; 合并字库; GB2312,3
6448,馍,39309,U+998D,追加字库; 合并字库; GB2312,3
6449,馏,39311,U+998F,追加字库; 合并字库; GB2312,3
6450,馐,39312,U+9990,追加字库; 合并字库; GB2312,3
6451,馑,39313,U+9991,追加字库; 合并字库; GB2312,3
6452,馒,39314,U+9992,追加字库; 合并字库; GB2312,3
6453,馓,39315,U+9993,追加字库; 合并字库; GB2312,3
6454,馔,39316,U+9994,追加字库; 合并字库; GB2312,3
6455,馕,39317,U+9995,追加字库; 合并字库; GB2312,3
6456,首,39318,U+9996,追加字库; 合并字库; GB2312,3
6457,馗,39319,U+9997,追加字库; 合并字库; GB2312,3
6458,馘,39320,U+9998,追加字库; 合并字库; GB2312,3
6459,香,39321,U+9999,合并字库; GB2312,2
6460,馥,39333,U+99A5,追加字库; 合并字库; GB2312,3
6461,馨,39336,U+99A8,追加字库; 合并字库; GB2312,3
6462,马,39532,U+9A6C,合并字库; GB2312,2
6463,驭,39533,U+9A6D,追加字库; 合并字库; GB2312,3
6464,驮,39534,U+9A6E,追加字库; 合并字库; GB2312,3
6465,驯,39535,U+9A6F,追加字库; 合并字库; GB2312,3
6466,驰,39536,U+9A70,合并字库; GB2312,2
6467,驱,39537,U+9A71,追加字库; 合并字库; GB2312,3
6468,驳,39539,U+9A73,合并字库; GB2312,2
6469,驴,39540,U+9A74,追加字库; 合并字库; GB2312,3
6470,驵,39541,U+9A75,追加字库; 合并字库; GB2312,3
6471,驶,39542,U+9A76,追加字库; 合并字库; GB2312,3
6472,驷,39543,U+9A77,追加字库; 合并字库; GB2312,3
6473,驸,39544,U+9A78,追加字库; 合并字库; GB2312,3
6474,驹,39545,U+9A79,追加字库; 合并字库; GB2312,3
6475,驺,39546,U+9A7A,追加字库; 合并字库; GB2312,3
6476,驻,39547,U+9A7B,合并字库; GB2312,2
6477,驼,39548,U+9A7C,追加字库; 合并字库; GB2312,3
6478,驽,39549,U+9A7D,追加字库; 合并字库; GB2312,3
6479,驾,39550,U+9A7E,合并字库; GB2312,2
6480,驿,39551,U+9A7F,追加字库; 合并字库; GB2312,3
6481,骀,39552,U+9A80,追加字库; 合并字库; GB2312,3
6482,骁,39553,U+9A81,追加字库; 合并字库; GB2312,3
6483,骂,39554,U+9A82,追加字库; 合并字库; GB2312,3
6484,骄,39556,U+9A84,追加字库; 合并字库; GB2312,3
6485,骅,39557,U+9A85,合并字库; GB2312,2
6486,骆,39558,U+9A86,追加字库; 合并字库; GB2312,3
6487,骇,39559,U+9A87,追加字库; 合并字库; GB2312,3
6488,骈,39560,U+9A88,追加字库; 合并字库; GB2312,3
6489,骊,39562,U+9A8A,追加字库; 合并字库; GB2312,3
6490,骋,39563,U+9A8B,追加字库; 合并字库; GB2312,3
6491,验,39564,U+9A8C,合并字库; GB2312,2
6492,骏,39567,U+9A8F,追加字库; 合并字库; GB2312,3
6493,骐,39568,U+9A90,追加字库; 合并字库; GB2312,3
6494,骑,39569,U+9A91,合并字库; GB2312,2
6495,骒,39570,U+9A92,追加字库; 合并字库; GB2312,3
6496,骓,39571,U+9A93,追加字库; 合并字库; GB2312,3
6497,骖,39574,U+9A96,追加字库; 合并字库; GB2312,3
6498,骗,39575,U+9A97,追加字库; 合并字库; GB2312,3
6499,骘,39576,U+9A98,追加字库; 合并字库; GB2312,3
6500,骚,39578,U+9A9A,追加字库; 合并字库; GB2312,3
6501,骛,39579,U+9A9B,追加字库; 合并字库; GB2312,3
6502,骜,39580,U+9A9C,追加字库; 合并字库; GB2312,3
6503,骝,39581,U+9A9D,追加字库; 合并字库; GB2312,3
6504,骞,39582,U+9A9E,追加字库; 合并字库; GB2312,3
6505,骟,39583,U+9A9F,追加字库; 合并字库; GB2312,3
6506,骠,39584,U+9AA0,追加字库; 合并字库; GB2312,3
6507,骡,39585,U+9AA1,追加字库; 合并字库; GB2312,3
6508,骢,39586,U+9AA2,追加字库; 合并字库; GB2312,3
6509,骣,39587,U+9AA3,追加字库; 合并字库; GB2312,3
6510,骤,39588,U+9AA4,追加字库; 合并字库; GB2312,3
6511,骥,39589,U+9AA5,追加字库; 合并字库; GB2312,3
6512,骧,39591,U+9AA7,追加字库; 合并字库; GB2312,3
6513,骨,39592,U+9AA8,追加字库; 合并字库; GB2312,3
6514,骰,39600,U+9AB0,追加字库; 合并字库; GB2312,3
6515,骱,39601,U+9AB1,追加字库; 合并字库; GB2312,3
6516,骶,39606,U+9AB6,追加字库; 合并字库; GB2312,3
6517,骷,39607,U+9AB7,追加字库; 合并字库; GB2312,3
6518,骸,39608,U+9AB8,追加字库; 合并字库; GB2312,3
6519,骺,39610,U+9ABA,追加字库; 合并字库; GB2312,3
6520,骼,39612,U+9ABC,追加字库; 合并字库; GB2312,3
6521,髀,39616,U+9AC0,追加字库; 合并字库; GB2312,3
6522,髁,39617,U+9AC1,追加字库; 合并字库; GB2312,3
6523,髂,39618,U+9AC2,追加字库; 合并字库; GB2312,3
6524,髅,39621,U+9AC5,追加字库; 合并字库; GB2312,3
6525,髋,39627,U+9ACB,追加字库; 合并字库; GB2312,3
6526,髌,39628,U+9ACC,追加字库; 合并字库; GB2312,3
6527,髑,39633,U+9AD1,追加字库; 合并字库; GB2312,3
6528,髓,39635,U+9AD3,追加字库; 合并字库; GB2312,3
6529,高,39640,U+9AD8,合并字库; GB2312,2
6530,髟,39647,U+9ADF,追加字库; 合并字库; GB2312,3
6531,髡,39649,U+9AE1,追加字库; 合并字库; GB2312,3
6532,髦,39654,U+9AE6,追加字库; 合并字库; GB2312,3
6533,髫,39659,U+9AEB,追加字库; 合并字库; GB2312,3
6534,髭,39661,U+9AED,追加字库; 合并字库; GB2312,3
6535,髯,39663,U+9AEF,追加字库; 合并字库; GB2312,3
6536,髹,39673,U+9AF9,追加字库; 合并字库; GB2312,3
6537,髻,39675,U+9AFB,追加字库; 合并字库; GB2312,3
6538,鬃,39683,U+9B03,追加字库; 合并字库; GB2312,3
6539,鬈,39688,U+9B08,追加字库; 合并字库; GB2312,3
6540,鬏,39695,U+9B0F,追加字库; 合并字库; GB2312,3
6541,鬓,39699,U+9B13,追加字库; 合并字库; GB2312,3
6542,鬟,39711,U+9B1F,追加字库; 合并字库; GB2312,3
6543,鬣,39715,U+9B23,追加字库; 合并字库; GB2312,3
6544,鬯,39727,U+9B2F,追加字库; 合并字库; GB2312,3
6545,鬲,39730,U+9B32,追加字库; 合并字库; GB2312,3
6546,鬻,39739,U+9B3B,追加字库; 合并字库; GB2312,3
6547,鬼,39740,U+9B3C,合并字库; GB2312,2
6548,魁,39745,U+9B41,追加字库; 合并字库; GB2312,3
6549,魂,39746,U+9B42,追加字库; 合并字库; GB2312,3
6550,魃,39747,U+9B43,追加字库; 合并字库; GB2312,3
6551,魄,39748,U+9B44,追加字库; 合并字库; GB2312,3
6552,魅,39749,U+9B45,合并字库; GB2312,2
6553,魇,39751,U+9B47,追加字库; 合并字库; GB2312,3
6554,魈,39752,U+9B48,追加字库; 合并字库; GB2312,3
6555,魉,39753,U+9B49,追加字库; 合并字库; GB2312,3
6556,魍,39757,U+9B4D,追加字库; 合并字库; GB2312,3
6557,魏,39759,U+9B4F,合并字库; GB2312,2
6558,魑,39761,U+9B51,追加字库; 合并字库; GB2312,3
6559,魔,39764,U+9B54,追加字库; 合并字库; GB2312,3
6560,鱼,40060,U+9C7C,合并字库; GB2312,2
6561,鱿,40063,U+9C7F,追加字库; 合并字库; GB2312,3
6562,鲁,40065,U+9C81,合并字库; GB2312,2
6563,鲂,40066,U+9C82,追加字库; 合并字库; GB2312,3
6564,鲅,40069,U+9C85,合并字库; GB2312,2
6565,鲆,40070,U+9C86,追加字库; 合并字库; GB2312,3
6566,鲇,40071,U+9C87,追加字库; 合并字库; GB2312,3
6567,鲈,40072,U+9C88,追加字库; 合并字库; GB2312,3
6568,鲋,40075,U+9C8B,追加字库; 合并字库; GB2312,3
6569,鲍,40077,U+9C8D,合并字库; GB2312,2
6570,鲎,40078,U+9C8E,追加字库; 合并字库; GB2312,3
6571,鲐,40080,U+9C90,追加字库; 合并字库; GB2312,3
6572,鲑,40081,U+9C91,追加字库; 合并字库; GB2312,3
6573,鲒,40082,U+9C92,追加字库; 合并字库; GB2312,3
6574,鲔,40084,U+9C94,追加字库; 合并字库; GB2312,3
6575,鲕,40085,U+9C95,追加字库; 合并字库; GB2312,3
6576,鲚,40090,U+9C9A,追加字库; 合并字库; GB2312,3
6577,鲛,40091,U+9C9B,追加字库; 合并字库; GB2312,3
6578,鲜,40092,U+9C9C,追加字库; 合并字库; GB2312,3
6579,鲞,40094,U+9C9E,追加字库; 合并字库; GB2312,3
6580,鲟,40095,U+9C9F,追加字库; 合并字库; GB2312,3
6581,鲠,40096,U+9CA0,追加字库; 合并字库; GB2312,3
6582,鲡,40097,U+9CA1,追加字库; 合并字库; GB2312,3
6583,鲢,40098,U+9CA2,追加字库; 合并字库; GB2312,3
6584,鲣,40099,U+9CA3,追加字库; 合并字库; GB2312,3
6585,鲤,40100,U+9CA4,追加字库; 合并字库; GB2312,3
6586,鲥,40101,U+9CA5,追加字库; 合并字库; GB2312,3
6587,鲦,40102,U+9CA6,追加字库; 合并字库; GB2312,3
6588,鲧,40103,U+9CA7,追加字库; 合并字库; GB2312,3
6589,鲨,40104,U+9CA8,追加字库; 合并字库; GB2312,3
6590,鲩,40105,U+9CA9,追加字库; 合并字库; GB2312,3
6591,鲫,40107,U+9CAB,追加字库; 合并字库; GB2312,3
6592,鲭,40109,U+9CAD,追加字库; 合并字库; GB2312,3
6593,鲮,40110,U+9CAE,追加字库; 合并字库; GB2312,3
6594,鲰,40112,U+9CB0,追加字库; 合并字库; GB2312,3
6595,鲱,40113,U+9CB1,追加字库; 合并字库; GB2312,3
6596,鲲,40114,U+9CB2,追加字库; 合并字库; GB2312,3
6597,鲳,40115,U+9CB3,追加字库; 合并字库; GB2312,3
6598,鲴,40116,U+9CB4,追加字库; 合并字库; GB2312,3
6599,鲵,40117,U+9CB5,追加字库; 合并字库; GB2312,3
6600,鲶,40118,U+9CB6,追加字库; 合并字库; GB2312,3
6601,鲷,40119,U+9CB7,追加字库; 合并字库; GB2312,3
6602,鲸,40120,U+9CB8,追加字库; 合并字库; GB2312,3
6603,鲺,40122,U+9CBA,追加字库; 合并字库; GB2312,3
6604,鲻,40123,U+9CBB,追加字库; 合并字库; GB2312,3
6605,鲼,40124,U+9CBC,追加字库; 合并字库; GB2312,3
6606,鲽,40125,U+9CBD,追加字库; 合并字库; GB2312,3
6607,鳃,40131,U+9CC3,追加字库; 合并字库; GB2312,3
6608,鳄,40132,U+9CC4,追加字库; 合并字库; GB2312,3
6609,鳅,40133,U+9CC5,追加字库; 合并字库; GB2312,3
6610,鳆,40134,U+9CC6,追加字库; 合并字库; GB2312,3
6611,鳇,40135,U+9CC7,追加字库; 合并字库; GB2312,3
6612,鳊,40138,U+9CCA,追加字库; 合并字库; GB2312,3
6613,鳋,40139,U+9CCB,追加字库; 合并字库; GB2312,3
6614,鳌,40140,U+9CCC,追加字库; 合并字库; GB2312,3
6615,鳍,40141,U+9CCD,追加字库; 合并字库; GB2312,3
6616,鳎,40142,U+9CCE,追加字库; 合并字库; GB2312,3
6617,鳏,40143,U+9CCF,追加字库; 合并字库; GB2312,3
6618,鳐,40144,U+9CD0,追加字库; 合并字库; GB2312,3
6619,鳓,40147,U+9CD3,追加字库; 合并字库; GB2312,3
6620,鳔,40148,U+9CD4,追加字库; 合并字库; GB2312,3
6621,鳕,40149,U+9CD5,追加字库; 合并字库; GB2312,3
6622,鳖,40150,U+9CD6,追加字库; 合并字库; GB2312,3
6623,鳗,40151,U+9CD7,追加字库; 合并字库; GB2312,3
6624,鳘,40152,U+9CD8,追加字库; 合并字库; GB2312,3
6625,鳙,40153,U+9CD9,追加字库; 合并字库; GB2312,3
6626,鳜,40156,U+9CDC,追加字库; 合并字库; GB2312,3
6627,鳝,40157,U+9CDD,追加字库; 合并字库; GB2312,3
6628,鳞,40158,U+9CDE,追加字库; 合并字库; GB2312,3
6629,鳟,40159,U+9CDF,追加字库; 合并字库; GB2312,3
6630,鳢,40162,U+9CE2,追加字库; 合并字库; GB2312,3
6631,鸟,40479,U+9E1F,合并字库; GB2312,2
6632,鸠,40480,U+9E20,追加字库; 合并字库; GB2312,3
6633,鸡,40481,U+9E21,合并字库; GB2312,2
6634,鸢,40482,U+9E22,追加字库; 合并字库; GB2312,3
6635,鸣,40483,U+9E23,追加字库; 合并字库; GB2312,3
6636,鸥,40485,U+9E25,追加字库; 合并字库; GB2312,3
6637,鸦,40486,U+9E26,追加字库; 合并字库; GB2312,3
6638,鸨,40488,U+9E28,追加字库; 合并字库; GB2312,3
6639,鸩,40489,U+9E29,追加字库; 合并字库; GB2312,3
6640,鸪,40490,U+9E2A,追加字库; 合并字库; GB2312,3
6641,鸫,40491,U+9E2B,追加字库; 合并字库; GB2312,3
6642,鸬,40492,U+9E2C,追加字库; 合并字库; GB2312,3
6643,鸭,40493,U+9E2D,合并字库; GB2312,2
6644,鸯,40495,U+9E2F,追加字库; 合并字库; GB2312,3
6645,鸱,40497,U+9E31,追加字库; 合并字库; GB2312,3
6646,鸲,40498,U+9E32,追加字库; 合并字库; GB2312,3
6647,鸳,40499,U+9E33,追加字库; 合并字库; GB2312,3
6648,鸵,40501,U+9E35,追加字库; 合并字库; GB2312,3
6649,鸶,40502,U+9E36,追加字库; 合并字库; GB2312,3
6650,鸷,40503,U+9E37,追加字库; 合并字库; GB2312,3
6651,鸸,40504,U+9E38,追加字库; 合并字库; GB2312,3
6652,鸹,40505,U+9E39,追加字库; 合并字库; GB2312,3
6653,鸺,40506,U+9E3A,追加字库; 合并字库; GB2312,3
6654,鸽,40509,U+9E3D,追加字库; 合并字库; GB2312,3
6655,鸾,40510,U+9E3E,追加字库; 合并字库; GB2312,3
6656,鸿,40511,U+9E3F,合并字库; GB2312,2
6657,鹁,40513,U+9E41,追加字库; 合并字库; GB2312,3
6658,鹂,40514,U+9E42,追加字库; 合并字库; GB2312,3
6659,鹃,40515,U+9E43,追加字库; 合并字库; GB2312,3
6660,鹄,40516,U+9E44,追加字库; 合并字库; GB2312,3
6661,鹅,40517,U+9E45,合并字库; GB2312,2
6662,鹆,40518,U+9E46,追加字库; 合并字库; GB2312,3
6663,鹇,40519,U+9E47,追加字库; 合并字库; GB2312,3
6664,鹈,40520,U+9E48,追加字库; 合并字库; GB2312,3
6665,鹉,40521,U+9E49,追加字库; 合并字库; GB2312,3
6666,鹊,40522,U+9E4A,追加字库; 合并字库; GB2312,3
6667,鹋,40523,U+9E4B,追加字库; 合并字库; GB2312,3
6668,鹌,40524,U+9E4C,追加字库; 合并字库; GB2312,3
6669,鹎,40526,U+9E4E,追加字库; 合并字库; GB2312,3
6670,鹏,40527,U+9E4F,追加字库; 合并字库; GB2312,3
6671,鹑,40529,U+9E51,追加字库; 合并字库; GB2312,3
6672,鹕,40533,U+9E55,追加字库; 合并字库; GB2312,3
6673,鹗,40535,U+9E57,追加字库; 合并字库; GB2312,3
6674,鹘,40536,U+9E58,追加字库; 合并字库; GB2312,3
6675,鹚,40538,U+9E5A,追加字库; 合并字库; GB2312,3
6676,鹛,40539,U+9E5B,追加字库; 合并字库; GB2312,3
6677,鹜,40540,U+9E5C,追加字库; 合并字库; GB2312,3
6678,鹞,40542,U+9E5E,追加字库; 合并字库; GB2312,3
6679,鹣,40547,U+9E63,追加字库; 合并字库; GB2312,3
6680,鹤,40548,U+9E64,合并字库; GB2312,2
6681,鹦,40550,U+9E66,追加字库; 合并字库; GB2312,3
6682,鹧,40551,U+9E67,追加字库; 合并字库; GB2312,3
6683,鹨,40552,U+9E68,追加字库; 合并字库; GB2312,3
6684,鹩,40553,U+9E69,追加字库; 合并字库; GB2312,3
6685,鹪,40554,U+9E6A,追加字库; 合并字库; GB2312,3
6686,鹫,40555,U+9E6B,追加字库; 合并字库; GB2312,3
6687,鹬,40556,U+9E6C,追加字库; 合并字库; GB2312,3
6688,鹭,40557,U+9E6D,追加字库; 合并字库; GB2312,3
6689,鹰,40560,U+9E70,合并字库; GB2312,2
6690,鹱,40561,U+9E71,追加字库; 合并字库; GB2312,3
6691,鹳,40563,U+9E73,追加字库; 合并字库; GB2312,3
6692,鹾,40574,U+9E7E,追加字库; 合并字库; GB2312,3
6693,鹿,40575,U+9E7F,合并字库; GB2312,2
6694,麂,40578,U+9E82,追加字库; 合并字库; GB2312,3
6695,麇,40583,U+9E87,追加字库; 合并字库; GB2312,3
6696,麈,40584,U+9E88,追加字库; 合并字库; GB2312,3
6697,麋,40587,U+9E8B,追加字库; 合并字库; GB2312,3
6698,麒,40594,U+9E92,追加字库; 合并字库; GB2312,3
6699,麓,40595,U+9E93,合并字库; GB2312,2
6700,麝,40605,U+9E9D,追加字库; 合并字库; GB2312,3
6701,麟,40607,U+9E9F,追加字库; 合并字库; GB2312,3
6702,麦,40614,U+9EA6,合并字库; GB2312,2
6703,麴,40628,U+9EB4,追加字库; 合并字库; GB2312,3
6704,麸,40632,U+9EB8,追加字库; 合并字库; GB2312,3
6705,麻,40635,U+9EBB,合并字库; GB2312,2
6706,麽,40637,U+9EBD,追加字库; 合并字库; GB2312,3
6707,麾,40638,U+9EBE,追加字库; 合并字库; GB2312,3
6708,黄,40644,U+9EC4,合并字库; GB2312,2
6709,黉,40649,U+9EC9,追加字库; 合并字库; GB2312,3
6710,黍,40653,U+9ECD,追加字库; 合并字库; GB2312,3
6711,黎,40654,U+9ECE,合并字库; GB2312,2
6712,黏,40655,U+9ECF,追加字库; 合并字库; GB2312,3
6713,黑,40657,U+9ED1,合并字库; GB2312,2
6714,黔,40660,U+9ED4,合并字库; GB2312,2
6715,默,40664,U+9ED8,合并字库; GB2312,2
6716,黛,40667,U+9EDB,追加字库; 合并字库; GB2312,3
6717,黜,40668,U+9EDC,追加字库; 合并字库; GB2312,3
6718,黝,40669,U+9EDD,追加字库; 合并字库; GB2312,3
6719,黟,40671,U+9EDF,追加字库; 合并字库; GB2312,3
6720,黠,40672,U+9EE0,追加字库; 合并字库; GB2312,3
6721,黢,40674,U+9EE2,追加字库; 合并字库; GB2312,3
6722,黥,40677,U+9EE5,追加字库; 合并字库; GB2312,3
6723,黧,40679,U+9EE7,追加字库; 合并字库; GB2312,3
6724,黩,40681,U+9EE9,追加字库; 合并字库; GB2312,3
6725,黪,40682,U+9EEA,追加字库; 合并字库; GB2312,3
6726,黯,40687,U+9EEF,追加字库; 合并字库; GB2312,3
6727,黹,40697,U+9EF9,追加字库; 合并字库; GB2312,3
6728,黻,40699,U+9EFB,追加字库; 合并字库; GB2312,3
6729,黼,40700,U+9EFC,追加字库; 合并字库; GB2312,3
6730,黾,40702,U+9EFE,追加字库; 合并字库; GB2312,3
6731,鼋,40715,U+9F0B,追加字库; 合并字库; GB2312,3
6732,鼍,40717,U+9F0D,追加字库; 合并字库; GB2312,3
6733,鼎,40718,U+9F0E,合并字库; GB2312,2
6734,鼐,40720,U+9F10,追加字库; 合并字库; GB2312,3
6735,鼓,40723,U+9F13,合并字库; GB2312,2
6736,鼗,40727,U+9F17,追加字库; 合并字库; GB2312,3
6737,鼙,40729,U+9F19,追加字库; 合并字库; GB2312,3
6738,鼠,40736,U+9F20,追加字库; 合并字库; GB2312,3
6739,鼢,40738,U+9F22,追加字库; 合并字库; GB2312,3
6740,鼬,40748,U+9F2C,追加字库; 合并字库; GB2312,3
6741,鼯,40751,U+9F2F,追加字库; 合并字库; GB2312,3
6742,鼷,40759,U+9F37,追加字库; 合并字库; GB2312,3
6743,鼹,40761,U+9F39,追加字库; 合并字库; GB2312,3
6744,鼻,40763,U+9F3B,追加字库; 合并字库; GB2312,3
6745,鼽,40765,U+9F3D,追加字库; 合并字库; GB2312,3
6746,鼾,40766,U+9F3E,追加字库; 合并字库; GB2312,3
6747,齄,40772,U+9F44,追加字库; 合并字库; GB2312,3
6748,齐,40784,U+9F50,合并字库; GB2312,2
6749,齑,40785,U+9F51,追加字库; 合并字库; GB2312,3
6750,齿,40831,U+9F7F,追加字库; 合并字库; GB2312,3
6751,龀,40832,U+9F80,追加字库; 合并字库; GB2312,3
6752,龃,40835,U+9F83,追加字库; 合并字库; GB2312,3
6753,龄,40836,U+9F84,追加字库; 合并字库; GB2312,3
6754,龅,40837,U+9F85,追加字库; 合并字库; GB2312,3
6755,龆,40838,U+9F86,追加字库; 合并字库; GB2312,3
6756,龇,40839,U+9F87,追加字库; 合并字库; GB2312,3
6757,龈,40840,U+9F88,追加字库; 合并字库; GB2312,3
6758,龉,40841,U+9F89,追加字库; 合并字库; GB2312,3
6759,龊,40842,U+9F8A,追加字库; 合并字库; GB2312,3
6760,龋,40843,U+9F8B,追加字库; 合并字库; GB2312,3
6761,龌,40844,U+9F8C,追加字库; 合并字库; GB2312,3
6762,龙,40857,U+9F99,合并字库; GB2312,2
6763,龚,40858,U+9F9A,追加字库; 合并字库; GB2312,3
6764,龛,40859,U+9F9B,追加字库; 合并字库; GB2312,3
6765,龟,40863,U+9F9F,追加字库; 合并字库; GB2312,3
6766,龠,40864,U+9FA0,追加字库; 合并字库; GB2312,3
6767,（,65288,U+FF08,追加字库,1
6768,）,65289,U+FF09,追加字库,1
6769,，,65292,U+FF0C,追加字库,1
6770,：,65306,U+FF1A,追加字库; 追加字库,2
