/* Auto-generated Chinese font + pinyin data for CN channel names */
/* Font: WenQuanYi Bitmap Song 9pt (12x12) */
/* Characters: 1412, Pinyin syllables: 337 */

#ifndef CN_FONT_DATA_H
#define CN_FONT_DATA_H

#include <stdint.h>

/* SPI Flash layout for CN font data (base: 0x010200) */
#define CN_FONT_FLASH_BASE      0x010200u
#define CN_FONT_CHAR_COUNT      1412u
#define CN_FONT_BITMAP_SIZE     33888u   /* 16944 uint16_t */
#define CN_FONT_INDEX_SIZE      5648u   /* 1412 entries x 4 bytes */
#define CN_FONT_PY_OFFSET       39536u  /* pinyin table offset from base */
#define CN_FONT_PY_COUNT        337u
#define CN_FONT_VERSION         2u
#define CN_FONT_VERSION_OFFSET  44131u  /* version byte offset from base */

/* Font bitmaps: 1412 chars x 12 rows x uint16_t */
/* Write to SPI Flash at CN_FONT_FLASH_BASE */
static const uint16_t cn_font_bitmaps[16944] = {
    /* [  0] '的' U+7684 */
    0x1100, 0x2100, 0x7BE0, 0x4C20, 0x4820, 0x7A20, 0x4920, 0x4920, 
    0x4820, 0x7820, 0x48C0, 0x0000,     /* [  1] '是' U+662F */
0x1F80, 0x1080, 0x1F80, 0x1080, 
    0x1F80, 0x0000, 0xFFE0, 0x2400, 0x2780, 0x5400, 0x8FE0, 0x0000, 
    /* [  2] '一' U+4E00 */
    0x0000, 0x0000, 0x0000, 0x0000, 0x0040, 0xFFE0, 0x0000, 0x0000, 
    0x0000, 0x0000, 0x0000, 0x0000,     /* [  3] '不' U+4E0D */
0xFFE0, 0x0200, 0x0200, 0x0400, 
    0x0D00, 0x1480, 0x2440, 0x4420, 0x8400, 0x0400, 0x0400, 0x0000, 
    /* [  4] '了' U+4E86 */
    0x7FC0, 0x0080, 0x0100, 0x0600, 0x0400, 0x0400, 0x0400, 0x0400, 
    0x0400, 0x1400, 0x0800, 0x0000,     /* [  5] '在' U+5728 */
0x0400, 0x0400, 0x7FE0, 0x0800, 
    0x1100, 0x3100, 0x57C0, 0x1100, 0x1100, 0x1100, 0x1FE0, 0x0000, 
    /* [  6] '人' U+4EBA */
    0x0400, 0x0400, 0x0400, 0x0400, 0x0400, 0x0400, 0x0A00, 0x0A00, 
    0x1100, 0x2080, 0xC060, 0x0000,     /* [  7] '有' U+6709 */
0x0800, 0xFFE0, 0x1000, 0x1F80, 
    0x3080, 0x5F80, 0x9080, 0x1F80, 0x1080, 0x1080, 0x1180, 0x0000, 
    /* [  8] '我' U+6211 */
    0x0A80, 0x7240, 0x1200, 0xFFE0, 0x1200, 0x1A40, 0x3280, 0xD100, 
    0x1320, 0x54A0, 0x2060, 0x0000,     /* [  9] '他' U+4ED6 */
0x1100, 0x1100, 0x2540, 0x25C0, 
    0x6F40, 0xA540, 0x2540, 0x2580, 0x2520, 0x2420, 0x23E0, 0x0000, 
    /* [ 10] '这' U+8FD9 */
    0x4200, 0x2100, 0x0FE0, 0xE080, 0x2480, 0x2280, 0x2100, 0x2280, 
    0x2C40, 0x5000, 0x8FE0, 0x0000,     /* [ 11] '中' U+4E2D */
0x0400, 0x0400, 0x7FC0, 0x4440, 
    0x4440, 0x4440, 0x7FC0, 0x4440, 0x0400, 0x0400, 0x0400, 0x0000, 
    /* [ 12] '大' U+5927 */
    0x0400, 0x0400, 0x0400, 0xFFE0, 0x0400, 0x0400, 0x0A00, 0x0A00, 
    0x1100, 0x2080, 0xC060, 0x0000,     /* [ 13] '来' U+6765 */
0x0400, 0x7FC0, 0x2480, 0x1500, 
    0xFFE0, 0x0400, 0x0E00, 0x1500, 0x2480, 0xC460, 0x0400, 0x0000, 
    /* [ 14] '上' U+4E0A */
    0x0400, 0x0400, 0x0400, 0x0400, 0x07C0, 0x0400, 0x0400, 0x0400, 
    0x0400, 0x0400, 0xFFE0, 0x0000,     /* [ 15] '个' U+4E2A */
0x0400, 0x0400, 0x0A00, 0x1100, 
    0x2480, 0x4460, 0x0400, 0x0400, 0x0400, 0x0400, 0x0400, 0x0000, 
    /* [ 16] '国' U+56FD */
    0x7FE0, 0x4020, 0x5FA0, 0x4420, 0x4420, 0x5FA0, 0x4520, 0x44A0, 
    0x7FE0, 0x4020, 0x7FE0, 0x0000,     /* [ 17] '到' U+5230 */
0xFE20, 0x1020, 0x20A0, 0x44A0, 
    0xFEA0, 0x10A0, 0x7CA0, 0x10A0, 0x1020, 0x1E20, 0xE0E0, 0x0000, 
    /* [ 18] '说' U+8BF4 */
    0x4440, 0x2280, 0x07C0, 0x0440, 0xE440, 0x27C0, 0x2280, 0x2A80, 
    0x32A0, 0x24A0, 0x08E0, 0x0000,     /* [ 19] '们' U+4EEC */
0x2400, 0x22E0, 0x4A20, 0x4820, 
    0xC820, 0x4820, 0x4820, 0x4820, 0x4820, 0x4820, 0x4860, 0x0000, 
    /* [ 20] '为' U+4E3A */
    0x2400, 0x1400, 0x0400, 0x7FC0, 0x0440, 0x0640, 0x0940, 0x0940, 
    0x1040, 0x2240, 0x4180, 0x0000,     /* [ 21] '子' U+5B50 */
0x3F80, 0x0100, 0x0200, 0x0400, 
    0x0400, 0xFFE0, 0x0400, 0x0400, 0x0400, 0x1400, 0x0800, 0x0000, 
    /* [ 22] '和' U+548C */
    0x0C00, 0x7000, 0x11E0, 0xFD20, 0x1120, 0x3920, 0x3520, 0x5520, 
    0x9120, 0x11E0, 0x1000, 0x0000,     /* [ 23] '你' U+4F60 */
0x1400, 0x1400, 0x27E0, 0x2820, 
    0x6100, 0xA540, 0x2540, 0x2920, 0x3120, 0x2120, 0x2300, 0x0000, 
    /* [ 24] '地' U+5730 */
    0x2100, 0x2500, 0x2540, 0xF5C0, 0x2740, 0x2D40, 0x2540, 0x25C0, 
    0x3520, 0xC420, 0x03E0, 0x0000,     /* [ 25] '出' U+51FA */
0x0400, 0x4440, 0x4440, 0x4440, 
    0x7FC0, 0x0400, 0x8420, 0x8420, 0x8420, 0x8420, 0xFFE0, 0x0000, 
    /* [ 26] '会' U+4F1A */
    0x0400, 0x0A00, 0x1100, 0x2080, 0xDF60, 0x0000, 0x0000, 0x7FC0, 
    0x0800, 0x1080, 0x3FC0, 0x0000,     /* [ 27] '也' U+4E5F */
0x0400, 0x0400, 0x24C0, 0x2740, 
    0x3C40, 0xE440, 0x2540, 0x2480, 0x2420, 0x2020, 0x1FE0, 0x0000, 
    /* [ 28] '时' U+65F6 */
    0x0080, 0xF080, 0x9FE0, 0x9080, 0x9480, 0xF280, 0x9280, 0x9080, 
    0x9080, 0xF080, 0x0380, 0x0000,     /* [ 29] '要' U+8981 */
0xFFE0, 0x0A00, 0x7FC0, 0x4A40, 
    0x7FC0, 0x0800, 0xFFE0, 0x1100, 0x3A00, 0x0F00, 0x70C0, 0x0000, 
    /* [ 30] '就' U+5C31 */
    0x1100, 0xFD40, 0x0120, 0x7FE0, 0x4A80, 0x7A80, 0x1280, 0x5AA0, 
    0x56A0, 0x92A0, 0x3460, 0x0000,     /* [ 31] '能' U+80FD */
0x2100, 0x4940, 0xFD80, 0x0120, 
    0x7DE0, 0x4400, 0x7D40, 0x4580, 0x7D20, 0x4520, 0x4DE0, 0x0000, 
    /* [ 32] '下' U+4E0B */
    0x0000, 0xFFE0, 0x0400, 0x0400, 0x0600, 0x0500, 0x0480, 0x0480, 
    0x0400, 0x0400, 0x0400, 0x0000,     /* [ 33] '行' U+884C */
0x27C0, 0x4000, 0x8000, 0x1000, 
    0x2FE0, 0x6080, 0xA080, 0x2080, 0x2080, 0x2080, 0x2380, 0x0000, 
    /* [ 34] '对' U+5BF9 */
    0x0080, 0xF080, 0x1FE0, 0x9080, 0x5080, 0x2480, 0x2280, 0x5080, 
    0x5080, 0x8280, 0x0100, 0x0000,     /* [ 35] '着' U+7740 */
0x1100, 0x7FC0, 0x0400, 0x3F80, 
    0x0800, 0xFFE0, 0x1080, 0x3E80, 0x5780, 0x9080, 0x1F80, 0x0000, 
    /* [ 36] '生' U+751F */
    0x0200, 0x2200, 0x2200, 0x3FE0, 0x4200, 0x8200, 0x1FC0, 0x0200, 
    0x0200, 0x0200, 0x7FE0, 0x0000,     /* [ 37] '里' U+91CC */
0x7FC0, 0x4440, 0x4440, 0x7FC0, 
    0x4440, 0x4440, 0x7FC0, 0x0400, 0x7FC0, 0x0400, 0xFFE0, 0x0000, 
    /* [ 38] '年' U+5E74 */
    0x2000, 0x3FE0, 0x4200, 0x8200, 0x3FC0, 0x2200, 0x2200, 0xFFE0, 
    0x0200, 0x0200, 0x0200, 0x0000,     /* [ 39] '前' U+524D */
0x1080, 0x0900, 0x7FE0, 0x0000, 
    0x3D40, 0x2540, 0x3D40, 0x2540, 0x3D40, 0x2440, 0x2DC0, 0x0000, 
    /* [ 40] '面' U+9762 */
    0x7FE0, 0x0400, 0x0800, 0x7FE0, 0x4920, 0x4F20, 0x4920, 0x4F20, 
    0x4920, 0x7FE0, 0x4020, 0x0000,     /* [ 41] '后' U+540E */
0x01C0, 0x3E00, 0x2000, 0x3FE0, 
    0x2000, 0x2000, 0x2FC0, 0x2840, 0x4840, 0x4FC0, 0x8840, 0x0000, 
    /* [ 42] '东' U+4E1C */
    0x0400, 0x0400, 0x7FE0, 0x0A00, 0x1200, 0x3FC0, 0x0200, 0x1280, 
    0x2240, 0x4220, 0x0E00, 0x0000,     /* [ 43] '西' U+897F */
0x0000, 0xFFE0, 0x0A00, 0x7FC0, 
    0x4A40, 0x4A40, 0x5240, 0x61C0, 0x4040, 0x7FC0, 0x4040, 0x0000, 
    /* [ 44] '南' U+5357 */
    0x0400, 0xFFE0, 0x0400, 0x7FC0, 0x5140, 0x4A40, 0x7FC0, 0x4440, 
    0x7FC0, 0x4440, 0x44C0, 0x0000,     /* [ 45] '北' U+5317 */
0x1200, 0x1200, 0x1200, 0xF260, 
    0x1380, 0x1200, 0x1200, 0x3200, 0x5220, 0x9220, 0x11E0, 0x0000, 
    /* [ 46] '小' U+5C0F */
    0x0400, 0x0400, 0x0400, 0x2480, 0x2440, 0x4440, 0x4420, 0x8420, 
    0x0400, 0x1400, 0x0800, 0x0000,     /* [ 47] '高' U+9AD8 */
0x0400, 0xFFE0, 0x0000, 0x1F00, 
    0x1100, 0x7FC0, 0x4040, 0x5F40, 0x5140, 0x5F40, 0x40C0, 0x0000, 
    /* [ 48] '多' U+591A */
    0x0400, 0x0F80, 0x1080, 0x2900, 0x0600, 0x1A00, 0x67C0, 0x0840, 
    0x3480, 0x0300, 0x7C00, 0x0000,     /* [ 49] '少' U+5C11 */
0x0400, 0x0400, 0x1480, 0x1440, 
    0x2420, 0x4480, 0x0500, 0x0200, 0x0400, 0x1800, 0xE000, 0x0000, 
    /* [ 50] '长' U+957F */
    0x1080, 0x1100, 0x1200, 0x1400, 0x1800, 0x7FE0, 0x1400, 0x1200, 
    0x1100, 0x1480, 0x1860, 0x0000,     /* [ 51] '短' U+77ED */
0x4FE0, 0x4000, 0x77C0, 0xA440, 
    0x2440, 0xF7C0, 0x2000, 0x2440, 0x5280, 0x4080, 0x8FE0, 0x0000, 
    /* [ 52] '快' U+5FEB */
    0x2200, 0x2200, 0x37C0, 0xAA40, 0xA240, 0xBFE0, 0x2200, 0x2300, 
    0x2480, 0x2840, 0x3020, 0x0000,     /* [ 53] '慢' U+6162 */
0x27C0, 0x2440, 0x27C0, 0xB440, 
    0xAFE0, 0xAAA0, 0x2FE0, 0x2000, 0x27C0, 0x2380, 0x2C60, 0x0000, 
    /* [ 54] '好' U+597D */
    0x2000, 0x23E0, 0xF840, 0x2880, 0x2880, 0x4FE0, 0x5080, 0x3080, 
    0x2880, 0x4880, 0x8380, 0x0000,     /* [ 55] '新' U+65B0 */
0x1060, 0xFD80, 0x4500, 0x2900, 
    0xFDE0, 0x1140, 0xFD40, 0x1140, 0x5540, 0x9240, 0x3440, 0x0000, 
    /* [ 56] '旧' U+65E7 */
    0x0000, 0x4FC0, 0x4840, 0x4840, 0x4840, 0x4FC0, 0x4840, 0x4840, 
    0x4840, 0x4840, 0x4FC0, 0x0000,     /* [ 57] '远' U+8FDC */
0x47C0, 0x2000, 0x2000, 0x0FE0, 
    0xE280, 0x2280, 0x22A0, 0x24A0, 0x2860, 0x5000, 0x8FE0, 0x0000, 
    /* [ 58] '近' U+8FD1 */
    0x40C0, 0x2700, 0x2400, 0x07E0, 0xE480, 0x2480, 0x2480, 0x2480, 
    0x2880, 0x5000, 0x8FE0, 0x0000,     /* [ 59] '安' U+5B89 */
0x0400, 0x7FE0, 0x4020, 0x8840, 
    0x0800, 0xFFE0, 0x1100, 0x3100, 0x0E00, 0x0980, 0x7060, 0x0000, 
    /* [ 60] '危' U+5371 */
    0x1000, 0x1F80, 0x2100, 0x7FE0, 0x2000, 0x2F80, 0x2880, 0x2880, 
    0x2B20, 0x4820, 0x87E0, 0x0000,     /* [ 61] '黑' U+9ED1 */
0x7FC0, 0x4440, 0x5540, 0x4E40, 
    0x7FC0, 0x0400, 0x7FC0, 0x0400, 0xFFE0, 0x5240, 0x8920, 0x0000, 
    /* [ 62] '吉' U+5409 */
    0x0400, 0x0400, 0xFFE0, 0x0400, 0x7FC0, 0x0000, 0x3F80, 0x2080, 
    0x2080, 0x3F80, 0x2080, 0x0000,     /* [ 63] '辽' U+8FBD */
0x4FC0, 0x2040, 0x2080, 0x0100, 
    0xE100, 0x2100, 0x2100, 0x2500, 0x2200, 0x5000, 0x8FE0, 0x0000, 
    /* [ 64] '冀' U+5180 */
    0x7B80, 0x0A20, 0x7FE0, 0x2480, 0x3F80, 0x2480, 0x7FC0, 0x0900, 
    0xFFE0, 0x0900, 0x70E0, 0x0000,     /* [ 65] '鲁' U+9C81 */
0x1F00, 0x2200, 0x7FC0, 0xA440, 
    0x3FC0, 0x2440, 0xFFE0, 0x1080, 0x1F80, 0x1080, 0x1F80, 0x0000, 
    /* [ 66] '豫' U+8C6B */
    0xF780, 0x1480, 0xAFE0, 0x4920, 0xFFE0, 0x5220, 0x4540, 0x5B80, 
    0x4540, 0x5920, 0xC600, 0x0000,     /* [ 67] '晋' U+664B */
0x7FC0, 0x0A00, 0x4A40, 0x2A80, 
    0xFFE0, 0x0000, 0x3F80, 0x2080, 0x3F80, 0x2080, 0x3F80, 0x0000, 
    /* [ 68] '陕' U+9655 */
    0xF100, 0x9FE0, 0xA920, 0xC540, 0xA580, 0x9FE0, 0xD100, 0xA280, 
    0x8280, 0x8440, 0x8820, 0x0000,     /* [ 69] '甘' U+7518 */
0x1080, 0x1080, 0x7FE0, 0x1080, 
    0x1080, 0x1080, 0x1F80, 0x1080, 0x1080, 0x1F80, 0x1080, 0x0000, 
    /* [ 70] '川' U+5DDD */
    0x2020, 0x2220, 0x2220, 0x2220, 0x2220, 0x2220, 0x2220, 0x2220, 
    0x2220, 0x4020, 0x8020, 0x0000,     /* [ 71] '鄂' U+9102 */
0xEFE0, 0xAB20, 0xEF20, 0x0140, 
    0x7D80, 0x0140, 0xFF20, 0x2120, 0x3DA0, 0x0540, 0x3900, 0x0000, 
    /* [ 72] '湘' U+6E58 */
    0x45E0, 0x2520, 0x0520, 0x9FE0, 0x4520, 0x2720, 0x2DE0, 0xD520, 
    0x4520, 0x45E0, 0x4520, 0x0000,     /* [ 73] '皖' U+7696 */
0x2100, 0x4080, 0xF7E0, 0x9420, 
    0x93C0, 0xF000, 0x9FE0, 0x9280, 0xF2A0, 0x94A0, 0x18E0, 0x0000, 
    /* [ 74] '赣' U+8D63 */
    0x21C0, 0xFA80, 0x5140, 0xFFE0, 0x9080, 0xF7E0, 0x9220, 0xF2A0, 
    0x22A0, 0xF940, 0x2620, 0x0000,     /* [ 75] '苏' U+82CF */
0x1100, 0xFFE0, 0x1100, 0x0800, 
    0x7F80, 0x0880, 0x48C0, 0x48A0, 0x90A0, 0x2080, 0xC300, 0x0000, 
    /* [ 76] '浙' U+6D59 */
    0x4420, 0x25C0, 0x9F00, 0x5500, 0x17E0, 0x2D40, 0x3540, 0xC540, 
    0x4540, 0x5640, 0x4A40, 0x0000,     /* [ 77] '闽' U+95FD */
0x27E0, 0x1020, 0x4420, 0x5FA0, 
    0x54A0, 0x54A0, 0x5FA0, 0x4420, 0x44A0, 0x5FA0, 0x4060, 0x0000, 
    /* [ 78] '粤' U+7CA4 */
    0x0800, 0x7FC0, 0x5540, 0x7FC0, 0x4E40, 0x5540, 0xFFE0, 0x0800, 
    0x3FC0, 0x0040, 0x0380, 0x0000,     /* [ 79] '滇' U+6EC7 */
0x4100, 0x2FE0, 0x0440, 0x87C0, 
    0x4440, 0x2740, 0x25C0, 0xC440, 0x5FE0, 0x4280, 0x4C60, 0x0000, 
    /* [ 80] '黔' U+9ED4 */
    0xF900, 0xA900, 0xFA80, 0xAC40, 0xF920, 0x2080, 0xFBE0, 0x2040, 
    0xFC80, 0x6880, 0x9500, 0x0000,     /* [ 81] '琼' U+743C */
0x0100, 0xF7E0, 0x2000, 0x27C0, 
    0x2440, 0xF440, 0x27C0, 0x2100, 0x3540, 0xC920, 0x0300, 0x0000, 
    /* [ 82] '京' U+4EAC */
    0x0400, 0xFFE0, 0x0000, 0x3F80, 0x2080, 0x2080, 0x3F80, 0x0400, 
    0x2480, 0x4440, 0x8C20, 0x0000,     /* [ 83] '津' U+6D25 */
0x4200, 0x2FC0, 0x8240, 0x5FE0, 
    0x1240, 0x2FC0, 0x2200, 0xCFC0, 0x4200, 0x5FE0, 0x4200, 0x0000, 
    /* [ 84] '沪' U+6CAA */
    0x4100, 0x2080, 0x87E0, 0x5420, 0x1420, 0x27E0, 0x2400, 0xC400, 
    0x4400, 0x4800, 0x5000, 0x0000,     /* [ 85] '渝' U+6E1D */
0x4300, 0x2480, 0x0B60, 0x9000, 
    0x5E20, 0x2AA0, 0x2EA0, 0xCAA0, 0x4EA0, 0x4A20, 0x4AE0, 0x0000, 
    /* [ 86] '蒙' U+8499 */
    0x1100, 0xFFE0, 0x1100, 0xFFE0, 0x8020, 0x7FC0, 0xD440, 0x2680, 
    0xCB00, 0x1280, 0xEC60, 0x0000,     /* [ 87] '宁' U+5B81 */
0x0200, 0x7FE0, 0x4020, 0x0000, 
    0x7FE0, 0x0200, 0x0200, 0x0200, 0x0200, 0x0200, 0x0E00, 0x0000, 
    /* [ 88] '藏' U+85CF */
    0x0900, 0xFFE0, 0x0940, 0xBFE0, 0xAA80, 0xEFA0, 0x28A0, 0xEFC0, 
    0xAAA0, 0xAFA0, 0x4160, 0x0000,     /* [ 89] '疆' U+7586 */
0xFFE0, 0x1540, 0xF7C0, 0x8540, 
    0xF7C0, 0x5000, 0xFFE0, 0x5540, 0xF7C0, 0x9540, 0x6FE0, 0x0000, 
    /* [ 90] '青' U+9752 */
    0x0400, 0x7FC0, 0x0400, 0x3F80, 0x0400, 0xFFE0, 0x1080, 0x1F80, 
    0x1080, 0x1F80, 0x1080, 0x0000,     /* [ 91] '桂' U+6842 */
0x2100, 0x27C0, 0xF900, 0x2100, 
    0x2FE0, 0x3000, 0x6900, 0xA7C0, 0x2100, 0x2100, 0x2FE0, 0x0000, 
    /* [ 92] '呼' U+547C */
    0x00C0, 0xEF00, 0xA120, 0xA920, 0xA540, 0xBFE0, 0xE100, 0xA100, 
    0x0100, 0x0100, 0x0700, 0x0000,     /* [ 93] '沈' U+6C88 */
0x4200, 0x2200, 0x8FE0, 0x4A40, 
    0x1200, 0x2300, 0x2500, 0xC500, 0x4520, 0x4920, 0x50E0, 0x0000, 
    /* [ 94] '哈' U+54C8 */
    0x0100, 0x0100, 0xF280, 0x9440, 0x9FE0, 0x9000, 0x97C0, 0xF440, 
    0x9440, 0x07C0, 0x0440, 0x0000,     /* [ 95] '杭' U+676D */
0x2100, 0x2080, 0xFFE0, 0x2000, 
    0x2380, 0x3280, 0x6A80, 0xA280, 0x22A0, 0x24A0, 0x2860, 0x0000, 
    /* [ 96] '合' U+5408 */
    0x0400, 0x0A00, 0x1100, 0x2080, 0xDF60, 0x0000, 0x3F80, 0x2080, 
    0x2080, 0x3F80, 0x2080, 0x0000,     /* [ 97] '福' U+798F */
0x4FE0, 0x2000, 0x07C0, 0xF440, 
    0x17C0, 0x2000, 0x3FE0, 0x6920, 0xAFE0, 0x2920, 0x2FE0, 0x0000, 
    /* [ 98] '济' U+6D4E */
    0x4100, 0x2FE0, 0x8480, 0x5300, 0x1480, 0x2860, 0x2480, 0xC480, 
    0x4480, 0x4880, 0x5080, 0x0000,     /* [ 99] '郑' U+90D1 */
0x4400, 0x29E0, 0x7D20, 0x1140, 
    0x1180, 0xFD40, 0x1120, 0x2920, 0x25A0, 0x4540, 0x8100, 0x0000, 
    /* [100] '武' U+6B66 */
    0x0180, 0x3D40, 0x0100, 0xFFE0, 0x0900, 0x2900, 0x2D00, 0x2900, 
    0x28A0, 0x2EA0, 0xF060, 0x0000,     /* [101] '沙' U+6C99 */
0x4100, 0x2100, 0x8540, 0x4520, 
    0x1520, 0x2900, 0x2120, 0xC040, 0x4080, 0x4300, 0x5C00, 0x0000, 
    /* [102] '广' U+5E7F */
    0x0400, 0x0200, 0x7FE0, 0x4000, 0x4000, 0x4000, 0x4000, 0x4000, 
    0x4000, 0x8000, 0x8000, 0x0000,     /* [103] '深' U+6DF1 */
0x4FE0, 0x2820, 0x0480, 0x8940, 
    0x4100, 0x2FE0, 0x2100, 0xC380, 0x4540, 0x5920, 0x4100, 0x0000, 
    /* [104] '成' U+6210 */
    0x0280, 0x0240, 0x7FE0, 0x4200, 0x4200, 0x7A40, 0x4A40, 0x4A80, 
    0x4920, 0x52A0, 0x8460, 0x0000,     /* [105] '昆' U+6606 */
0x3F80, 0x2080, 0x3F80, 0x2080, 
    0x3F80, 0x0000, 0x4240, 0x7A80, 0x4320, 0x5A20, 0x61E0, 0x0000, 
    /* [106] '贵' U+8D35 */
    0x0400, 0x3F80, 0x2480, 0x3F80, 0x0400, 0xFFE0, 0x2080, 0x2480, 
    0x2480, 0x0B00, 0xF0E0, 0x0000,     /* [107] '兰' U+5170 */
0x2080, 0x1100, 0x7FC0, 0x0000, 
    0x0000, 0x0000, 0x3F80, 0x0000, 0x0000, 0x0000, 0xFFE0, 0x0000, 
    /* [108] '银' U+94F6 */
    0x47C0, 0x4440, 0x7C40, 0x87C0, 0xFC40, 0x27C0, 0xFD20, 0x2540, 
    0x2C80, 0x3540, 0x2620, 0x0000,     /* [109] '厦' U+53A6 */
0x7FE0, 0x4000, 0x5FE0, 0x4840, 
    0x4F40, 0x4BC0, 0x4840, 0x4FC0, 0x4C80, 0x5300, 0xACE0, 0x0000, 
    /* [110] '珠' U+73E0 */
    0x0100, 0xF500, 0x27C0, 0x2900, 0xF100, 0x2FE0, 0x2100, 0x3380, 
    0xC540, 0x0920, 0x0100, 0x0000,     /* [111] '佛' U+4F5B */
0x2500, 0x2500, 0x5FC0, 0xC540, 
    0x5FC0, 0x5500, 0x5FE0, 0x4520, 0x45A0, 0x4940, 0x5100, 0x0000, 
    /* [112] '莞' U+839E */
    0x1100, 0xFFE0, 0x1500, 0xFFE0, 0x8020, 0x3F80, 0x0000, 0xFFE0, 
    0x1200, 0x2220, 0xC1E0, 0x0000,     /* [113] '惠' U+60E0 */
0x0400, 0xFFE0, 0x2440, 0x3FC0, 
    0x2440, 0x3FC0, 0x0440, 0x7FA0, 0x5240, 0x50A0, 0x8FA0, 0x0000, 
    /* [114] '州' U+5DDE */
    0x1020, 0x1220, 0x1220, 0x5B20, 0x56A0, 0x92A0, 0x1220, 0x1220, 
    0x1220, 0x2220, 0x4020, 0x0000,     /* [115] '泉' U+6CC9 */
0x0400, 0x3F80, 0x2080, 0x3F80, 
    0x2080, 0x3F80, 0x04C0, 0x7700, 0x1500, 0x2480, 0xCC60, 0x0000, 
    /* [116] '烟' U+70DF */
    0x27E0, 0x2520, 0x2D20, 0xB7E0, 0xA520, 0xA520, 0x25A0, 0x3660, 
    0x4C20, 0x47E0, 0x8420, 0x0000,     /* [117] '台' U+53F0 */
0x0400, 0x0800, 0x1100, 0x2080, 
    0x7FC0, 0x0040, 0x3F80, 0x2080, 0x2080, 0x2080, 0x3F80, 0x0000, 
    /* [118] '威' U+5A01 */
    0x0140, 0x0120, 0x7FE0, 0x4100, 0x5D20, 0x4920, 0x7F40, 0x5540, 
    0x4CA0, 0x9360, 0xA420, 0x0000,     /* [119] '海' U+6D77 */
0x4400, 0x27E0, 0x8800, 0x57C0, 
    0x1540, 0x2FE0, 0x2940, 0xC940, 0x4FE0, 0x4040, 0x4180, 0x0000, 
    /* [120] '徐' U+5F90 */
    0x2100, 0x4280, 0x9440, 0x2820, 0x67C0, 0xA100, 0x2FE0, 0x2100, 
    0x2540, 0x2920, 0x2300, 0x0000,     /* [121] '温' U+6E29 */
0x47C0, 0x2440, 0x07C0, 0x9440, 
    0x57C0, 0x2000, 0x2FE0, 0xCAA0, 0x4AA0, 0x4AA0, 0x5FE0, 0x0000, 
    /* [122] '嘉' U+5609 */
    0x0400, 0xFFE0, 0x0400, 0x7FC0, 0x2080, 0x3F80, 0x1100, 0xFFE0, 
    0x2A40, 0x4A40, 0x9BC0, 0x0000,     /* [123] '绍' U+7ECD */
0x27E0, 0x2120, 0x4920, 0x5220, 
    0xE2A0, 0x2440, 0x4BE0, 0xF220, 0x0A20, 0x33E0, 0xC220, 0x0000, 
    /* [124] '金' U+91D1 */
    0x0400, 0x0A00, 0x1100, 0x2080, 0xDF60, 0x0400, 0x7FC0, 0x0400, 
    0x2480, 0x1500, 0xFFE0, 0x0000,     /* [125] '柳' U+67F3 */
0x2200, 0x2CE0, 0xFAA0, 0x2AA0, 
    0x2AA0, 0x3AA0, 0x6EA0, 0xAAA0, 0x22E0, 0x2480, 0x2880, 0x0000, 
    /* [126] '梧' U+68A7 */
    0x27E0, 0x2100, 0xFFC0, 0x2240, 0x6240, 0x77E0, 0xA800, 0xA7C0, 
    0x2440, 0x27C0, 0x2440, 0x0000,     /* [127] '三' U+4E09 */
0x0000, 0x7FC0, 0x0000, 0x0000, 
    0x0000, 0x3F80, 0x0000, 0x0000, 0x0000, 0x0000, 0xFFE0, 0x0000, 
    /* [128] '亚' U+4E9A */
    0x0000, 0x7FC0, 0x0A00, 0x0A00, 0x4A40, 0x2A40, 0x2A80, 0x2A80, 
    0x0A00, 0x0A00, 0xFFE0, 0x0000,     /* [129] '泸' U+6CF8 */
0x4100, 0x21E0, 0x8100, 0x5FE0, 
    0x1820, 0x2FE0, 0x2800, 0xC800, 0x4800, 0x5000, 0x6000, 0x0000, 
    /* [130] '绵' U+7EF5 */
    0x2100, 0x27C0, 0x4C40, 0x57C0, 0xE440, 0x27C0, 0x4100, 0xF7E0, 
    0x0D20, 0x3560, 0xC100, 0x0000,     /* [131] '德' U+5FB7 */
0x2200, 0x5FE0, 0x8200, 0x3FC0, 
    0x5540, 0xDFC0, 0x4000, 0x7FE0, 0x4A40, 0x58A0, 0x6F80, 0x0000, 
    /* [132] '阳' U+9633 */
    0xF7E0, 0x9420, 0xA420, 0xC420, 0xA7E0, 0x9420, 0x9420, 0xD420, 
    0xA420, 0x87E0, 0x8420, 0x0000,     /* [133] '乐' U+4E50 */
0x01C0, 0x3E00, 0x2000, 0x2200, 
    0x2200, 0x3FE0, 0x0200, 0x1280, 0x2240, 0x4220, 0x0600, 0x0000, 
    /* [134] '遵' U+9075 */
    0x4240, 0x2FE0, 0x2280, 0x0FE0, 0xEAA0, 0x2FE0, 0x28A0, 0x3FE0, 
    0x2280, 0x5080, 0x8FE0, 0x0000,     /* [135] '义' U+4E49 */
0x0880, 0x2480, 0x2480, 0x2100, 
    0x1100, 0x1200, 0x0A00, 0x0400, 0x0A00, 0x3180, 0xC060, 0x0000, 
    /* [136] '毕' U+6BD5 */
    0x4200, 0x4240, 0x7B80, 0x4220, 0x4A20, 0x71E0, 0x0400, 0xFFE0, 
    0x0400, 0x0400, 0x0400, 0x0000,     /* [137] '铜' U+94DC */
0x4FE0, 0x4820, 0x7820, 0x8BA0, 
    0xF820, 0x4BA0, 0xFAA0, 0x4BA0, 0x5820, 0x6820, 0x48E0, 0x0000, 
    /* [138] '仁' U+4EC1 */
    0x1000, 0x1000, 0x27C0, 0x2000, 0x6000, 0xA000, 0x2000, 0x2000, 
    0x2000, 0x2FE0, 0x2000, 0x0000,     /* [139] '顺' U+987A */
0x8BE0, 0xA880, 0xABE0, 0xAA20, 
    0xAAA0, 0xAAA0, 0xAAA0, 0xAAA0, 0xA880, 0x8940, 0x8A20, 0x0000, 
    /* [140] '都' U+90FD */
    0x13E0, 0x7D20, 0x1540, 0xFF80, 0x2140, 0x3D20, 0x6520, 0xBD20, 
    0x25A0, 0x3D40, 0x2500, 0x0000,     /* [141] '匀' U+5300 */
0x1000, 0x3FE0, 0x2020, 0x5820, 
    0x8620, 0x0020, 0x0320, 0x0C20, 0x3020, 0x0020, 0x01C0, 0x0000, 
    /* [142] '王' U+738B */
    0x7FC0, 0x0400, 0x0400, 0x0400, 0x0400, 0x3F80, 0x0400, 0x0400, 
    0x0400, 0x0400, 0xFFE0, 0x0000,     /* [143] '李' U+674E */
0x0400, 0xFFE0, 0x1500, 0x2480, 
    0xC460, 0x1F00, 0x0200, 0x0400, 0xFFE0, 0x0400, 0x0C00, 0x0000, 
    /* [144] '张' U+5F20 */
    0xE440, 0x2440, 0x2480, 0xE700, 0x8400, 0x9FE0, 0xE500, 0x2500, 
    0x2480, 0xA640, 0x4420, 0x0000,     /* [145] '刘' U+5218 */
0x2020, 0x1020, 0xFEA0, 0x04A0, 
    0x24A0, 0x18A0, 0x08A0, 0x14A0, 0x2220, 0x42A0, 0x8040, 0x0000, 
    /* [146] '陈' U+9648 */
    0xF200, 0x9FE0, 0xA400, 0xC500, 0xAFE0, 0x9100, 0x9580, 0xF540, 
    0xA920, 0x9520, 0x8200, 0x0000,     /* [147] '杨' U+6768 */
0x27C0, 0x2080, 0xF900, 0x2200, 
    0x77E0, 0x6AA0, 0xA2A0, 0xA4A0, 0x2920, 0x2220, 0x24C0, 0x0000, 
    /* [148] '赵' U+8D75 */
    0x1000, 0x1240, 0x7D40, 0x1080, 0xFE80, 0x1080, 0x5D40, 0x5140, 
    0x7240, 0x9800, 0x87E0, 0x0000,     /* [149] '黄' U+9EC4 */
0x1100, 0x7FC0, 0x1100, 0xFFE0, 
    0x0400, 0x3F80, 0x2480, 0x3F80, 0x2480, 0x3F80, 0x60C0, 0x0000, 
    /* [150] '周' U+5468 */
    0x3FE0, 0x2220, 0x2FA0, 0x2220, 0x3FE0, 0x2020, 0x2FA0, 0x28A0, 
    0x4FA0, 0x4020, 0x8060, 0x0000,     /* [151] '吴' U+5434 */
0x3F80, 0x2080, 0x2080, 0x3F80, 
    0x0000, 0x3FC0, 0x0400, 0xFFE0, 0x0A00, 0x1100, 0xE0E0, 0x0000, 
    /* [152] '孙' U+5B59 */
    0xF100, 0x1100, 0x2100, 0x2540, 0x3540, 0xE520, 0x2920, 0x2920, 
    0x2100, 0x2100, 0xE700, 0x0000,     /* [153] '马' U+9A6C */
0x7F80, 0x0080, 0x1080, 0x1100, 
    0x2100, 0x3FE0, 0x0020, 0x0020, 0xFF20, 0x0020, 0x00C0, 0x0000, 
    /* [154] '朱' U+6731 */
    0x2400, 0x2400, 0x3FC0, 0x4400, 0x0400, 0xFFE0, 0x0E00, 0x1500, 
    0x2480, 0xC460, 0x0400, 0x0000,     /* [155] '胡' U+80E1 */
0x13E0, 0x1220, 0xFE20, 0x13E0, 
    0x1220, 0x7A20, 0x4BE0, 0x4A20, 0x7A20, 0x4C20, 0x08E0, 0x0000, 
    /* [156] '郭' U+90ED */
    0x1000, 0xFFE0, 0x4520, 0x7D40, 0x0180, 0x7D40, 0x0920, 0x1F20, 
    0xF120, 0x11C0, 0x3100, 0x0000,     /* [157] '何' U+4F55 */
0x1000, 0x1FE0, 0x2040, 0x6F40, 
    0xA940, 0x2940, 0x2F40, 0x2940, 0x2040, 0x2040, 0x20C0, 0x0000, 
    /* [158] '林' U+6797 */
    0x2100, 0x2100, 0xFFE0, 0x2100, 0x7100, 0x6B80, 0xA540, 0xA920, 
    0x2100, 0x2100, 0x2100, 0x0000,     /* [159] '罗' U+7F57 */
0x7FE0, 0x4920, 0x4920, 0x7FE0, 
    0x0800, 0x0FC0, 0x1080, 0x2900, 0x0600, 0x0C00, 0x7000, 0x0000, 
    /* [160] '梁' U+6881 */
    0x5F80, 0xA280, 0x4AC0, 0x2AA0, 0xD4A0, 0x4980, 0x5400, 0xFFE0, 
    0x1500, 0x2480, 0xC460, 0x0000,     /* [161] '谢' U+8C22 */
0x8840, 0x5E40, 0x1240, 0xDFE0, 
    0x5240, 0x5F40, 0x52C0, 0x5E40, 0x6A40, 0x5240, 0x26C0, 0x0000, 
    /* [162] '宋' U+5B8B */
    0x0400, 0x7FE0, 0x4020, 0x8440, 0x0400, 0xFFE0, 0x0E00, 0x1500, 
    0x2480, 0xC460, 0x0400, 0x0000,     /* [163] '唐' U+5510 */
0x0400, 0x0200, 0x7FE0, 0x4240, 
    0x7FE0, 0x4240, 0x5FC0, 0x4200, 0x5FC0, 0x5040, 0x9FC0, 0x0000, 
    /* [164] '韩' U+97E9 */
    0x2100, 0xFFE0, 0x2100, 0xFFC0, 0x8900, 0xF900, 0x8FE0, 0xF920, 
    0x2120, 0xF960, 0x2100, 0x0000,     /* [165] '冯' U+51AF */
0x8F80, 0x4080, 0x4480, 0x1480, 
    0x2480, 0x27E0, 0xC020, 0x5FA0, 0x4020, 0x4020, 0x00C0, 0x0000, 
    /* [166] '董' U+8463 */
    0xFFE0, 0x1100, 0x3F80, 0x0400, 0xFFE0, 0x2480, 0x3F80, 0x2480, 
    0x7FC0, 0x0400, 0xFFE0, 0x0000,     /* [167] '程' U+7A0B */
0x17C0, 0xE440, 0x2440, 0xF7C0, 
    0x2000, 0x37C0, 0x6900, 0x67C0, 0xA100, 0x2100, 0x2FE0, 0x0000, 
    /* [168] '蔡' U+8521 */
    0x1100, 0xFFE0, 0x1100, 0x3FE0, 0x4940, 0xBE80, 0x2060, 0xDF80, 
    0x1500, 0x2480, 0xCC60, 0x0000,     /* [169] '曹' U+66F9 */
0x0900, 0xFFE0, 0x4940, 0x7FC0, 
    0x4940, 0x7FC0, 0x2080, 0x3F80, 0x2080, 0x3F80, 0x2080, 0x0000, 
    /* [170] '袁' U+8881 */
    0x0400, 0x7FC0, 0x0400, 0xFFE0, 0x2080, 0x3F80, 0x0C40, 0x1280, 
    0x3100, 0xD480, 0x1860, 0x0000,     /* [171] '邓' U+9093 */
0x03E0, 0xFA20, 0x0A40, 0x8A40, 
    0x4A80, 0x3240, 0x1220, 0x2A20, 0x4AA0, 0x8240, 0x0200, 0x0000, 
    /* [172] '许' U+8BB8 */
    0x4400, 0x2400, 0x07C0, 0x0900, 0xE100, 0x2FE0, 0x2100, 0x2900, 
    0x3100, 0x2100, 0x0100, 0x0000,     /* [173] '傅' U+5085 */
0x2240, 0x3FE0, 0x4200, 0x4FC0, 
    0xCA40, 0x4FC0, 0x4A40, 0x7FE0, 0x4880, 0x4480, 0x4180, 0x0000, 
    /* [174] '曾' U+66FE */
    0x1200, 0x7FC0, 0x64C0, 0x5540, 0x7FC0, 0x0000, 0x3F80, 0x2080, 
    0x3F80, 0x2080, 0x3F80, 0x0000,     /* [175] '彭' U+5F6D */
0x1020, 0xFE40, 0x1080, 0x7D20, 
    0x0040, 0x7C80, 0x4500, 0x7C20, 0x2840, 0x2C80, 0xF300, 0x0000, 
    /* [176] '吕' U+5415 */
    0x3F80, 0x2080, 0x2080, 0x3F80, 0x2080, 0x0000, 0x7FC0, 0x4040, 
    0x4040, 0x4040, 0x7FC0, 0x0000,     /* [177] '卢' U+5362 */
0x0400, 0x07E0, 0x0400, 0x3FC0, 
    0x2040, 0x2040, 0x3FC0, 0x2000, 0x2000, 0x4000, 0x8000, 0x0000, 
    /* [178] '蒋' U+848B */
    0x1100, 0xFFE0, 0x1500, 0x27C0, 0xAC80, 0x6300, 0x2480, 0x7FE0, 
    0xA480, 0x2280, 0x2180, 0x0000,     /* [179] '贾' U+8D3E */
0xFFE0, 0x0A00, 0x7FC0, 0x4A40, 
    0x7FC0, 0x0000, 0x3F80, 0x2480, 0x2480, 0x0A00, 0x71C0, 0x0000, 
    /* [180] '丁' U+4E01 */
    0x0000, 0x7FE0, 0x0200, 0x0200, 0x0200, 0x0200, 0x0200, 0x0200, 
    0x0200, 0x0200, 0x0E00, 0x0000,     /* [181] '魏' U+9B4F */
0x7100, 0x27C0, 0xFD40, 0x67C0, 
    0xB540, 0x27C0, 0xF900, 0x4940, 0x53C0, 0x2520, 0x49E0, 0x0000, 
    /* [182] '薛' U+859B */
    0x1100, 0xFFE0, 0x1100, 0x4100, 0xF7C0, 0x9280, 0xFFE0, 0x8100, 
    0xF7E0, 0x9100, 0xF100, 0x0000,     /* [183] '叶' U+53F6 */
0x0100, 0xF100, 0x9100, 0x9100, 
    0x9FE0, 0x9100, 0xF100, 0x9100, 0x0100, 0x0100, 0x0100, 0x0000, 
    /* [184] '阎' U+960E */
    0x27E0, 0x9020, 0x8820, 0x9F20, 0xA220, 0x9BA0, 0xA0A0, 0xBBA0, 
    0xA0A0, 0xBFA0, 0x8060, 0x0000,     /* [185] '余' U+4F59 */
0x0400, 0x0A00, 0x1100, 0x2080, 
    0xDF60, 0x0400, 0x7FC0, 0x0400, 0x1500, 0x2480, 0x4C40, 0x0000, 
    /* [186] '潘' U+6F58 */
    0x41C0, 0x3E40, 0x0A80, 0x9FE0, 0x4A80, 0x3240, 0x3FE0, 0xCA40, 
    0x4FC0, 0x4A40, 0x4FC0, 0x0000,     /* [187] '杜' U+675C */
0x2100, 0x2100, 0x2100, 0xF900, 
    0x27C0, 0x7100, 0x6900, 0xA100, 0x2100, 0x2FE0, 0x2000, 0x0000, 
    /* [188] '左' U+5DE6 */
    0x0800, 0x0800, 0xFFE0, 0x0800, 0x1000, 0x1FC0, 0x2200, 0x2200, 
    0x4200, 0x8200, 0x3FE0, 0x0000,     /* [189] '右' U+53F3 */
0x0400, 0x0400, 0xFFE0, 0x0800, 
    0x1000, 0x1F80, 0x3080, 0x5080, 0x9080, 0x1F80, 0x1080, 0x0000, 
    /* [190] '内' U+5185 */
    0x0400, 0x0400, 0x7FE0, 0x4420, 0x4420, 0x4620, 0x4920, 0x50A0, 
    0x4020, 0x4020, 0x40E0, 0x0000,     /* [191] '外' U+5916 */
0x2100, 0x2100, 0x3D00, 0x2500, 
    0x4580, 0xA540, 0x1920, 0x0900, 0x1100, 0x2100, 0x4100, 0x0000, 
    /* [192] '主' U+4E3B */
    0x0800, 0x0400, 0xFFE0, 0x0400, 0x0400, 0x0400, 0x7FC0, 0x0400, 
    0x0400, 0x0400, 0xFFE0, 0x0000,     /* [193] '副' U+526F */
0xFE20, 0x00A0, 0x7CA0, 0x44A0, 
    0x7CA0, 0x00A0, 0xFEA0, 0x92A0, 0xFE20, 0x9220, 0xFEE0, 0x0000, 
    /* [194] '正' U+6B63 */
    0x0000, 0xFFE0, 0x0400, 0x0400, 0x2400, 0x27C0, 0x2400, 0x2400, 
    0x2400, 0x2400, 0xFFE0, 0x0000,     /* [195] '偏' U+504F */
0x2100, 0x2FE0, 0x2820, 0x2FE0, 
    0x6800, 0xAFE0, 0x2AA0, 0x2FE0, 0x2AA0, 0x3AA0, 0x2860, 0x0000, 
    /* [196] '收' U+6536 */
    0x1200, 0x1200, 0x93E0, 0x9440, 0x9A40, 0x9240, 0xB280, 0xD100, 
    0x9180, 0x1240, 0x1420, 0x0000,     /* [197] '发' U+53D1 */
0x2480, 0x2440, 0x4400, 0x7FE0, 
    0x0800, 0x0F80, 0x0880, 0x1500, 0x2200, 0x4580, 0x9860, 0x0000, 
    /* [198] '守' U+5B88 */
    0x0400, 0x0200, 0x7FE0, 0x4040, 0x8200, 0x7FC0, 0x0200, 0x2200, 
    0x1200, 0x0200, 0x0E00, 0x0000,     /* [199] '听' U+542C */
0x00C0, 0xF700, 0x9400, 0x9400, 
    0x97E0, 0x9480, 0xF480, 0x0480, 0x0880, 0x1080, 0x2080, 0x0000, 
    /* [200] '叫' U+53EB */
    0x0020, 0x0220, 0x7A20, 0x4A20, 0x4A20, 0x4A20, 0x4AE0, 0x7B20, 
    0x0020, 0x0020, 0x0020, 0x0000,     /* [201] '紧' U+7D27 */
0x17E0, 0x5240, 0x5180, 0x5660, 
    0x0880, 0x1F00, 0x0880, 0x3F80, 0x1540, 0x2480, 0x4C40, 0x0000, 
    /* [202] '急' U+6025 */
    0x0F00, 0x1100, 0x3FC0, 0x4040, 0x1FC0, 0x0040, 0x3FC0, 0x1440, 
    0x5220, 0x50A0, 0x8F80, 0x0000,     /* [203] '救' U+6551 */
0x1900, 0x1500, 0xFDE0, 0x1240, 
    0x5540, 0x3940, 0x5540, 0x9480, 0x1080, 0x1140, 0x3220, 0x0000, 
    /* [204] '援' U+63F4 */
    0x2FE0, 0x2520, 0xF2C0, 0x2FE0, 0x2100, 0x3FE0, 0x6200, 0xA3E0, 
    0x2540, 0x2880, 0xD360, 0x0000,     /* [205] '消' U+6D88 */
0x4920, 0x2540, 0x8100, 0x57E0, 
    0x1420, 0x27E0, 0x2420, 0xC7E0, 0x4420, 0x4420, 0x4460, 0x0000, 
    /* [206] '防' U+9632 */
    0xF200, 0x9100, 0xAFE0, 0xC200, 0xA3C0, 0x9240, 0x9240, 0xD240, 
    0xA440, 0x8840, 0x9180, 0x0000,     /* [207] '医' U+533B */
0x7FE0, 0x4800, 0x4800, 0x4FC0, 
    0x5200, 0x7FE0, 0x4200, 0x4500, 0x4880, 0x5040, 0x7FE0, 0x0000, 
    /* [208] '疗' U+7597 */
    0x0200, 0x3FE0, 0xA000, 0x6FE0, 0x2040, 0x6180, 0xA100, 0x2100, 
    0x2100, 0x4100, 0x8700, 0x0000,     /* [209] '保' U+4FDD */
0x17C0, 0x1440, 0x2440, 0x27C0, 
    0x6100, 0xAFE0, 0x2100, 0x2380, 0x2540, 0x2920, 0x2100, 0x0000, 
    /* [210] '维' U+7EF4 */
    0x2300, 0x2480, 0x4FE0, 0x5480, 0xE7C0, 0x2480, 0x4480, 0xF7C0, 
    0x0C80, 0x3480, 0xC7E0, 0x0000,     /* [211] '修' U+4FEE */
0x1200, 0x13E0, 0x2D40, 0x2880, 
    0x6B40, 0xACA0, 0x2940, 0x2A80, 0x2920, 0x20C0, 0x2700, 0x0000, 
    /* [212] '检' U+68C0 */
    0x2100, 0x2280, 0xFC40, 0x2820, 0x27C0, 0x7000, 0x6920, 0xA4A0, 
    0x2240, 0x2280, 0x2FE0, 0x0000,     /* [213] '查' U+67E5 */
0x0400, 0xFFE0, 0x1500, 0x2480, 
    0xFFE0, 0x2080, 0x3F80, 0x2080, 0x3F80, 0x0000, 0xFFE0, 0x0000, 
    /* [214] '测' U+6D4B */
    0xBE20, 0x62A0, 0x2AA0, 0xAAA0, 0x6AA0, 0x2AA0, 0x2AA0, 0xC8A0, 
    0x5420, 0x6220, 0x40E0, 0x0000,     /* [215] '试' U+8BD5 */
0x4140, 0x2120, 0x1FE0, 0x0100, 
    0xEF00, 0x2500, 0x2500, 0x24A0, 0x26A0, 0x3860, 0x2020, 0x0000, 
    /* [216] '报' U+62A5 */
    0x27C0, 0x2440, 0xFC40, 0x2580, 0x2C00, 0x37E0, 0x6540, 0xA540, 
    0x2480, 0x2540, 0xE620, 0x0000,     /* [217] '警' U+8B66 */
0xFD00, 0x49E0, 0xFE80, 0x5540, 
    0xFFE0, 0x0000, 0x7FC0, 0x0000, 0x3F80, 0x2080, 0x3F80, 0x0000, 
    /* [218] '信' U+4FE1 */
    0x1200, 0x1100, 0x2FE0, 0x2000, 0x67C0, 0xA000, 0x27C0, 0x2000, 
    0x27C0, 0x2440, 0x27C0, 0x0000,     /* [219] '号' U+53F7 */
0x3F80, 0x2080, 0x3F80, 0x0000, 
    0xFFE0, 0x0800, 0x1F80, 0x0080, 0x0080, 0x0480, 0x0300, 0x0000, 
    /* [220] '连' U+8FDE */
    0x4200, 0x2FE0, 0x2200, 0x0500, 0xEFC0, 0x2100, 0x2FE0, 0x2100, 
    0x2100, 0x5100, 0x8FE0, 0x0000,     /* [221] '接' U+63A5 */
0x2100, 0x2FE0, 0xF440, 0x2280, 
    0x2FE0, 0x3100, 0x6FE0, 0xA240, 0x2680, 0x2140, 0xEE20, 0x0000, 
    /* [222] '断' U+65AD */
    0x1060, 0xD580, 0xB900, 0x9100, 0xFDE0, 0xB140, 0xD940, 0xD540, 
    0x9140, 0xFA40, 0x0440, 0x0000,     /* [223] '开' U+5F00 */
0x7FC0, 0x1100, 0x1100, 0x1100, 
    0x1100, 0xFFE0, 0x1100, 0x2100, 0x2100, 0x4100, 0x8100, 0x0000, 
    /* [224] '射' U+5C04 */
    0x2040, 0x7C40, 0x4440, 0x7FE0, 0x4440, 0x7E40, 0x4540, 0xFC40, 
    0x2440, 0x4440, 0x8CC0, 0x0000,     /* [225] '频' U+9891 */
0x13E0, 0x5080, 0x5FE0, 0x5220, 
    0xFEA0, 0x12A0, 0x56A0, 0x5AA0, 0x92A0, 0x2140, 0xC620, 0x0000, 
    /* [226] '道' U+9053 */
    0x4440, 0x2280, 0x2FE0, 0x0100, 0xE7C0, 0x2440, 0x27C0, 0x2440, 
    0x27C0, 0x5000, 0x8FE0, 0x0000,     /* [227] '波' U+6CE2 */
0x4100, 0x2100, 0x8FE0, 0x4920, 
    0x1900, 0x2FC0, 0x2840, 0xCA80, 0x4900, 0x5280, 0x6C60, 0x0000, 
    /* [228] '段' U+6BB5 */
    0x1B80, 0x6280, 0x4280, 0x74E0, 0x4000, 0x77C0, 0x4440, 0x4280, 
    0xF100, 0x4280, 0x4C60, 0x0000,     /* [229] '功' U+529F */
0x0100, 0x0100, 0xF900, 0x27E0, 
    0x2120, 0x2120, 0x2120, 0x3A20, 0xC220, 0x0420, 0x18C0, 0x0000, 
    /* [230] '率' U+7387 */
    0x0400, 0xFFE0, 0x8840, 0x5280, 0x0C00, 0x2A80, 0xDF40, 0x0400, 
    0xFFE0, 0x0400, 0x0400, 0x0000,     /* [231] '音' U+97F3 */
0x0400, 0x7FC0, 0x1100, 0x0A00, 
    0xFFE0, 0x0000, 0x3F80, 0x2080, 0x3F80, 0x2080, 0x3F80, 0x0000, 
    /* [232] '量' U+91CF */
    0x3F80, 0x2080, 0x3F80, 0x2080, 0xFFE0, 0x2480, 0x3F80, 0x2480, 
    0x7FC0, 0x0400, 0xFFE0, 0x0000,     /* [233] '关' U+5173 */
0x2080, 0x1100, 0x7FC0, 0x0400, 
    0x0400, 0xFFC0, 0x0400, 0x0A00, 0x1100, 0x2080, 0xC060, 0x0000, 
    /* [234] '启' U+542F */
    0x0400, 0x3FC0, 0x2040, 0x2040, 0x3FC0, 0x2000, 0x3FC0, 0x3040, 
    0x5040, 0x5FC0, 0x9040, 0x0000,     /* [235] '停' U+505C */
0x2200, 0x3FE0, 0x2000, 0x4FC0, 
    0x4840, 0xDFE0, 0x5020, 0x4FC0, 0x4100, 0x4100, 0x4700, 0x0000, 
    /* [236] '暂' U+6682 */
    0x2040, 0xFB80, 0x5200, 0xFBE0, 0x1280, 0xF480, 0x3F80, 0x2080, 
    0x3F80, 0x2080, 0x3F80, 0x0000,     /* [237] '继' U+7EE7 */
0x2480, 0x26A0, 0x45C0, 0x5480, 
    0xE7E0, 0x2480, 0x45C0, 0xF6A0, 0x0480, 0x3480, 0xC7E0, 0x0000, 
    /* [238] '返' U+8FD4 */
    0x4060, 0x2780, 0x2400, 0x07E0, 0xE620, 0x2540, 0x2480, 0x2940, 
    0x2620, 0x5000, 0x8FE0, 0x0000,     /* [239] '确' U+786E */
0x0200, 0xF3C0, 0x2480, 0x4FE0, 
    0xF520, 0x57E0, 0x5520, 0x57E0, 0x7520, 0x4520, 0x0860, 0x0000, 
    /* [240] '认' U+8BA4 */
    0x4100, 0x2100, 0x0100, 0x0100, 0xE100, 0x2100, 0x2280, 0x2A80, 
    0x3440, 0x2840, 0x1020, 0x0000,     /* [241] '取' U+53D6 */
0xFC00, 0x4BE0, 0x4A20, 0x7A20, 
    0x4940, 0x7940, 0x4880, 0x4C80, 0xF940, 0x0A40, 0x0C20, 0x0000, 
    /* [242] '二' U+4E8C */
    0x0000, 0x0000, 0x7FC0, 0x0000, 0x0000, 0x0000, 0x0000, 0x0000, 
    0x0000, 0xFFE0, 0x0000, 0x0000,     /* [243] '四' U+56DB */
0x0000, 0x7FC0, 0x4A40, 0x4A40, 
    0x4A40, 0x4A40, 0x53C0, 0x6040, 0x4040, 0x7FC0, 0x4040, 0x0000, 
    /* [244] '五' U+4E94 */
    0x0000, 0x7FC0, 0x0400, 0x0400, 0x0400, 0x3F80, 0x0880, 0x0880, 
    0x0880, 0x0880, 0xFFE0, 0x0000,     /* [245] '六' U+516D */
0x0800, 0x0400, 0x0000, 0xFFE0, 
    0x0000, 0x0000, 0x1100, 0x1080, 0x2040, 0x4020, 0x8020, 0x0000, 
    /* [246] '七' U+4E03 */
    0x0400, 0x0400, 0x0400, 0x0460, 0x0780, 0x7C00, 0x0400, 0x0400, 
    0x0420, 0x0420, 0x03E0, 0x0000,     /* [247] '八' U+516B */
0x0200, 0x1200, 0x1200, 0x1200, 
    0x1100, 0x1100, 0x2080, 0x2080, 0x4040, 0x8020, 0x0000, 0x0000, 
    /* [248] '九' U+4E5D */
    0x0800, 0x0800, 0x0800, 0x7F00, 0x0900, 0x0900, 0x0900, 0x1100, 
    0x1120, 0x2120, 0x40E0, 0x0000,     /* [249] '十' U+5341 */
0x0400, 0x0400, 0x0400, 0x0400, 
    0xFFE0, 0x0400, 0x0400, 0x0400, 0x0400, 0x0400, 0x0400, 0x0000, 
    /* [250] '百' U+767E */
    0x0000, 0xFFE0, 0x0400, 0x0800, 0x3F80, 0x2080, 0x2080, 0x3F80, 
    0x2080, 0x2080, 0x3F80, 0x0000,     /* [251] '千' U+5343 */
0x0380, 0x7C00, 0x0400, 0x0400, 
    0xFFE0, 0x0400, 0x0400, 0x0400, 0x0400, 0x0400, 0x0400, 0x0000, 
    /* [252] '万' U+4E07 */
    0x0000, 0xFFE0, 0x0800, 0x0800, 0x0F80, 0x0880, 0x0880, 0x1080, 
    0x1080, 0x2080, 0x4300, 0x0000,     /* [253] '半' U+534A */
0x0400, 0x4440, 0x2480, 0x1500, 
    0x7FC0, 0x0400, 0x0400, 0xFFE0, 0x0400, 0x0400, 0x0400, 0x0000, 
    /* [254] '点' U+70B9 */
    0x0400, 0x0400, 0x07C0, 0x0400, 0x3F80, 0x2080, 0x2080, 0x3F80, 
    0x0000, 0x5240, 0x8920, 0x0000,     /* [255] '零' U+96F6 */
0x7FC0, 0x0400, 0xFFE0, 0x9520, 
    0x0E00, 0x3180, 0xC460, 0x3F80, 0x0100, 0x0E00, 0x0300, 0x0000, 
    /* [256] '两' U+4E24 */
    0xFFE0, 0x1200, 0x1200, 0x7FC0, 0x5240, 0x5240, 0x5B40, 0x64C0, 
    0x4840, 0x4040, 0x40C0, 0x0000,     /* [257] '几' U+51E0 */
0x1F00, 0x1100, 0x1100, 0x1100, 
    0x1100, 0x1100, 0x1100, 0x1100, 0x2120, 0x2120, 0xC0E0, 0x0000, 
    /* [258] '第' U+7B2C */
    0x4200, 0x7BE0, 0x5480, 0xBFC0, 0x0440, 0x7FC0, 0x4400, 0x7FE0, 
    0x1420, 0x24C0, 0xC400, 0x0000,     /* [259] '每' U+6BCF */
0x2000, 0x3FE0, 0x4000, 0x9F80, 
    0x1480, 0xFFE0, 0x2480, 0x2280, 0x7FE0, 0x0080, 0x0300, 0x0000, 
    /* [260] '各' U+5404 */
    0x1000, 0x1F80, 0x3080, 0x4900, 0x0600, 0x0900, 0x3080, 0xDFE0, 
    0x1080, 0x1080, 0x1F80, 0x0000,     /* [261] '区' U+533A */
0x7FC0, 0x4000, 0x5080, 0x4880, 
    0x4500, 0x4200, 0x4500, 0x4880, 0x5080, 0x4000, 0x7FE0, 0x0000, 
    /* [262] '栋' U+680B */
    0x2100, 0x27E0, 0xF900, 0x2280, 0x7480, 0x6FE0, 0xA080, 0xA4C0, 
    0x24A0, 0x28A0, 0x2180, 0x0000,     /* [263] '层' U+5C42 */
0x3FC0, 0x2040, 0x3FC0, 0x2000, 
    0x2FC0, 0x2000, 0x3FE0, 0x2200, 0x2480, 0x4840, 0x8FE0, 0x0000, 
    /* [264] '排' U+6392 */
    0x2280, 0x2280, 0xFEE0, 0x2280, 0x2280, 0x3EE0, 0x6280, 0xA280, 
    0x2EE0, 0x2280, 0xE280, 0x0000,     /* [265] '座' U+5EA7 */
0x0200, 0x7FE0, 0x4000, 0x4A80, 
    0x4A80, 0x5740, 0x6220, 0x5FC0, 0x4200, 0x8200, 0xBFE0, 0x0000, 
    /* [266] '间' U+95F4 */
    0x27E0, 0x1020, 0x4020, 0x4F20, 0x4920, 0x4F20, 0x4920, 0x4920, 
    0x4F20, 0x4020, 0x40E0, 0x0000,     /* [267] '组' U+7EC4 */
0x2000, 0x27C0, 0x4440, 0x5440, 
    0xE7C0, 0x2440, 0x4440, 0xF7C0, 0x0440, 0x3440, 0xCFE0, 0x0000, 
    /* [268] '队' U+961F */
    0xF100, 0x9100, 0xA100, 0xC100, 0xA100, 0x9100, 0x9100, 0xD280, 
    0xA280, 0x8440, 0x9820, 0x0000,     /* [269] '套' U+5957 */
0x0800, 0xFFE0, 0x1080, 0x3F40, 
    0xD020, 0x1F00, 0x1000, 0xFFE0, 0x0800, 0x1080, 0x3FC0, 0x0000, 
    /* [270] '天' U+5929 */
    0x7FC0, 0x0400, 0x0400, 0x0400, 0xFFE0, 0x0400, 0x0A00, 0x0A00, 
    0x1100, 0x2080, 0xC060, 0x0000,     /* [271] '水' U+6C34 */
0x0400, 0x0400, 0x0440, 0xF680, 
    0x1500, 0x1500, 0x2480, 0x2480, 0x4440, 0x9420, 0x0800, 0x0000, 
    /* [272] '火' U+706B */
    0x0400, 0x0400, 0x2440, 0x2480, 0x2500, 0x4400, 0x0A00, 0x0A00, 
    0x1100, 0x2080, 0xC060, 0x0000,     /* [273] '风' U+98CE */
0x7F80, 0x4080, 0x4280, 0x5280, 
    0x4C80, 0x4480, 0x4C80, 0x5280, 0x62A0, 0x8060, 0x8020, 0x0000, 
    /* [274] '山' U+5C71 */
    0x0400, 0x0400, 0x4440, 0x4440, 0x4440, 0x4440, 0x4440, 0x4440, 
    0x4440, 0x7FC0, 0x4040, 0x0000,     /* [275] '河' U+6CB3 */
0x5FE0, 0x2040, 0x8040, 0x4F40, 
    0x0940, 0x2940, 0x2F40, 0xC040, 0x4040, 0x4140, 0x4080, 0x0000, 
    /* [276] '路' U+8DEF */
    0xF400, 0x97C0, 0x9440, 0x9A80, 0xF100, 0x2280, 0xB440, 0xAFE0, 
    0xA440, 0xB440, 0xC7C0, 0x0000,     /* [277] '桥' U+6865 */
0x20C0, 0x2700, 0xF100, 0x2FE0, 
    0x6280, 0x7440, 0xAAA0, 0xA280, 0x2280, 0x2480, 0x2880, 0x0000, 
    /* [278] '港' U+6E2F */
    0x4480, 0x2FE0, 0x0480, 0x9FE0, 0x5480, 0x27C0, 0x2CA0, 0xD780, 
    0x4420, 0x4420, 0x43E0, 0x0000,     /* [279] '村' U+6751 */
0x2040, 0x2040, 0xFBE0, 0x2040, 
    0x7240, 0x6940, 0xA140, 0x2040, 0x2040, 0x2040, 0x21C0, 0x0000, 
    /* [280] '站' U+7AD9 */
    0x4100, 0x2100, 0xF9E0, 0x0100, 0x9100, 0x57C0, 0x5440, 0x2440, 
    0x3440, 0xC440, 0x07C0, 0x0000,     /* [281] '门' U+95E8 */
0x27E0, 0x1020, 0x4020, 0x4020, 
    0x4020, 0x4020, 0x4020, 0x4020, 0x4020, 0x4020, 0x40E0, 0x0000, 
    /* [282] '口' U+53E3 */
    0x0000, 0x7FC0, 0x4040, 0x4040, 0x4040, 0x4040, 0x4040, 0x4040, 
    0x7FC0, 0x4040, 0x0000, 0x0000,     /* [283] '车' U+8F66 */
0x0800, 0x0800, 0x7FC0, 0x1000, 
    0x2400, 0x3F80, 0x0400, 0x0400, 0xFFE0, 0x0400, 0x0400, 0x0000, 
    /* [284] '船' U+8239 */
    0x23C0, 0x7A40, 0x4A40, 0x6A40, 0x5A60, 0x4C00, 0xFBE0, 0x6A20, 
    0x5A20, 0x4BE0, 0x9A20, 0x0000,     /* [285] '街' U+8857 */
0x24E0, 0x5E00, 0x8400, 0x3F00, 
    0x44E0, 0xC440, 0x5F40, 0x4440, 0x4740, 0x5C40, 0x40C0, 0x0000, 
    /* [286] '巷' U+5DF7 */
    0x1100, 0x7FC0, 0x1100, 0xFFE0, 0x1100, 0x3F80, 0xD160, 0x1F00, 
    0x1040, 0x1040, 0x1FC0, 0x0000,     /* [287] '坪' U+576A */
0x2FE0, 0x2100, 0x2920, 0xF520, 
    0x2540, 0x2100, 0x2FE0, 0x3100, 0xC100, 0x0100, 0x0100, 0x0000, 
    /* [288] '坝' U+575D */
    0x27E0, 0x2420, 0x2520, 0xFD20, 0x2520, 0x2520, 0x2520, 0x3D20, 
    0xE280, 0x0440, 0x0820, 0x0000,     /* [289] '湾' U+6E7E */
0x4100, 0x2FE0, 0x06C0, 0x8AA0, 
    0x47C0, 0x2040, 0x27C0, 0xC400, 0x47E0, 0x4020, 0x40C0, 0x0000, 
    /* [290] '坡' U+5761 */
    0x2080, 0x2080, 0x27E0, 0xFCA0, 0x2480, 0x27C0, 0x2D40, 0x3540, 
    0xE480, 0x0940, 0x1620, 0x0000,     /* [291] '岭' U+5CAD */
0x2100, 0x2180, 0xAA40, 0xAD20, 
    0xA880, 0xA800, 0xAFE0, 0xB840, 0xEB80, 0x0080, 0x0040, 0x0000, 
    /* [292] '峰' U+5CF0 */
    0x2200, 0x23E0, 0xAE40, 0xA980, 0xAA40, 0xAFE0, 0xA900, 0xBFC0, 
    0xC100, 0x0FE0, 0x0100, 0x0000,     /* [293] '谷' U+8C37 */
0x0900, 0x1080, 0x2440, 0x4620, 
    0x0900, 0x1080, 0x3FC0, 0xD0A0, 0x1080, 0x1F80, 0x1080, 0x0000, 
    /* [294] '洞' U+6D1E */
    0x4FE0, 0x2820, 0x8820, 0x5BA0, 0x1820, 0x2BA0, 0x2AA0, 0xCBA0, 
    0x4820, 0x4820, 0x4860, 0x0000,     /* [295] '溪' U+6EAA */
0x4FE0, 0x2920, 0x04C0, 0x8240, 
    0x4780, 0x2240, 0x2FA0, 0xC100, 0x5FE0, 0x4280, 0x5C60, 0x0000, 
    /* [296] '池' U+6C60 */
    0x4100, 0x2500, 0x8500, 0x55C0, 0x1740, 0x2D40, 0x2540, 0xC5C0, 
    0x4520, 0x4420, 0x43E0, 0x0000,     /* [297] '湖' U+6E56 */
0x44E0, 0x24A0, 0x1FA0, 0x94E0, 
    0x54A0, 0x2EA0, 0x2AE0, 0xCAA0, 0x4EA0, 0x4120, 0x4260, 0x0000, 
    /* [298] '江' U+6C5F */
    0x4000, 0x27C0, 0x8100, 0x5100, 0x1100, 0x2100, 0x2100, 0xC100, 
    0x4100, 0x5FE0, 0x4000, 0x0000,     /* [299] '洲' U+6D32 */
0x4920, 0x2920, 0x8920, 0x5920, 
    0x0DA0, 0x2B60, 0x2920, 0xC920, 0x4920, 0x4920, 0x5020, 0x0000, 
    /* [300] '岛' U+5C9B */
    0x0800, 0x7F00, 0x5100, 0x4900, 0x4200, 0x7FC0, 0x1040, 0x9240, 
    0x9240, 0xFE40, 0x0180, 0x0000,     /* [301] '红' U+7EA2 */
0x2000, 0x27C0, 0x4100, 0x5100, 
    0xE100, 0x2100, 0x4100, 0xF100, 0x0100, 0x3100, 0xCFE0, 0x0000, 
    /* [302] '蓝' U+84DD */
    0x1100, 0xFFE0, 0x1100, 0x5200, 0x53C0, 0x5500, 0x1080, 0x7FC0, 
    0x4A40, 0x4A40, 0xFFE0, 0x0000,     /* [303] '绿' U+7EFF */
0x27C0, 0x2040, 0x43C0, 0xF040, 
    0x2FE0, 0x4120, 0xF540, 0x0380, 0x3540, 0xC920, 0x0300, 0x0000, 
    /* [304] '白' U+767D */
    0x0400, 0x0800, 0x3FC0, 0x2040, 0x2040, 0x3FC0, 0x2040, 0x2040, 
    0x2040, 0x3FC0, 0x2040, 0x0000,     /* [305] '紫' U+7D2B */
0x1100, 0x5140, 0x5D80, 0x5120, 
    0xFDE0, 0x0880, 0x3F00, 0x0880, 0x7FC0, 0x2480, 0xCC60, 0x0000, 
    /* [306] '铁' U+94C1 */
    0x4500, 0x7500, 0x47C0, 0x7900, 0xA100, 0x2FE0, 0xF100, 0x2280, 
    0x2A80, 0x3440, 0x2820, 0x0000,     /* [307] '明' U+660E */
0x03E0, 0xF220, 0x9220, 0x93E0, 
    0xF220, 0x9220, 0x93E0, 0xF220, 0x0420, 0x08A0, 0x3040, 0x0000, 
    /* [308] '亮' U+4EAE */
    0x0400, 0xFFE0, 0x1100, 0x1F00, 0x0000, 0xFFE0, 0x8020, 0x1F00, 
    0x1100, 0x2120, 0xC0E0, 0x0000,     /* [309] '暗' U+6697 */
0x0100, 0xFFE0, 0x9440, 0x9280, 
    0xFFE0, 0x9000, 0x97C0, 0xF440, 0x97C0, 0x0440, 0x07C0, 0x0000, 
    /* [310] '清' U+6E05 */
    0x4100, 0x2FE0, 0x0100, 0x97C0, 0x5100, 0x2FE0, 0x2440, 0xC740, 
    0x45C0, 0x4440, 0x44C0, 0x0000,     /* [311] '强' U+5F3A */
0xE7C0, 0x2440, 0x27C0, 0xE100, 
    0x8FE0, 0x8920, 0xE920, 0x2FC0, 0x2120, 0x21E0, 0xCF20, 0x0000, 
    /* [312] '弱' U+5F31 */
    0xFBE0, 0x0820, 0xFBE0, 0x8200, 0xFBE0, 0x8A20, 0x4920, 0x38E0, 
    0xCB20, 0x0820, 0x71C0, 0x0000,     /* [313] '轻' U+8F7B */
0x23C0, 0xF840, 0x4080, 0x6140, 
    0xA620, 0xF800, 0x23E0, 0x3880, 0xE080, 0x2080, 0x27E0, 0x0000, 
    /* [314] '重' U+91CD */
    0x7FC0, 0x0400, 0xFFE0, 0x2480, 0x3F80, 0x2480, 0x3F80, 0x0400, 
    0x7FC0, 0x0400, 0xFFE0, 0x0000,     /* [315] '热' U+70ED */
0x2200, 0xF780, 0x2280, 0x3280, 
    0x6680, 0xA380, 0x24A0, 0x6860, 0x0000, 0x5240, 0x8920, 0x0000, 
    /* [316] '冷' U+51B7 */
    0x8200, 0x4200, 0x0500, 0x2880, 0x3260, 0x4100, 0x4FC0, 0x8080, 
    0x8700, 0x8100, 0x0080, 0x0000,     /* [317] '凉' U+51C9 */
0x8100, 0x4FE0, 0x4000, 0x07C0, 
    0x2440, 0x2440, 0x27C0, 0xC100, 0x4540, 0x4920, 0x5320, 0x0000, 
    /* [318] '干' U+5E72 */
    0x7FC0, 0x0400, 0x0400, 0x0400, 0xFFE0, 0x0400, 0x0400, 0x0400, 
    0x0400, 0x0400, 0x0400, 0x0000,     /* [319] '湿' U+6E7F */
0x47C0, 0x2440, 0x07C0, 0x9440, 
    0x57C0, 0x2440, 0x2280, 0xCAA0, 0x46C0, 0x4280, 0x4FE0, 0x0000, 
    /* [320] '稳' U+7A33 */
    0x1200, 0xE3C0, 0x2480, 0xFFC0, 0x2040, 0x37C0, 0x2840, 0x67C0, 
    0xAD40, 0x3420, 0x23C0, 0x0000,     /* [321] '满' U+6EE1 */
0x4280, 0x2FE0, 0x1280, 0x9FE0, 
    0x4280, 0x2FE0, 0x2AA0, 0xCAA0, 0x4D60, 0x4920, 0x4860, 0x0000, 
    /* [322] '空' U+7A7A */
    0x0400, 0x7FE0, 0x4020, 0x8900, 0x1080, 0x6040, 0x1F80, 0x0400, 
    0x0400, 0x0400, 0x7FE0, 0x0000,     /* [323] '真' U+771F */
0x0400, 0x7FE0, 0x0400, 0x1F80, 
    0x1080, 0x1E80, 0x1780, 0x1080, 0x7FE0, 0x0900, 0x30C0, 0x0000, 
    /* [324] '假' U+5047 */
    0x2EE0, 0x2A20, 0x2A20, 0x2EE0, 0x6800, 0xAEE0, 0x28A0, 0x2EA0, 
    0x2840, 0x28C0, 0x2920, 0x0000,     /* [325] '坏' U+574F */
0x2000, 0x2FE0, 0x2080, 0xF880, 
    0x2100, 0x2180, 0x2340, 0x3520, 0xC920, 0x0100, 0x0100, 0x0000, 
    /* [326] '进' U+8FDB */
    0x4480, 0x2480, 0x2FC0, 0x0480, 0xE480, 0x3FE0, 0x2480, 0x2480, 
    0x2880, 0x5080, 0x8FE0, 0x0000,     /* [327] '退' U+9000 */
0x8FC0, 0x4840, 0x4FC0, 0x0840, 
    0xCFC0, 0x4800, 0x4B40, 0x4880, 0x4E40, 0xB000, 0x8FE0, 0x0000, 
    /* [328] '升' U+5347 */
    0x0680, 0x3880, 0x0880, 0x0880, 0x0880, 0x7FE0, 0x0880, 0x0880, 
    0x1080, 0x2080, 0x4080, 0x0000,     /* [329] '降' U+964D */
0xF200, 0x93E0, 0xA640, 0xC180, 
    0xA660, 0x9100, 0x97E0, 0xD500, 0xAFE0, 0x8100, 0x8100, 0x0000, 
    /* [330] '增' U+589E */
    0x2440, 0x2280, 0x2FE0, 0xF920, 0x2BA0, 0x2920, 0x2FE0, 0x2440, 
    0x37C0, 0xC440, 0x07C0, 0x0000,     /* [331] '减' U+51CF */
0x00C0, 0x80A0, 0x5FE0, 0x5080, 
    0x1780, 0x30A0, 0x57A0, 0xD5C0, 0x56A0, 0x5160, 0x6220, 0x0000, 
    /* [332] '存' U+5B58 */
    0x0800, 0xFFE0, 0x1000, 0x2FC0, 0x2080, 0x6100, 0xBFE0, 0x2100, 
    0x2100, 0x2100, 0x2700, 0x0000,     /* [333] '删' U+5220 */
0xEE20, 0xAAA0, 0xAAA0, 0xAAA0, 
    0xFFA0, 0xAAA0, 0xAAA0, 0xAAA0, 0xAA20, 0xAA20, 0xB6E0, 0x0000, 
    /* [334] '添' U+6DFB */
    0x4FC0, 0x2200, 0x0200, 0x9FE0, 0x4880, 0x3260, 0x2200, 0xCB40, 
    0x4AA0, 0x52A0, 0x4600, 0x0000,     /* [335] '加' U+52A0 */
0x2000, 0x2000, 0xFDE0, 0x2520, 
    0x2520, 0x2520, 0x2520, 0x2520, 0x4520, 0x55E0, 0x8920, 0x0000, 
    /* [336] '更' U+66F4 */
    0x7FE0, 0x0200, 0x3FC0, 0x2240, 0x3FC0, 0x2240, 0x3FC0, 0x0A00, 
    0x0400, 0x1B00, 0xE0E0, 0x0000,     /* [337] '换' U+6362 */
0x2200, 0x23C0, 0xFC80, 0x27C0, 
    0x2D40, 0x3540, 0x6FE0, 0xA100, 0x2280, 0x2440, 0xE820, 0x0000, 
    /* [338] '移' U+79FB */
    0x1100, 0xE3E0, 0x2420, 0xFA40, 0x2180, 0x3680, 0x29E0, 0x6220, 
    0xA540, 0x2080, 0x2700, 0x0000,     /* [339] '动' U+52A8 */
0x0100, 0x7900, 0x0100, 0x03E0, 
    0xFD20, 0x2120, 0x2120, 0x4920, 0xFA20, 0x0A20, 0x04C0, 0x0000, 
    /* [340] '扩' U+6269 */
    0x2100, 0x2080, 0xFFE0, 0x2400, 0x2C00, 0x3400, 0x6400, 0xA400, 
    0x2400, 0x2400, 0x6800, 0x0000,     /* [341] '缩' U+7F29 */
0x2100, 0x2FE0, 0x4A20, 0x55E0, 
    0xE480, 0x2DE0, 0x4520, 0xF5E0, 0x0D20, 0x35E0, 0xC520, 0x0000, 
    /* [342] '显' U+663E */
    0x3F80, 0x2080, 0x3F80, 0x2080, 0x3F80, 0x0A00, 0x4A40, 0x2A40, 
    0x2A80, 0x0A00, 0xFFE0, 0x0000,     /* [343] '示' U+793A */
0x0000, 0x7FC0, 0x0000, 0x0000, 
    0xFFE0, 0x0400, 0x2480, 0x2440, 0x4420, 0x8420, 0x0C00, 0x0000, 
    /* [344] '输' U+8F93 */
    0x4100, 0x4280, 0xF440, 0x4BA0, 0xA000, 0xFE20, 0x2AA0, 0x3EA0, 
    0xEAA0, 0x2EA0, 0x2A60, 0x0000,     /* [345] '入' U+5165 */
0x1800, 0x0400, 0x0400, 0x0400, 
    0x0A00, 0x0A00, 0x1100, 0x1100, 0x2080, 0x4040, 0x8020, 0x0000, 
    /* [346] '读' U+8BFB */
    0x4100, 0x27C0, 0x0100, 0xEFE0, 0x22A0, 0x2580, 0x2280, 0x2FE0, 
    0x3180, 0x2240, 0x0C20, 0x0000,     /* [347] '写' U+5199 */
0x7FE0, 0x4020, 0x9040, 0x1F80, 
    0x1000, 0x1FC0, 0x0040, 0x7F40, 0x0040, 0x0280, 0x0100, 0x0000, 
    /* [348] '播' U+64AD */
    0x20E0, 0x2F00, 0xF540, 0x2FE0, 0x2540, 0x3920, 0xEFE0, 0x2920, 
    0x2FE0, 0x2920, 0x6FE0, 0x0000,     /* [349] '通' U+901A */
0x4FC0, 0x2280, 0x2FE0, 0x0920, 
    0xEFE0, 0x2920, 0x2FE0, 0x2920, 0x2960, 0x5000, 0x8FE0, 0x0000, 
    /* [350] '阻' U+963B */
    0xF7C0, 0x9440, 0xA440, 0xC7C0, 0xA440, 0x9440, 0x9440, 0xD7C0, 
    0xA440, 0x8440, 0x9FE0, 0x0000,     /* [351] '逆' U+9006 */
0x4440, 0x2280, 0x2FE0, 0x0100, 
    0xE920, 0x2920, 0x2FE0, 0x2100, 0x2200, 0x5400, 0x8FE0, 0x0000, 
    /* [352] '常' U+5E38 */
    0x2480, 0x7FE0, 0x4020, 0x9FA0, 0x1080, 0x1F80, 0x0400, 0x3FC0, 
    0x2440, 0x24C0, 0x0400, 0x0000,     /* [353] '异' U+5F02 */
0x3F80, 0x2080, 0x3F80, 0x2020, 
    0x3FE0, 0x1100, 0x1100, 0xFFE0, 0x1100, 0x2100, 0x4100, 0x0000, 
    /* [354] '优' U+4F18 */
    0x1240, 0x1220, 0x2200, 0x3FE0, 0x6200, 0xA300, 0x2300, 0x2500, 
    0x2520, 0x2920, 0x30E0, 0x0000,     /* [355] '先' U+5148 */
0x0400, 0x2400, 0x3FC0, 0x4400, 
    0x8400, 0xFFE0, 0x1200, 0x1200, 0x1220, 0x2220, 0xC1E0, 0x0000, 
    /* [356] '工' U+5DE5 */
    0x0000, 0x7FC0, 0x0400, 0x0400, 0x0400, 0x0400, 0x0400, 0x0400, 
    0x0400, 0xFFE0, 0x0000, 0x0000,     /* [357] '厂' U+5382 */
0x0000, 0x3FE0, 0x2000, 0x2000, 
    0x2000, 0x2000, 0x2000, 0x2000, 0x4000, 0x4000, 0x8000, 0x0000, 
    /* [358] '楼' U+697C */
    0x2920, 0x2540, 0xF100, 0x2FE0, 0x7540, 0x6920, 0xA100, 0x2FE0, 
    0x2240, 0x2180, 0x2E60, 0x0000,     /* [359] '房' U+623F */
0x0400, 0x3FC0, 0x2040, 0x3FC0, 
    0x2200, 0x3FE0, 0x2400, 0x27C0, 0x4440, 0x4840, 0x9180, 0x0000, 
    /* [360] '屋' U+5C4B */
    0x3FC0, 0x2040, 0x3FC0, 0x2000, 0x3FE0, 0x2480, 0x2FC0, 0x2100, 
    0x2FC0, 0x4100, 0x9FE0, 0x0000,     /* [361] '舍' U+820D */
0x0400, 0x0A00, 0x1100, 0x3F80, 
    0xC460, 0x3F80, 0x0400, 0x3F80, 0x2080, 0x2080, 0x3F80, 0x0000, 
    /* [362] '院' U+9662 */
    0xF200, 0x9100, 0xAFE0, 0xC820, 0xA7C0, 0x9000, 0x9FE0, 0xD480, 
    0xA4A0, 0x88A0, 0x9060, 0x0000,     /* [363] '场' U+573A */
0x2FC0, 0x2080, 0x2100, 0xF200, 
    0x2FE0, 0x22A0, 0x24A0, 0x3920, 0xC220, 0x0C20, 0x00C0, 0x0000, 
    /* [364] '园' U+56ED */
    0x7FE0, 0x4020, 0x5F20, 0x4020, 0x7FA0, 0x4A20, 0x4AA0, 0x52A0, 
    0x61A0, 0x4020, 0x7FE0, 0x0000,     /* [365] '馆' U+9986 */
0x4100, 0x47E0, 0x7C20, 0x53C0, 
    0xA240, 0x23C0, 0x2200, 0x2BE0, 0x3220, 0x23E0, 0x0220, 0x0000, 
    /* [366] '心' U+5FC3 */
    0x0400, 0x0200, 0x1200, 0x1200, 0x1040, 0x5020, 0x5020, 0x50A0, 
    0x9080, 0x1080, 0x0F80, 0x0000,     /* [367] '室' U+5BA4 */
0x0400, 0xFFE0, 0x8020, 0xBFA0, 
    0x0800, 0x1100, 0x3E80, 0x0400, 0x3F80, 0x0400, 0xFFE0, 0x0000, 
    /* [368] '厅' U+5385 */
    0x3FE0, 0x2000, 0x2000, 0x3FE0, 0x2100, 0x2100, 0x2100, 0x2100, 
    0x4100, 0x4100, 0x8700, 0x0000,     /* [369] '窗' U+7A97 */
0x0200, 0x7FE0, 0x50A0, 0x2440, 
    0x7FE0, 0x2440, 0x2FC0, 0x3940, 0x2640, 0x2940, 0x3FC0, 0x0000, 
    /* [370] '弹' U+5F39 */
    0xE440, 0x2280, 0x2FE0, 0xE920, 0x8FE0, 0x8920, 0xEFE0, 0x2100, 
    0x2FE0, 0xA100, 0x4100, 0x0000,     /* [371] '墙' U+5899 */
0x4100, 0x4FE0, 0x4920, 0xF540, 
    0x4FE0, 0x4000, 0x4FE0, 0x7820, 0xCBA0, 0x0AA0, 0x0FE0, 0x0000, 
    /* [372] '壁' U+58C1 */
    0x7C80, 0x47E0, 0x7D40, 0x43E0, 0x7C80, 0x67E0, 0xBC80, 0x0400, 
    0x7FC0, 0x0400, 0xFFE0, 0x0000,     /* [373] '柱' U+67F1 */
0x2200, 0x2100, 0xFFE0, 0x2100, 
    0x7100, 0x6900, 0xA7C0, 0xA100, 0x2100, 0x2100, 0x2FE0, 0x0000, 
    /* [374] '顶' U+9876 */
    0x07E0, 0xF900, 0x27E0, 0x2420, 0x2520, 0x2520, 0x2520, 0x2520, 
    0x2180, 0x6240, 0x0C20, 0x0000,     /* [375] '底' U+5E95 */
0x0200, 0x3FE0, 0x2000, 0x2FC0, 
    0x2900, 0x2FE0, 0x2900, 0x2880, 0x2AA0, 0x4D60, 0x8920, 0x0000, 
    /* [376] '板' U+677F */
    0x20C0, 0x2700, 0xFC00, 0x2400, 0x27C0, 0x7440, 0x6E40, 0xA580, 
    0x2880, 0x2940, 0x3620, 0x0000,     /* [377] '梯' U+68AF */
0x2440, 0x2280, 0x27C0, 0xF940, 
    0x27C0, 0x7500, 0x6FE0, 0xA320, 0x2520, 0x29C0, 0x2100, 0x0000, 
    /* [378] '走' U+8D70 */
    0x0400, 0x7FC0, 0x0400, 0x0400, 0xFFE0, 0x0400, 0x2400, 0x27C0, 
    0x2400, 0x5400, 0x8FE0, 0x0000,     /* [379] '廊' U+5ECA */
0x0200, 0x7FE0, 0x4800, 0x5EE0, 
    0x52A0, 0x5EA0, 0x52C0, 0x5EA0, 0x54A0, 0x96E0, 0x9A80, 0x0000, 
    /* [380] '电' U+7535 */
    0x0400, 0x0400, 0x7FC0, 0x4440, 0x7FC0, 0x4440, 0x4440, 0x7FC0, 
    0x0420, 0x0420, 0x03E0, 0x0000,     /* [381] '器' U+5668 */
0x7BC0, 0x4A40, 0x4A40, 0x7BC0, 
    0x0480, 0xFFE0, 0x1100, 0xFBE0, 0x4A40, 0x4A40, 0x7BC0, 0x0000, 
    /* [382] '油' U+6CB9 */
    0x4100, 0x2100, 0x8FE0, 0x4920, 0x1920, 0x2920, 0x2FE0, 0xC920, 
    0x4920, 0x4FE0, 0x4820, 0x0000,     /* [383] '汽' U+6C7D */
0x4400, 0x27E0, 0x8800, 0x57C0, 
    0x1000, 0x2F80, 0x2080, 0xC080, 0x40A0, 0x4060, 0x4020, 0x0000, 
    /* [384] '煤' U+7164 */
    0x2440, 0x2FE0, 0x2440, 0xB7C0, 0xA440, 0x27C0, 0x2100, 0x3FE0, 
    0x5380, 0x4540, 0x8920, 0x0000,     /* [385] '雷' U+96F7 */
0x7FC0, 0x0400, 0xFFE0, 0x8420, 
    0xB5A0, 0x0400, 0x7FC0, 0x4440, 0x7FC0, 0x4440, 0x7FC0, 0x0000, 
    /* [386] '光' U+5149 */
    0x0400, 0x4440, 0x2480, 0x0400, 0xFFE0, 0x1200, 0x1200, 0x1220, 
    0x1220, 0x2220, 0xC1E0, 0x0000,     /* [387] '声' U+58F0 */
0x0400, 0xFFE0, 0x0400, 0x3FC0, 
    0x0000, 0x3FC0, 0x2440, 0x3FC0, 0x2000, 0x4000, 0x8000, 0x0000, 
    /* [388] '色' U+8272 */
    0x0800, 0x1F80, 0x2200, 0x7FC0, 0xA440, 0x2440, 0x3FC0, 0x2000, 
    0x2020, 0x2020, 0x1FE0, 0x0000,     /* [389] '形' U+5F62 */
0x7E20, 0x2440, 0x2480, 0x2420, 
    0xFE40, 0x2480, 0x2500, 0x2420, 0x2440, 0x4480, 0x8700, 0x0000, 
    /* [390] '宽' U+5BBD */
    0x0400, 0xFFE0, 0x9120, 0x7FC0, 0x1100, 0x3F80, 0x2480, 0x2480, 
    0x2AA0, 0x1220, 0xE1E0, 0x0000,     /* [391] '窄' U+7A84 */
0x0400, 0x7FE0, 0x4920, 0x1080, 
    0x3040, 0x1FE0, 0x2400, 0x47C0, 0x0400, 0x07E0, 0x0400, 0x0000, 
    /* [392] '浅' U+6D45 */
    0x4280, 0x2240, 0x8FC0, 0x5200, 0x1FE0, 0x2200, 0x2240, 0xC280, 
    0x4120, 0x46A0, 0x5860, 0x0000,     /* [393] '低' U+4F4E */
0x10C0, 0x1F00, 0x2900, 0x2900, 
    0x6900, 0xAFE0, 0x2900, 0x2920, 0x2AA0, 0x2D60, 0x28A0, 0x0000, 
    /* [394] '厚' U+539A */
    0x3FE0, 0x2000, 0x2FC0, 0x2840, 0x2FC0, 0x2840, 0x2FC0, 0x2080, 
    0x3FE0, 0x4100, 0x8700, 0x0000,     /* [395] '薄' U+8584 */
0x1100, 0xFFE0, 0x9280, 0x5FC0, 
    0x9240, 0x7FC0, 0x3240, 0xD280, 0x7FE0, 0x4880, 0x4180, 0x0000, 
    /* [396] '粗' U+7C97 */
    0x23C0, 0xAA40, 0x7240, 0x23C0, 0xFA40, 0x2240, 0x73C0, 0x6A40, 
    0xA240, 0x2240, 0x2FE0, 0x0000,     /* [397] '细' U+7EC6 */
0x2000, 0x27E0, 0x44A0, 0x54A0, 
    0xE4A0, 0x27E0, 0x44A0, 0xF4A0, 0x04A0, 0x37E0, 0xC420, 0x0000, 
    /* [398] '疏' U+758F */
    0x0100, 0xFFE0, 0x1100, 0x2240, 0xA7A0, 0xB820, 0xA540, 0xA540, 
    0xB540, 0xE940, 0x1160, 0x0000,     /* [399] '密' U+5BC6 */
0x0400, 0xFFE0, 0x88A0, 0x5500, 
    0x9240, 0x14A0, 0xEFA0, 0x0400, 0x2480, 0x2480, 0x3F80, 0x0000, 
    /* [400] '级' U+7EA7 */
    0x2FC0, 0x2240, 0x4A40, 0x5280, 0xE2E0, 0x2220, 0x4220, 0xF540, 
    0x0C80, 0x3540, 0xCA20, 0x0000,     /* [401] '种' U+79CD */
0x1900, 0xE100, 0x27E0, 0xFD20, 
    0x2520, 0x3520, 0x6FE0, 0xA100, 0x2100, 0x2100, 0x2100, 0x0000, 
    /* [402] '类' U+7C7B */
    0x2480, 0x1500, 0xFFE0, 0x1500, 0x2480, 0x4040, 0x0400, 0xFFE0, 
    0x0A00, 0x1100, 0xE0E0, 0x0000,     /* [403] '样' U+6837 */
0x2440, 0x2280, 0xFFE0, 0x2100, 
    0x77C0, 0x6100, 0xA100, 0x2FE0, 0x2100, 0x2100, 0x2100, 0x0000, 
    /* [404] '机' U+673A */
    0x2000, 0x2780, 0x2480, 0xFC80, 0x2480, 0x7480, 0x6C80, 0xA480, 
    0xA480, 0x28A0, 0x30E0, 0x0000,     /* [405] '飞' U+98DE */
0xFC00, 0x0440, 0x0480, 0x0500, 
    0x0700, 0x0480, 0x0440, 0x0200, 0x0220, 0x0120, 0x00E0, 0x0000, 
    /* [406] '潜' U+6F5C */
    0x8880, 0x5DC0, 0x0880, 0xBDE0, 0x4880, 0x1540, 0x2FA0, 0xC880, 
    0x4F80, 0x4880, 0x4F80, 0x0000,     /* [407] '爬' U+722C */
0x1BE0, 0xEAA0, 0xAAA0, 0xABE0, 
    0xAA00, 0xAA20, 0xAA20, 0xA5E0, 0xA400, 0xA300, 0xA0E0, 0x0000, 
    /* [408] '跳' U+8DF3 */
    0xF280, 0x9AA0, 0x96C0, 0xF280, 0x2280, 0x26C0, 0xBAA0, 0xA280, 
    0xBAA0, 0xC4A0, 0x0860, 0x0000,     /* [409] '跑' U+8DD1 */
0x0400, 0xF7C0, 0x9840, 0x9740, 
    0xF540, 0x2540, 0xB740, 0xA4A0, 0xA420, 0xB420, 0xC3E0, 0x0000, 
    /* [410] '立' U+7ACB */
    0x0400, 0x0200, 0x7FE0, 0x0000, 0x1080, 0x1080, 0x0900, 0x0900, 
    0x0A00, 0x0200, 0xFFE0, 0x0000,     /* [411] '坐' U+5750 */
0x0400, 0x2480, 0x2480, 0x2480, 
    0x5540, 0x8E20, 0x0400, 0x7FC0, 0x0400, 0x0400, 0xFFE0, 0x0000, 
    /* [412] '卧' U+5367 */
    0xFD00, 0x9100, 0x9100, 0xFD80, 0x8560, 0x8520, 0xFD00, 0x9100, 
    0x9100, 0xFD00, 0x0100, 0x0000,     /* [413] '倒' U+5012 */
0x2020, 0x3F20, 0x48A0, 0x52A0, 
    0xDFA0, 0x44A0, 0x44A0, 0x5FA0, 0x44A0, 0x4720, 0x5860, 0x0000, 
    /* [414] '拿' U+62FF */
    0x0E00, 0x1100, 0xEEE0, 0x1100, 0x3F80, 0x0400, 0x3F80, 0x0400, 
    0xFFE0, 0x0400, 0x0C00, 0x0000,     /* [415] '放' U+653E */
0x2100, 0x1100, 0xFDE0, 0x2240, 
    0x2540, 0x3940, 0x2940, 0x2880, 0x4980, 0x4A40, 0x9420, 0x0000, 
    /* [416] '送' U+9001 */
    0x4440, 0x2280, 0x27C0, 0x0100, 0xE100, 0x2FE0, 0x2100, 0x2280, 
    0x2440, 0x5820, 0x8FE0, 0x0000,     /* [417] '迎' U+8FCE */
0x4200, 0x2DE0, 0x2920, 0x0920, 
    0xE920, 0x2920, 0x2B20, 0x2D60, 0x2100, 0x5000, 0x8FE0, 0x0000, 
    /* [418] '还' U+8FD8 */
    0x4FE0, 0x2080, 0x2100, 0x0100, 0xE340, 0x2520, 0x2920, 0x2100, 
    0x2100, 0x5000, 0x8FE0, 0x0000,     /* [419] '买' U+4E70 */
0xFFE0, 0x0040, 0x2480, 0x1400, 
    0x4400, 0x2400, 0xFFE0, 0x0400, 0x0A00, 0x3180, 0xC060, 0x0000, 
    /* [420] '卖' U+5356 */
    0x0400, 0x7FC0, 0x0400, 0xFFE0, 0x1040, 0x2A80, 0x1200, 0xFFE0, 
    0x0200, 0x0D80, 0x7040, 0x0000,     /* [421] '借' U+501F */
0x1480, 0x1FE0, 0x2480, 0x2480, 
    0x7FE0, 0xA000, 0x27C0, 0x2440, 0x27C0, 0x2440, 0x27C0, 0x0000, 
    /* [422] '看' U+770B */
    0x7FC0, 0x0400, 0x7F80, 0x0800, 0xFFE0, 0x1080, 0x3F80, 0x5080, 
    0x9F80, 0x1080, 0x1F80, 0x0000,     /* [423] '想' U+60F3 */
0x27C0, 0x2440, 0xFFC0, 0x2440, 
    0x77C0, 0xAC40, 0x27C0, 0x1440, 0x52A0, 0x50A0, 0x8F80, 0x0000, 
    /* [424] '思' U+601D */
    0x3F80, 0x2480, 0x2480, 0x3F80, 0x2480, 0x2480, 0x3F80, 0x0440, 
    0x5220, 0x50A0, 0x8F80, 0x0000,     /* [425] '愿' U+613F */
0x7FE0, 0x4400, 0x5FC0, 0x5240, 
    0x5FC0, 0x4A80, 0x5640, 0x4400, 0x4A40, 0xA8A0, 0xAF80, 0x0000, 
    /* [426] '意' U+610F */
    0x0400, 0x7FC0, 0x1100, 0xFFE0, 0x2080, 0x3F80, 0x2080, 0x3F80, 
    0x5440, 0x52A0, 0x9FA0, 0x0000,     /* [427] '欲' U+6B32 */
0x2900, 0x4500, 0x91E0, 0x3220, 
    0x4880, 0x8480, 0x7880, 0x4880, 0x4940, 0x7A20, 0x0420, 0x0000, 
    /* [428] '需' U+9700 */
    0x7FC0, 0x0400, 0xFFE0, 0xB5A0, 0x0400, 0xFFE0, 0x0800, 0x7FC0, 
    0x4A40, 0x4A40, 0x4AC0, 0x0000,     /* [429] '必' U+5FC5 */
0x0880, 0x0480, 0x0500, 0x1100, 
    0x5240, 0x5220, 0x9420, 0x1880, 0x1080, 0x3080, 0xCF80, 0x0000, 
    /* [430] '须' U+987B */
    0x2FE0, 0x4100, 0x87C0, 0x1440, 0x2540, 0x4540, 0x8540, 0x1540, 
    0x2180, 0x4240, 0x8C20, 0x0000,     /* [431] '可' U+53EF */
0x0000, 0xFFE0, 0x0080, 0x3C80, 
    0x2480, 0x2480, 0x3C80, 0x2480, 0x0080, 0x0080, 0x0380, 0x0000, 
    /* [432] '该' U+8BE5 */
    0x4200, 0x2100, 0x0FE0, 0xE100, 0x2240, 0x2780, 0x2120, 0x2A40, 
    0x3480, 0x2140, 0x0620, 0x0000,     /* [433] '应' U+5E94 */
0x0400, 0x0200, 0x7FE0, 0x4000, 
    0x4440, 0x5240, 0x4A40, 0x4880, 0x4080, 0x8100, 0x9FE0, 0x0000, 
    /* [434] '被' U+88AB */
    0x4080, 0x2080, 0xFFE0, 0x14A0, 0x2C80, 0x77E0, 0xAD40, 0x2540, 
    0x2480, 0x2940, 0x3620, 0x0000,     /* [435] '把' U+628A */
0x2000, 0x27C0, 0xFD40, 0x2540, 
    0x2D40, 0x37C0, 0x6400, 0xA400, 0x2420, 0x2420, 0xE7E0, 0x0000, 
    /* [436] '给' U+7ED9 */
    0x2100, 0x2100, 0x4280, 0x5440, 0xE820, 0x27C0, 0x4000, 0xF7C0, 
    0x0C40, 0x3440, 0xC7C0, 0x0000,     /* [437] '让' U+8BA9 */
0x4100, 0x2100, 0x2100, 0x0100, 
    0xE1E0, 0x2100, 0x2100, 0x2100, 0x2900, 0x3100, 0x2FE0, 0x0000, 
    /* [438] '向' U+5411 */
    0x0800, 0x1000, 0xFFC0, 0x8040, 0x9E40, 0x9240, 0x9240, 0x9E40, 
    0x8040, 0x8040, 0x81C0, 0x0000,     /* [439] '从' U+4ECE */
0x1100, 0x1100, 0x1100, 0x1100, 
    0x1100, 0x1100, 0x2A80, 0x2A80, 0x4440, 0x8840, 0x1020, 0x0000, 
    /* [440] '过' U+8FC7 */
    0x4080, 0x2080, 0x2FE0, 0x0080, 0xE480, 0x2280, 0x2080, 0x2080, 
    0x2180, 0x5000, 0x8FE0, 0x0000,     /* [441] '无' U+65E0 */
0x7FC0, 0x0400, 0x0400, 0x0400, 
    0xFFE0, 0x0A00, 0x0A00, 0x1200, 0x1220, 0x2220, 0xC1E0, 0x0000, 
    /* [442] '没' U+6CA1 */
    0x4780, 0x2480, 0x8480, 0x48E0, 0x1000, 0x2FC0, 0x2480, 0x4280, 
    0xC300, 0x4480, 0x5860, 0x0000,     /* [443] '又' U+53C8 */
0x0000, 0x7FC0, 0x1040, 0x1080, 
    0x0880, 0x0900, 0x0500, 0x0200, 0x0600, 0x1980, 0xE060, 0x0000, 
    /* [444] '花' U+82B1 */
    0x1100, 0xFFE0, 0x1100, 0x0000, 0x1240, 0x2280, 0x6300, 0xA600, 
    0x3A20, 0x2220, 0x21E0, 0x0000,     /* [445] '草' U+8349 */
0x1100, 0xFFE0, 0x1100, 0x3F80, 
    0x2080, 0x3F80, 0x2080, 0x3F80, 0x0400, 0xFFE0, 0x0400, 0x0000, 
    /* [446] '树' U+6811 */
    0x2040, 0x2E40, 0xF3E0, 0x2A40, 0x2A40, 0x7540, 0xA4C0, 0x2A40, 
    0x3140, 0x2040, 0x20C0, 0x0000,     /* [447] '木' U+6728 */
0x0400, 0x0400, 0x0400, 0xFFE0, 
    0x0400, 0x0E00, 0x1500, 0x2480, 0xC460, 0x0440, 0x0400, 0x0000, 
    /* [448] '竹' U+7AF9 */
    0x2100, 0x2100, 0x7BE0, 0x5280, 0x9480, 0x1080, 0x1080, 0x1080, 
    0x1080, 0x1080, 0x1380, 0x0000,     /* [449] '米' U+7C73 */
0x0400, 0x4440, 0x2480, 0x1500, 
    0xFFE0, 0x0400, 0x0E00, 0x1500, 0x2480, 0xC460, 0x0400, 0x0000, 
    /* [450] '麦' U+9EA6 */
    0x0400, 0x7FC0, 0x0400, 0x3F80, 0x0400, 0xFFE0, 0x0800, 0x1F80, 
    0x6900, 0x0600, 0x79E0, 0x0000,     /* [451] '豆' U+8C46 */
0x0000, 0x7FC0, 0x0000, 0x3F80, 
    0x2080, 0x3F80, 0x2080, 0x1100, 0x0900, 0x0A00, 0xFFE0, 0x0000, 
    /* [452] '瓜' U+74DC */
    0x01C0, 0x3F00, 0x2500, 0x2500, 0x2500, 0x2480, 0x2480, 0x2440, 
    0x4540, 0x47A0, 0x8CA0, 0x0000,     /* [453] '果' U+679C */
0x3F80, 0x2480, 0x3F80, 0x2480, 
    0x3F80, 0x0400, 0xFFE0, 0x0E00, 0x1500, 0x2480, 0xC460, 0x0000, 
    /* [454] '菜' U+83DC */
    0x1100, 0xFFE0, 0x1100, 0x01C0, 0x7E80, 0x2880, 0x1500, 0xFFE0, 
    0x1500, 0x2480, 0xC460, 0x0000,     /* [455] '茶' U+8336 */
0x1100, 0xFFE0, 0x1100, 0x0400, 
    0x0A00, 0x3580, 0xC460, 0x3F80, 0x1500, 0x2480, 0xCC60, 0x0000, 
    /* [456] '药' U+836F */
    0x1100, 0xFFE0, 0x1100, 0x2400, 0x47C0, 0xE440, 0x4A40, 0xA140, 
    0xC040, 0x3040, 0xC180, 0x0000,     /* [457] '鱼' U+9C7C */
0x0800, 0x1F00, 0x2200, 0x7FC0, 
    0xA240, 0x3FC0, 0x2240, 0x3FC0, 0x2040, 0x0000, 0xFFE0, 0x0000, 
    /* [458] '鸟' U+9E1F */
    0x0800, 0x3F80, 0x2080, 0x2880, 0x2480, 0x2100, 0x3FE0, 0x0020, 
    0x7FA0, 0x0020, 0x01C0, 0x0000,     /* [459] '兽' U+517D */
0x2080, 0x1100, 0x7FC0, 0x4440, 
    0x7FC0, 0x4440, 0xFFE0, 0x0000, 0x3F80, 0x2080, 0x3F80, 0x0000, 
    /* [460] '虫' U+866B */
    0x0400, 0x0400, 0x7FC0, 0x4440, 0x4440, 0x7FC0, 0x0400, 0x0480, 
    0x0440, 0x07E0, 0xF820, 0x0000,     /* [461] '龙' U+9F99 */
0x0900, 0x0880, 0x0800, 0xFFE0, 
    0x0A00, 0x0A40, 0x1280, 0x1300, 0x2220, 0x4620, 0x99E0, 0x0000, 
    /* [462] '凤' U+51E4 */
    0x7F80, 0x4080, 0x5E80, 0x4280, 0x5280, 0x4A80, 0x4480, 0x44A0, 
    0x4AA0, 0x5260, 0x8020, 0x0000,     /* [463] '虎' U+864E */
0x07C0, 0x0400, 0x7FE0, 0x4840, 
    0x7F80, 0x4820, 0x4FE0, 0x4000, 0x4F00, 0x4920, 0xB0E0, 0x0000, 
    /* [464] '狮' U+72EE */
    0xA3E0, 0x4A80, 0xABE0, 0x2AA0, 0x2AA0, 0x6AA0, 0xAAA0, 0x2AA0, 
    0x22E0, 0xA480, 0x4880, 0x0000,     /* [465] '熊' U+718A */
0x4A40, 0xFB80, 0x0220, 0x7BE0, 
    0x4800, 0x7A40, 0x4B80, 0x7A20, 0x4BE0, 0x5240, 0x8920, 0x0000, 
    /* [466] '狼' U+72FC */
    0x8900, 0x57C0, 0x2440, 0x57C0, 0x9440, 0x37C0, 0x5520, 0x9540, 
    0x1480, 0x5540, 0x2620, 0x0000,     /* [467] '猫' U+732B */
0x8A40, 0x57E0, 0x2240, 0x5240, 
    0x97E0, 0x3520, 0x5520, 0x97E0, 0x1520, 0x57E0, 0x2420, 0x0000, 
    /* [468] '狗' U+72D7 */
    0x9200, 0x5200, 0x27E0, 0x5420, 0x9BA0, 0x32A0, 0x52A0, 0x93A0, 
    0x1020, 0x5140, 0x2080, 0x0000,     /* [469] '鸡' U+9E21 */
0x0100, 0xF7C0, 0x1440, 0x9540, 
    0x5540, 0x2480, 0x27E0, 0x5020, 0x4FA0, 0x8020, 0x00C0, 0x0000, 
    /* [470] '鸭' U+9E2D */
    0x0100, 0xFBC0, 0xAA40, 0xFB40, 0xAAC0, 0xAA00, 0xFBE0, 0x2020, 
    0x2FA0, 0x2020, 0x20C0, 0x0000,     /* [471] '鹅' U+9E45 */
0x3100, 0xDBC0, 0x5640, 0xFF40, 
    0x52C0, 0x7200, 0xD7E0, 0x5420, 0x4BA0, 0x5620, 0xE2C0, 0x0000, 
    /* [472] '铝' U+94DD */
    0x43C0, 0x4240, 0x7A40, 0x83C0, 0xFA40, 0x2000, 0xFFE0, 0x2420, 
    0x2C20, 0x37E0, 0x2420, 0x0000,     /* [473] '钢' U+94A2 */
0x47E0, 0x4420, 0x7CA0, 0x86A0, 
    0xFD20, 0x2520, 0xFDA0, 0x2660, 0x2C20, 0x3420, 0x24E0, 0x0000, 
    /* [474] '玉' U+7389 */
    0x7FC0, 0x0400, 0x0400, 0x0400, 0x3F80, 0x0400, 0x0500, 0x0480, 
    0x0480, 0x0400, 0xFFE0, 0x0000,     /* [475] '石' U+77F3 */
0x0000, 0xFFE0, 0x0400, 0x0800, 
    0x1000, 0x3FC0, 0x5040, 0x9040, 0x1040, 0x1FC0, 0x1040, 0x0000, 
    /* [476] '玻' U+73BB */
    0x0080, 0xF7E0, 0x24A0, 0x2480, 0x77C0, 0x2640, 0x2540, 0x3540, 
    0xC480, 0x0940, 0x1620, 0x0000,     /* [477] '璃' U+7483 */
0x0100, 0xF7E0, 0x2280, 0x2920, 
    0x7AA0, 0x2FE0, 0x2100, 0x3FE0, 0xCAA0, 0x0BA0, 0x0860, 0x0000, 
    /* [478] '陶' U+9676 */
    0xE400, 0xA7E0, 0xA820, 0xD7A0, 0xAA20, 0xAFA0, 0xA220, 0xEAA0, 
    0x8FA0, 0x8020, 0x80C0, 0x0000,     /* [479] '瓷' U+74F7 */
0x8400, 0x47E0, 0x2940, 0xC280, 
    0x4440, 0xFFE0, 0x1000, 0x1F00, 0x2920, 0x2520, 0x70E0, 0x0000, 
    /* [480] '漆' U+6F06 */
    0x4100, 0x2FE0, 0x0380, 0x8560, 0x4B80, 0x2560, 0x2D40, 0xC380, 
    0x4540, 0x5920, 0x4300, 0x0000,     /* [481] '布' U+5E03 */
0x0800, 0x0800, 0xFFE0, 0x1200, 
    0x1200, 0x3FC0, 0x5240, 0x9240, 0x1240, 0x12C0, 0x0200, 0x0000, 
    /* [482] '纸' U+7EB8 */
    0x2060, 0x2780, 0x4C80, 0x5480, 0xE7E0, 0x2480, 0x4480, 0xF4A0, 
    0x0DA0, 0x3660, 0xC420, 0x0000,     /* [483] '皮' U+76AE */
0x0200, 0x0200, 0x3FE0, 0x2240, 
    0x2200, 0x3F80, 0x2880, 0x2500, 0x2200, 0x4500, 0x98E0, 0x0000, 
    /* [484] '毛' U+6BDB */
    0x0380, 0x7C00, 0x0400, 0x0780, 0x7C00, 0x0400, 0x07E0, 0xFC00, 
    0x0420, 0x0420, 0x03E0, 0x0000,     /* [485] '棉' U+68C9 */
0x2100, 0x27C0, 0xFC40, 0x27C0, 
    0x7440, 0x6FC0, 0xA100, 0xAFE0, 0x2920, 0x2960, 0x2100, 0x0000, 
    /* [486] '麻' U+9EBB */
    0x0200, 0x7FE0, 0x4880, 0x4880, 0x7FE0, 0x4880, 0x5DC0, 0x6AC0, 
    0x4CA0, 0x8880, 0x8880, 0x0000,     /* [487] '丝' U+4E1D */
0x2100, 0x2100, 0x2940, 0x4A40, 
    0xF780, 0x1080, 0x2100, 0x4200, 0xF7C0, 0x0000, 0xFFE0, 0x0000, 
    /* [488] '绸' U+7EF8 */
    0x2FE0, 0x2920, 0x4BA0, 0x5920, 0xEFE0, 0x2820, 0x4BA0, 0xFAA0, 
    0x0BA0, 0x2820, 0xD0E0, 0x0000,     /* [489] '缎' U+7F0E */
0x22E0, 0x24A0, 0x4CA0, 0x5700, 
    0xE4E0, 0x27A0, 0x44A0, 0xF7A0, 0x0C40, 0x34A0, 0xC520, 0x0000, 
    /* [490] '呢' U+5462 */
    0x0FC0, 0xE840, 0xA840, 0xAFC0, 0xA800, 0xAA20, 0xEAC0, 0xAB00, 
    0x0A20, 0x1220, 0x61E0, 0x0000,     /* [491] '绒' U+7ED2 */
0x2140, 0x2120, 0x4FE0, 0x5500, 
    0xE520, 0x2F20, 0x4540, 0xF480, 0x04A0, 0x3560, 0xCA20, 0x0000, 
    /* [492] '春' U+6625 */
    0x0400, 0x7FE0, 0x0400, 0x3FC0, 0x0800, 0xFFE0, 0x30C0, 0xDCA0, 
    0x1780, 0x1080, 0x1F80, 0x0000,     /* [493] '夏' U+590F */
0xFFE0, 0x0400, 0x1F80, 0x1080, 
    0x1C80, 0x1780, 0x1080, 0x3F80, 0x4900, 0x8600, 0x39E0, 0x0000, 
    /* [494] '秋' U+79CB */
    0x1900, 0xE100, 0x2140, 0xFD40, 0x2580, 0x7500, 0x6900, 0xA280, 
    0x2280, 0x2440, 0x2820, 0x0000,     /* [495] '冬' U+51AC */
0x1000, 0x1F00, 0x3100, 0x4A00, 
    0x0400, 0x1B00, 0xE4E0, 0x0200, 0x1800, 0x0400, 0x0200, 0x0000, 
    /* [496] '晨' U+6668 */
    0x3F80, 0x2080, 0x3F80, 0x2080, 0x7FE0, 0x4000, 0x5FC0, 0x4000, 
    0x7FE0, 0x5280, 0x99C0, 0x0000,     /* [497] '昏' U+660F */
0x3F80, 0x4400, 0x7FE0, 0x4200, 
    0x5920, 0x60E0, 0x3F80, 0x2080, 0x3F80, 0x2080, 0x3F80, 0x0000, 
    /* [498] '早' U+65E9 */
    0x3F80, 0x2080, 0x3F80, 0x2080, 0x3F80, 0x0400, 0x0400, 0xFFE0, 
    0x0400, 0x0400, 0x0400, 0x0000,     /* [499] '晚' U+665A */
0x0400, 0xE780, 0xA900, 0xBFC0, 
    0xEA40, 0xAA40, 0xAFC0, 0xA300, 0xE520, 0x0920, 0x11E0, 0x0000, 
    /* [500] '日' U+65E5 */
    0x0000, 0x3F80, 0x2080, 0x2080, 0x2080, 0x3F80, 0x2080, 0x2080, 
    0x2080, 0x3F80, 0x2080, 0x0000,     /* [501] '夜' U+591C */
0x0400, 0xFFE0, 0x1200, 0x13C0, 
    0x2640, 0x6940, 0xB480, 0x2280, 0x2100, 0x2280, 0x2C60, 0x0000, 
    /* [502] '朝' U+671D */
    0x11E0, 0xFF20, 0x1120, 0x7DE0, 0x4520, 0x7D20, 0x45E0, 0x7D20, 
    0x1120, 0xFD20, 0x1260, 0x0000,     /* [503] '夕' U+5915 */
0x0800, 0x0840, 0x0FE0, 0x1040, 
    0x2880, 0x4480, 0x0500, 0x0100, 0x0200, 0x0C00, 0xF000, 0x0000, 
    /* [504] '阴' U+9634 */
    0xF3E0, 0x9220, 0xA220, 0xC3E0, 0xA220, 0x9220, 0x93E0, 0xD220, 
    0xA220, 0x8420, 0x88E0, 0x0000,     /* [505] '晴' U+6674 */
0x0100, 0xFFE0, 0x9100, 0x97C0, 
    0xF100, 0x9FE0, 0x9440, 0xF740, 0x95C0, 0x0440, 0x04C0, 0x0000, 
    /* [506] '雨' U+96E8 */
    0xFFE0, 0x0400, 0x0400, 0x7FC0, 0x4440, 0x5540, 0x4CC0, 0x6640, 
    0x5540, 0x4440, 0x44C0, 0x0000,     /* [507] '雪' U+96EA */
0x7FC0, 0x0400, 0xFFE0, 0x8420, 
    0xB5A0, 0x0000, 0x7FC0, 0x0040, 0x3FC0, 0x0040, 0x7FC0, 0x0000, 
    /* [508] '霜' U+971C */
    0x7FC0, 0x0400, 0xFFE0, 0x9520, 0x23C0, 0xFA40, 0x23C0, 0x3240, 
    0x6BC0, 0xAA40, 0x23C0, 0x0000,     /* [509] '露' U+9732 */
0x7FC0, 0x0400, 0xFFE0, 0x9520, 
    0xF3C0, 0x9640, 0xF180, 0x2660, 0xBBC0, 0xA240, 0xF3C0, 0x0000, 
    /* [510] '雾' U+96FE */
    0x7FC0, 0x0400, 0xFFE0, 0x9520, 0x3F80, 0x5200, 0x1F00, 0xE4E0, 
    0x3F80, 0x0880, 0x7300, 0x0000,     /* [511] '云' U+4E91 */
0x3F80, 0x0000, 0x0000, 0x0000, 
    0xFFE0, 0x0800, 0x1000, 0x1100, 0x2080, 0x7FC0, 0x2040, 0x0000, 
    /* [512] '霞' U+971E */
    0x7FC0, 0x0400, 0xFFE0, 0x9520, 0xFBC0, 0x4840, 0x7FC0, 0x4240, 
    0x7A40, 0x4180, 0x4E60, 0x0000,     /* [513] '虹' U+8679 */
0x2000, 0x23E0, 0xF880, 0xA880, 
    0xA880, 0xA880, 0xF880, 0x2080, 0x2880, 0x3880, 0xEFE0, 0x0000, 
    /* [514] '赤' U+8D64 */
    0x0400, 0x0400, 0x3FC0, 0x0400, 0xFFE0, 0x0900, 0x2940, 0x2920, 
    0x4920, 0x1500, 0x6200, 0x0000,     /* [515] '橙' U+6A59 */
0x2F40, 0x2AA0, 0xF440, 0x27C0, 
    0x3820, 0x27C0, 0x6440, 0xA7C0, 0x2440, 0x2280, 0x2FE0, 0x0000, 
    /* [516] '灰' U+7070 */
    0x0800, 0xFFE0, 0x0A00, 0x1200, 0x1240, 0x2A80, 0x4B00, 0x9200, 
    0x0500, 0x1880, 0x6060, 0x0000,     /* [517] '褐' U+8910 */
0x47C0, 0x2440, 0xFFC0, 0x1440, 
    0x2FC0, 0x7200, 0xAFE0, 0x2CA0, 0x2560, 0x27A0, 0x2040, 0x0000, 
    /* [518] '粉' U+7C89 */
    0x2280, 0xAA80, 0x7240, 0x2420, 0xF800, 0x27C0, 0x7240, 0x6A40, 
    0xA240, 0x2440, 0x2980, 0x0000,     /* [519] '彩' U+5F69 */
0x0C40, 0xF280, 0x5500, 0x2820, 
    0x1040, 0xFE80, 0x3900, 0x5420, 0x9240, 0x1080, 0x1300, 0x0000, 
    /* [520] '浓' U+6D53 */
    0x4100, 0x2100, 0x8FE0, 0x4A20, 0x1200, 0x2520, 0x2540, 0xCC80, 
    0x5440, 0x4520, 0x4600, 0x0000,     /* [521] '淡' U+6DE1 */
0x4100, 0x2540, 0x0980, 0x8280, 
    0x5440, 0x2920, 0x2540, 0xC580, 0x4900, 0x4280, 0x5C60, 0x0000, 
    /* [522] '巅' U+5DC5 */
    0x8420, 0xFFE0, 0x2000, 0xFFE0, 0x4900, 0x6BE0, 0x5A20, 0x4AA0, 
    0xFEA0, 0x4940, 0x8620, 0x0000,     /* [523] '昌' U+660C */
0x1F80, 0x1080, 0x1F80, 0x1080, 
    0x1F80, 0x0000, 0x3FC0, 0x2040, 0x3FC0, 0x2040, 0x3FC0, 0x0000, 
    /* [524] '平' U+5E73 */
    0x7FC0, 0x0400, 0x2480, 0x1500, 0x0400, 0xFFE0, 0x0400, 0x0400, 
    0x0400, 0x0400, 0x0400, 0x0000,     /* [525] '协' U+534F */
0x4200, 0x4200, 0x4F80, 0xE280, 
    0x4280, 0x4AC0, 0x52A0, 0x4480, 0x4480, 0x4A80, 0x5100, 0x0000, 
    /* [526] '战' U+6218 */
    0x2180, 0x2140, 0x3D00, 0x2160, 0x2780, 0xF920, 0x8940, 0x8980, 
    0x8920, 0xFEA0, 0x8860, 0x0000,     /* [527] '斗' U+6597 */
0x1100, 0x0900, 0x0900, 0x2100, 
    0x1100, 0x1100, 0x01E0, 0xFF00, 0x0100, 0x0100, 0x0100, 0x0000, 
    /* [528] '班' U+73ED */
    0x0200, 0xF3E0, 0x2280, 0x2A80, 0xFA80, 0x2BE0, 0x2A80, 0x2480, 
    0x3480, 0xC880, 0x13E0, 0x0000,     /* [529] '陵' U+9675 */
0xF100, 0x97C0, 0xA100, 0xCFE0, 
    0xA440, 0x9A20, 0x9380, 0xD480, 0xAB00, 0x8280, 0x8C60, 0x0000, 
    /* [530] '蔚' U+851A */
    0x1100, 0xFFE0, 0x1100, 0x7C40, 0x45E0, 0x7C40, 0x4140, 0x7EC0, 
    0x4840, 0xAC40, 0xDAC0, 0x0000,     /* [531] '县' U+53BF */
0x3F80, 0x2080, 0x3F80, 0x2080, 
    0x3F80, 0x2080, 0xFFE0, 0x0800, 0x1080, 0x7FC0, 0x2040, 0x0000, 
    /* [532] '苑' U+82D1 */
    0x1100, 0xFFE0, 0x1100, 0x2000, 0x3FC0, 0x2640, 0x6A40, 0x9A80, 
    0x1220, 0x2220, 0xC1E0, 0x0000,     /* [533] '儋' U+510B */
0x13C0, 0x1480, 0x2FE0, 0x3AA0, 
    0x6FE0, 0xA800, 0x2BE0, 0x2800, 0x2BE0, 0x2A20, 0x33E0, 0x0000, 
    /* [534] '范' U+8303 */
    0x0900, 0xFFE0, 0x0900, 0x27C0, 0x9440, 0x5440, 0x2440, 0xE580, 
    0x4420, 0x4420, 0x43E0, 0x0000,     /* [535] '围' U+56F4 */
0x7FE0, 0x4420, 0x7FA0, 0x4420, 
    0x5F20, 0x4420, 0x7FA0, 0x44A0, 0x4520, 0x7FE0, 0x4020, 0x0000, 
    /* [536] '盒' U+76D2 */
    0x0400, 0x0A00, 0x1F00, 0x2080, 0xDF60, 0x1100, 0x1F00, 0x0000, 
    0x7FC0, 0x4A40, 0xFFE0, 0x0000,     /* [537] '才' U+624D */
0x0100, 0x0100, 0x7FE0, 0x0300, 
    0x0500, 0x0900, 0x1100, 0x2100, 0xC100, 0x0500, 0x0200, 0x0000, 
    /* [538] '啊' U+554A */
    0x3BE0, 0xE820, 0xA820, 0xB3A0, 0xAAA0, 0xAAA0, 0xEBA0, 0xB820, 
    0x2020, 0x2020, 0x20E0, 0x0000,     /* [539] '闫' U+95EB */
0x2FE0, 0x1020, 0x4020, 0x5FA0, 
    0x4020, 0x4020, 0x4F20, 0x4020, 0x4020, 0x5FA0, 0x4060, 0x0000, 
    /* [540] '党' U+515A */
    0x2480, 0x1500, 0x7FE0, 0x4020, 0x5FA0, 0x1080, 0x1F80, 0x0A00, 
    0x0A20, 0x1220, 0x61E0, 0x0000,     /* [541] '隘' U+9698 */
0xE880, 0xA500, 0xBFE0, 0xC500, 
    0xA880, 0x9040, 0xBFE0, 0xD540, 0x9540, 0x9540, 0xBFE0, 0x0000, 
    /* [542] '服' U+670D */
    0x7BE0, 0x4A20, 0x4A20, 0x7AE0, 0x4A00, 0x4BE0, 0x7A20, 0x4AC0, 
    0x4A40, 0x8AA0, 0x9B20, 0x0000,     /* [543] '曙' U+66D9 */
0x0FE0, 0xEAA0, 0xAFE0, 0xA100, 
    0xE7A0, 0xA140, 0xAFE0, 0xE440, 0x0FC0, 0x1440, 0x07C0, 0x0000, 
    /* [544] '炉' U+7089 */
    0x2100, 0x2080, 0x2FE0, 0xB420, 0xA420, 0xA7E0, 0x2400, 0x5400, 
    0x5400, 0x4800, 0x9000, 0x0000,     /* [545] '索' U+7D22 */
0x0400, 0x7FC0, 0x0400, 0xFFE0, 
    0x9120, 0x3E00, 0x0880, 0x7FC0, 0x0440, 0x2480, 0xCC60, 0x0000, 
    /* [546] '蛟' U+86DF */
    0x2100, 0x2080, 0x27E0, 0xFA40, 0xAC20, 0xAA40, 0xFA40, 0x2140, 
    0x2880, 0x3940, 0xCE20, 0x0000,     /* [547] '载' U+8F7D */
0x1100, 0x7D40, 0x1120, 0xFFE0, 
    0x2100, 0xFD20, 0x5140, 0x7C80, 0x10A0, 0xFD60, 0x1220, 0x0000, 
    /* [548] '登' U+767B */
    0x7A40, 0x4A80, 0x2940, 0x1080, 0x3FC0, 0xC020, 0x1F80, 0x1080, 
    0x1F80, 0x0900, 0xFFE0, 0x0000,     /* [549] '鬼' U+9B3C */
0x1000, 0x7F80, 0x4880, 0x7F80, 
    0x4880, 0x7F80, 0x1480, 0x1540, 0x25C0, 0x4420, 0x83E0, 0x0000, 
    /* [550] '朋' U+670B */
    0x79E0, 0x4920, 0x4920, 0x79E0, 0x4920, 0x4920, 0x79E0, 0x4920, 
    0x4920, 0x4920, 0x9A60, 0x0000,     /* [551] '鼎' U+9F0E */
0x1F80, 0x1080, 0x1F80, 0x50A0, 
    0x5FA0, 0x50A0, 0x7FE0, 0x0900, 0xF9E0, 0x4920, 0x8920, 0x0000, 
    /* [552] '誉' U+8A89 */
    0x2880, 0x1500, 0xFFE0, 0x2500, 0x7FC0, 0x8020, 0x3F80, 0x0000, 
    0x3F80, 0x2080, 0x3F80, 0x0000,     /* [553] '倌' U+500C */
0x1200, 0x1100, 0x2FE0, 0x2820, 
    0x67C0, 0xA440, 0x27C0, 0x2400, 0x27C0, 0x2440, 0x27C0, 0x0000, 
    /* [554] '猪' U+732A */
    0x8920, 0x57A0, 0x2140, 0x57E0, 0x9100, 0x33E0, 0x5620, 0x9BE0, 
    0x1220, 0x53E0, 0x2220, 0x0000,     /* [555] '佩' U+4F69 */
0x5FC0, 0x5040, 0x57C0, 0x5140, 
    0xD7C0, 0x5540, 0x5540, 0x5540, 0x55C0, 0x5540, 0x6120, 0x0000, 
    /* [556] '荒' U+8352 */
    0x1100, 0xFFE0, 0x1500, 0xFFE0, 0x2000, 0x3FC0, 0x0000, 0x2480, 
    0x2480, 0x44A0, 0x8460, 0x0000,     /* [557] '柏' U+67CF */
0x2080, 0x2100, 0xFBE0, 0x2220, 
    0x2220, 0x33E0, 0x6A20, 0xA220, 0x2220, 0x23E0, 0x2220, 0x0000, 
    /* [558] '庭' U+5EAD */
    0x0200, 0x7FE0, 0x4000, 0x7BE0, 0x5080, 0x7BE0, 0x4880, 0x6880, 
    0x53E0, 0x9000, 0xAFE0, 0x0000,     /* [559] '业' U+4E1A */
0x0900, 0x0900, 0x0920, 0x8920, 
    0x4940, 0x2940, 0x2980, 0x0900, 0x0900, 0x0900, 0xFFE0, 0x0000, 
    /* [560] '临' U+4E34 */
    0x2400, 0xA7E0, 0xA800, 0xB100, 0xA080, 0xAFE0, 0xA920, 0xA920, 
    0x2920, 0x2FE0, 0x2820, 0x0000,     /* [561] '于' U+4E8E */
0x7FC0, 0x0400, 0x0400, 0x0400, 
    0xFFE0, 0x0400, 0x0400, 0x0400, 0x0400, 0x0400, 0x1C00, 0x0000, 
    /* [562] '仅' U+4EC5 */
    0x1000, 0x1FC0, 0x2440, 0x2440, 0x6440, 0xA280, 0x2280, 0x2100, 
    0x2280, 0x2440, 0x2820, 0x0000,     /* [563] '仪' U+4EEA */
0x1200, 0x1140, 0x2940, 0x2840, 
    0x6440, 0xA480, 0x2280, 0x2100, 0x2280, 0x2440, 0x2820, 0x0000, 
    /* [564] '作' U+4F5C */
    0x1400, 0x1400, 0x27E0, 0x2A00, 0x7200, 0xA3C0, 0x2200, 0x2200, 
    0x23E0, 0x2200, 0x2200, 0x0000,     /* [565] '侧' U+4FA7 */
0x2020, 0x3F20, 0x5120, 0x55A0, 
    0xD5A0, 0x55A0, 0x55A0, 0x5520, 0x4620, 0x4920, 0x5060, 0x0000, 
    /* [566] '候' U+5019 */
    0x2780, 0x2080, 0x5FE0, 0x5400, 0xD7C0, 0x5900, 0x5FE0, 0x5100, 
    0x5280, 0x4440, 0x4820, 0x0000,     /* [567] '储' U+50A8 */
0x6120, 0x57C0, 0x4140, 0x77E0, 
    0xD100, 0x53C0, 0x5640, 0x53C0, 0x5A40, 0x5240, 0x43C0, 0x0000, 
    /* [568] '全' U+5168 */
    0x0400, 0x0A00, 0x1100, 0x2080, 0xDF60, 0x0400, 0x0400, 0x1F00, 
    0x0400, 0x0400, 0x7FC0, 0x0000,     /* [569] '其' U+5176 */
0x1100, 0x7FC0, 0x1100, 0x1F00, 
    0x1100, 0x1F00, 0x1100, 0xFFE0, 0x1100, 0x2080, 0xC040, 0x0000, 
    /* [570] '典' U+5178 */
    0x0A00, 0x0A00, 0x3FC0, 0x2A40, 0x3FC0, 0x2A40, 0x2A40, 0xFFE0, 
    0x1100, 0x2080, 0xC060, 0x0000,     /* [571] '准' U+51C6 */
0x0A00, 0x8900, 0x4FE0, 0x5900, 
    0x0900, 0x2FC0, 0x2900, 0xCFC0, 0x4900, 0x4900, 0x4FE0, 0x0000, 
    /* [572] '分' U+5206 */
    0x1100, 0x1100, 0x2080, 0x2080, 0x4040, 0xBFA0, 0x0880, 0x0880, 
    0x1080, 0x2080, 0xC300, 0x0000,     /* [573] '切' U+5207 */
0x2000, 0x27E0, 0x2120, 0x3920, 
    0xE120, 0x2120, 0x2920, 0x3220, 0x2220, 0x0420, 0x08C0, 0x0000, 
    /* [574] '列' U+5217 */
    0x7E20, 0x1020, 0x1120, 0x3D20, 0x2520, 0x6520, 0x9920, 0x0920, 
    0x1020, 0x2020, 0xC0E0, 0x0000,     /* [575] '制' U+5236 */
0x1020, 0x50A0, 0x7EA0, 0x90A0, 
    0xFEA0, 0x10A0, 0x7EA0, 0x52A0, 0x5220, 0x5620, 0x10E0, 0x0000, 
    /* [576] '力' U+529B */
    0x0400, 0x0400, 0x0400, 0x7FC0, 0x0440, 0x0440, 0x0840, 0x0840, 
    0x1040, 0x2040, 0x4380, 0x0000,     /* [577] '包' U+5305 */
0x2000, 0x3FC0, 0x4040, 0x7E40, 
    0xA240, 0x2240, 0x3E40, 0x2040, 0x21A0, 0x2020, 0x1FE0, 0x0000, 
    /* [578] '占' U+5360 */
    0x0800, 0x0800, 0x0FC0, 0x0800, 0x0800, 0x7F80, 0x4080, 0x4080, 
    0x4080, 0x7F80, 0x4080, 0x0000,     /* [579] '即' U+5373 */
0x7DE0, 0x4520, 0x7D20, 0x4520, 
    0x7D20, 0x4520, 0x5120, 0x49A0, 0x5540, 0x6500, 0x0100, 0x0000, 
    /* [580] '压' U+538B */
    0x3FE0, 0x2000, 0x2200, 0x2200, 0x2200, 0x3FC0, 0x2200, 0x2280, 
    0x4240, 0x4200, 0xBFE0, 0x0000,     /* [581] '双' U+53CC */
0x0000, 0xFFE0, 0x0A40, 0x4A40, 
    0x2A40, 0x1140, 0x1140, 0x2880, 0x4580, 0x8240, 0x0420, 0x0000, 
    /* [582] '反' U+53CD */
    0x01C0, 0x3E00, 0x2000, 0x2000, 0x3FC0, 0x2880, 0x2500, 0x2200, 
    0x4500, 0x4880, 0xB060, 0x0000,     /* [583] '叮' U+53EE */
0x0FE0, 0xF080, 0x9080, 0x9080, 
    0x9080, 0x9080, 0xF080, 0x9080, 0x0080, 0x0080, 0x0380, 0x0000, 
    /* [584] '名' U+540D */
    0x1000, 0x1FC0, 0x1080, 0x2900, 0x4600, 0x0400, 0x1FC0, 0xF040, 
    0x1040, 0x1040, 0x1FC0, 0x0000,     /* [585] '命' U+547D */
0x0400, 0x0A00, 0x1100, 0xEEE0, 
    0x0000, 0x7BC0, 0x4A40, 0x4A40, 0x7A40, 0x4AC0, 0x0200, 0x0000, 
    /* [586] '克' U+514B */
    0x0400, 0xFFE0, 0x0400, 0x3F80, 0x2080, 0x2080, 0x3F80, 0x0A00, 
    0x1220, 0x2220, 0xC1E0, 0x0000,     /* [587] '咚' U+549A */
0x0200, 0xE3C0, 0xA440, 0xAA80, 
    0xA100, 0xA280, 0xEC60, 0xB300, 0x0080, 0x0600, 0x0180, 0x0000, 
    /* [588] '响' U+54CD */
    0x0100, 0x0200, 0xEFE0, 0xA820, 0xABA0, 0xAAA0, 0xAAA0, 0xEBA0, 
    0x0820, 0x0820, 0x0860, 0x0000,     /* [589] '噪' U+566A */
0x0780, 0xE480, 0xA780, 0xBDE0, 
    0xA520, 0xBDE0, 0xE200, 0x1FE0, 0x0A80, 0x1240, 0x2220, 0x0000, 
    /* [590] '回' U+56DE */
    0x7FE0, 0x4020, 0x4020, 0x4F20, 0x4920, 0x4920, 0x4F20, 0x4920, 
    0x4020, 0x7FE0, 0x4020, 0x0000,     /* [591] '型' U+578B */
0x7E40, 0x2940, 0x2940, 0xFF40, 
    0x2940, 0x2840, 0x4CC0, 0x0400, 0x3F80, 0x0400, 0xFFE0, 0x0000, 
    /* [592] '复' U+590D */
    0x2000, 0x3FE0, 0x6080, 0xBF80, 0x2080, 0x3F80, 0x1000, 0x3F80, 
    0xC900, 0x0600, 0xF9E0, 0x0000,     /* [593] '它' U+5B83 */
0x0400, 0x7FE0, 0x4020, 0x9040, 
    0x1000, 0x1380, 0x1C00, 0x1000, 0x1020, 0x1020, 0x0FE0, 0x0000, 
    /* [594] '完' U+5B8C */
    0x0400, 0x7FE0, 0x4020, 0x9F40, 0x0000, 0x7FE0, 0x0A00, 0x1200, 
    0x1220, 0x2220, 0x41E0, 0x0000,     /* [595] '定' U+5B9A */
0x0400, 0x7FE0, 0x4020, 0x8040, 
    0x3FC0, 0x0400, 0x2400, 0x2780, 0x2400, 0x5400, 0x8FE0, 0x0000, 
    /* [596] '导' U+5BFC */
    0x3F80, 0x2080, 0x3FA0, 0x2020, 0x1FE0, 0x0100, 0xFFE0, 0x1100, 
    0x0900, 0x0900, 0x0300, 0x0000,     /* [597] '尾' U+5C3E */
0x3FC0, 0x2040, 0x3FC0, 0x2180, 
    0x3E00, 0x23C0, 0x3E00, 0x23C0, 0x3E20, 0x4220, 0x83E0, 0x0000, 
    /* [598] '差' U+5DEE */
    0x1080, 0x0900, 0xFFE0, 0x0400, 0x7FC0, 0x0800, 0xFFE0, 0x1000, 
    0x2F80, 0x4200, 0xBFE0, 0x0000,     /* [599] '带' U+5E26 */
0x2480, 0xFFE0, 0x2480, 0x2480, 
    0xFFE0, 0x8420, 0xBFA0, 0x2480, 0x2480, 0x2580, 0x0400, 0x0000, 
    /* [600] '度' U+5EA6 */
    0x0400, 0x7FE0, 0x4900, 0x7FC0, 0x4900, 0x4F00, 0x4000, 0x5F80, 
    0x4900, 0x8600, 0xB9C0, 0x0000,     /* [601] '式' U+5F0F */
0x0280, 0x0240, 0x0200, 0xFFE0, 
    0x0200, 0x7A00, 0x1200, 0x1100, 0x1120, 0x18A0, 0xE060, 0x0000, 
    /* [602] '待' U+5F85 */
    0x1100, 0x2100, 0x47C0, 0x9100, 0x1FE0, 0x2080, 0x6FE0, 0xA480, 
    0x2280, 0x2080, 0x2180, 0x0000,     /* [603] '忙' U+5FD9 */
0x2200, 0x2100, 0x2000, 0xAFE0, 
    0xB400, 0xAC00, 0xA400, 0x2400, 0x2400, 0x2400, 0x27E0, 0x0000, 
    /* [604] '念' U+5FF5 */
    0x0400, 0x0A00, 0x1500, 0x22E0, 0xDF80, 0x0100, 0x0200, 0x1440, 
    0x5220, 0x50A0, 0x8F80, 0x0000,     /* [605] '恢' U+6062 */
0x2200, 0x2FE0, 0xB200, 0xAA80, 
    0xA480, 0xA5A0, 0x2AC0, 0x3080, 0x2140, 0x2240, 0x2420, 0x0000, 
    /* [606] '息' U+606F */
    0x0800, 0x3F80, 0x2080, 0x3F80, 0x2080, 0x3F80, 0x2080, 0x3F80, 
    0x5440, 0x52A0, 0x8F80, 0x0000,     /* [607] '户' U+6237 */
0x0400, 0x0200, 0x3FC0, 0x2040, 
    0x2040, 0x3FC0, 0x2000, 0x2000, 0x2000, 0x4000, 0x8000, 0x0000, 
    /* [608] '手' U+624B */
    0x03C0, 0x7C00, 0x0400, 0x7FC0, 0x0400, 0x0400, 0xFFE0, 0x0400, 
    0x0400, 0x0400, 0x0C00, 0x0000,     /* [609] '打' U+6253 */
0x2000, 0x27E0, 0xF880, 0x2080, 
    0x2880, 0x3080, 0x6080, 0xA080, 0x2080, 0x2080, 0xE380, 0x0000, 
    /* [610] '扫' U+626B */
    0x2000, 0x27E0, 0xF820, 0x2020, 0x2820, 0x33E0, 0x6020, 0xA020, 
    0x2020, 0x27E0, 0xE000, 0x0000,     /* [611] '描' U+63CF */
0x2280, 0x2FE0, 0xF280, 0x2000, 
    0x27E0, 0x3520, 0x6520, 0xA7E0, 0x2520, 0x27E0, 0xE420, 0x0000, 
    /* [612] '持' U+6301 */
    0x2100, 0x27C0, 0xF900, 0x2100, 0x2FE0, 0x3080, 0x6FE0, 0xA480, 
    0x2280, 0x2080, 0xE180, 0x0000,     /* [613] '按' U+6309 */
0x2100, 0x2080, 0xFFE0, 0x2520, 
    0x2900, 0x37E0, 0x6240, 0xA640, 0x2180, 0x2280, 0xEC60, 0x0000, 
    /* [614] '控' U+63A7 */
    0x2100, 0x2FE0, 0xF820, 0x2280, 0x2440, 0x3820, 0x67C0, 0xA100, 
    0x2100, 0x2100, 0xEFE0, 0x0000,     /* [615] '拟' U+62DF */
0x2240, 0x2140, 0xFD40, 0x2440, 
    0x2C40, 0x3440, 0x6540, 0xA640, 0x24C0, 0x2120, 0xE620, 0x0000, 
    /* [616] '提' U+63D0 */
    0x27C0, 0x2440, 0xFFC0, 0x2440, 0x27C0, 0x3000, 0x6FE0, 0xA500, 
    0x25E0, 0x2B00, 0xF1E0, 0x0000,     /* [617] '文' U+6587 */
0x0800, 0x0400, 0xFFE0, 0x1100, 
    0x1100, 0x1100, 0x0A00, 0x0A00, 0x0400, 0x1B00, 0xE0E0, 0x0000, 
    /* [618] '最' U+6700 */
    0x3F80, 0x2080, 0x3F80, 0x2080, 0xFFE0, 0x4800, 0x7FC0, 0x4A40, 
    0x7980, 0xC980, 0x0E60, 0x0000,     /* [619] '条' U+6761 */
0x1000, 0x1F80, 0x2900, 0x4600, 
    0x0A00, 0x3580, 0xC460, 0x3F80, 0x1500, 0x2480, 0xDC40, 0x0000, 
    /* [620] '校' U+6821 */
    0x2200, 0x2100, 0x2FE0, 0xF000, 0x2280, 0x7440, 0x6AA0, 0xA280, 
    0x2100, 0x2280, 0x2C60, 0x0000,     /* [621] '模' U+6A21 */
0x2280, 0x2FE0, 0xF280, 0x27C0, 
    0x3440, 0x6FC0, 0x6440, 0xAFE0, 0x2100, 0x2280, 0x2C60, 0x0000, 
    /* [622] '止' U+6B62 */
    0x0200, 0x0200, 0x0200, 0x1200, 0x13C0, 0x1200, 0x1200, 0x1200, 
    0x1200, 0x1200, 0x7FE0, 0x0000,     /* [623] '步' U+6B65 */
0x0400, 0x27C0, 0x2400, 0x2400, 
    0xFFE0, 0x0400, 0x1440, 0x2480, 0x4100, 0x0600, 0xF800, 0x0000, 
    /* [624] '比' U+6BD4 */
    0x4200, 0x4200, 0x4240, 0x4280, 0x7B00, 0x4200, 0x4200, 0x4200, 
    0x5A20, 0x6220, 0x41E0, 0x0000,     /* [625] '版' U+7248 */
0x10C0, 0x5700, 0x5400, 0x7FE0, 
    0x4640, 0x4540, 0x7540, 0x5480, 0x5480, 0x9540, 0x9A20, 0x0000, 
    /* [626] '现' U+73B0 */
    0x07C0, 0xF440, 0x2540, 0x2540, 0xF540, 0x2540, 0x2540, 0x3280, 
    0xC2A0, 0x04A0, 0x18E0, 0x0000,     /* [627] '画' U+753B */
0xFFE0, 0x0000, 0x3F80, 0xA4A0, 
    0xA4A0, 0xBFA0, 0xA4A0, 0xA4A0, 0xBFA0, 0x8020, 0xFFE0, 0x0000, 
    /* [628] '益' U+76CA */
    0x2080, 0x1100, 0xFFE0, 0x1100, 0x2080, 0x4040, 0xBFA0, 0x2A80, 
    0x2A80, 0x2A80, 0xFFE0, 0x0000,     /* [629] '监' U+76D1 */
0x0A00, 0x4A00, 0x4BE0, 0x4A00, 
    0x4C80, 0x4840, 0x0800, 0x7FC0, 0x4A40, 0x4A40, 0xFFE0, 0x0000, 
    /* [630] '盘' U+76D8 */
    0x0400, 0x1F80, 0x1480, 0x1280, 0x7FE0, 0x1480, 0x2280, 0x3FC0, 
    0x2940, 0x2940, 0xFFE0, 0x0000,     /* [631] '直' U+76F4 */
0x0400, 0xFFE0, 0x0400, 0x3F80, 
    0x2080, 0x3F80, 0x2080, 0x3F80, 0x2080, 0x2080, 0xFFE0, 0x0000, 
    /* [632] '码' U+7801 */
    0x07C0, 0xF840, 0x2240, 0x2240, 0x7A40, 0xCFE0, 0x4820, 0x4FA0, 
    0x7820, 0x4920, 0x00C0, 0x0000,     /* [633] '禁' U+7981 */
0x2080, 0xFBE0, 0x2080, 0x71C0, 
    0xAAA0, 0x2080, 0x7FC0, 0x0000, 0xFFE0, 0x2480, 0xCC60, 0x0000, 
    /* [634] '称' U+79F0 */
    0x1A00, 0xE200, 0x27E0, 0xF920, 0x2100, 0x7540, 0x6540, 0xA920, 
    0x3120, 0x2100, 0x2300, 0x0000,     /* [635] '端' U+7AEF */
0x8100, 0x4520, 0xF7E0, 0x0000, 
    0xAFE0, 0xA100, 0xAFE0, 0x4AA0, 0x6AA0, 0x8AA0, 0x0860, 0x0000, 
    /* [636] '等' U+7B49 */
    0x4200, 0x7BE0, 0x9480, 0x7FC0, 0x0400, 0xFFE0, 0x0100, 0x7FC0, 
    0x1100, 0x0900, 0x0300, 0x0000,     /* [637] '简' U+7B80 */
0x4200, 0x7BE0, 0x9480, 0x27C0, 
    0x5040, 0x4F40, 0x4940, 0x4F40, 0x4940, 0x4F40, 0x40C0, 0x0000, 
    /* [638] '精' U+7CBE */
    0x2100, 0xAFE0, 0x7100, 0x27C0, 0xF100, 0x2FE0, 0x7440, 0x6FC0, 
    0xA440, 0x27C0, 0x2440, 0x0000,     /* [639] '系' U+7CFB */
0x01C0, 0x7E00, 0x0880, 0x3F00, 
    0x0400, 0x0880, 0x7FC0, 0x0440, 0x1500, 0x2480, 0x4C40, 0x0000, 
    /* [640] '繁' U+7E41 */
    0x2100, 0x7FE0, 0xD540, 0x7E80, 0x5540, 0x7A20, 0x1F00, 0x0880, 
    0x7F40, 0x2480, 0xCC60, 0x0000,     /* [641] '纪' U+7EAA */
0x2000, 0x27C0, 0x4040, 0xF040, 
    0x2040, 0x47C0, 0xF400, 0x0400, 0x3420, 0xC420, 0x03E0, 0x0000, 
    /* [642] '经' U+7ECF */
    0x27C0, 0x2080, 0x4900, 0x5280, 0xE440, 0x2820, 0x47C0, 0xF100, 
    0x0100, 0x3100, 0xCFE0, 0x0000,     /* [643] '统' U+7EDF */
0x2100, 0x2FE0, 0x4200, 0x5440, 
    0xEFE0, 0x22A0, 0x4280, 0xF280, 0x02A0, 0x34A0, 0xC8E0, 0x0000, 
    /* [644] '置' U+7F6E */
    0x7FC0, 0x4A40, 0x7FC0, 0x0400, 0xFFE0, 0x2080, 0x3F80, 0x2080, 
    0x3F80, 0x2080, 0xFFE0, 0x0000,     /* [645] '联' U+8054 */
0xFC40, 0x5280, 0x57E0, 0x7100, 
    0x5100, 0x7FE0, 0x5100, 0x5100, 0xFA80, 0x1440, 0x1820, 0x0000, 
    /* [646] '自' U+81EA */
    0x0800, 0x3F80, 0x2080, 0x2080, 0x3F80, 0x2080, 0x3F80, 0x2080, 
    0x2080, 0x3F80, 0x2080, 0x0000,     /* [647] '航' U+822A */
0x2100, 0x7880, 0x4FE0, 0x6800, 
    0x5B80, 0xFA80, 0x4A80, 0x6A80, 0x5AA0, 0x4AA0, 0x9CE0, 0x0000, 
    /* [648] '背' U+80CC */
    0x1240, 0xF380, 0x1220, 0x33E0, 0xC000, 0x3F80, 0x2080, 0x3F80, 
    0x2080, 0x3F80, 0x2080, 0x0000,     /* [649] '节' U+8282 */
0x1100, 0xFFE0, 0x1100, 0x0000, 
    0x7F80, 0x0880, 0x0880, 0x0880, 0x0B80, 0x0800, 0x0800, 0x0000, 
    /* [650] '英' U+82F1 */
    0x1100, 0xFFE0, 0x1100, 0x0400, 0x3F80, 0x2480, 0x2480, 0xFFE0, 
    0x0A00, 0x3180, 0xC060, 0x0000,     /* [651] '表' U+8868 */
0x0400, 0x7FC0, 0x0400, 0x3F80, 
    0x0400, 0xFFE0, 0x0A40, 0x1280, 0x3100, 0xD480, 0x1860, 0x0000, 
    /* [652] '视' U+89C6 */
    0x47C0, 0x2440, 0xF540, 0x1540, 0x2540, 0x7540, 0xA540, 0x2100, 
    0x2320, 0x2520, 0x28E0, 0x0000,     /* [653] '觉' U+89C9 */
0x2440, 0x1280, 0x7FE0, 0x4020, 
    0x9F80, 0x1080, 0x1480, 0x1480, 0x14A0, 0x0A20, 0x73E0, 0x0000, 
    /* [654] '解' U+89E3 */
    0x23E0, 0x7920, 0x5220, 0xFCC0, 0x5680, 0x7FE0, 0x5480, 0x7FE0, 
    0x5480, 0x5480, 0x8C80, 0x0000,     /* [655] '语' U+8BED */
0x4FE0, 0x2100, 0x07C0, 0xE240, 
    0x2240, 0x2FE0, 0x2000, 0x2FC0, 0x3440, 0x2440, 0x07C0, 0x0000, 
    /* [656] '言' U+8A00 */
    0x0800, 0x0400, 0xFFE0, 0x0000, 0x3F80, 0x0000, 0x3F80, 0x0000, 
    0x3F80, 0x2080, 0x3F80, 0x0000,     /* [657] '设' U+8BBE */
0x4780, 0x2480, 0x0480, 0x08E0, 
    0xE000, 0x2FC0, 0x2440, 0x2280, 0x3100, 0x2280, 0x1C60, 0x0000, 
    /* [658] '调' U+8C03 */
    0x4FE0, 0x2920, 0x0BA0, 0xE920, 0x2FE0, 0x2820, 0x2BA0, 0x2AA0, 
    0x3BA0, 0x2820, 0x10E0, 0x0000,     /* [659] '请' U+8BF7 */
0x4100, 0x2FE0, 0x2100, 0x07C0, 
    0xE100, 0x2FE0, 0x2440, 0x27C0, 0x2440, 0x37C0, 0x2440, 0x0000, 
    /* [660] '跨' U+8DE8 */
    0xF100, 0x9FE0, 0x9280, 0xF440, 0x2BA0, 0xB000, 0xAFE0, 0xA200, 
    0xB7C0, 0xC040, 0x0180, 0x0000,     /* [661] '部' U+90E8 */
0x11E0, 0xFF20, 0x4520, 0x2940, 
    0xFF80, 0x0140, 0x7D20, 0x4520, 0x45A0, 0x7D40, 0x4500, 0x0000, 
    /* [662] '铃' U+94C3 */
    0x4100, 0x4180, 0x7A40, 0x8520, 0xF880, 0x2000, 0xFBE0, 0x2040, 
    0x2A80, 0x3100, 0x2080, 0x0000,     /* [663] '锁' U+9501 */
0x2920, 0x2540, 0x4100, 0x77C0, 
    0x8440, 0x7540, 0x2540, 0xF540, 0x2540, 0x3280, 0x2C60, 0x0000, 
    /* [664] '键' U+952E */
    0x5C80, 0x47E0, 0x68A0, 0x8BE0, 0xFCA0, 0x47E0, 0xE480, 0x57E0, 
    0x4880, 0x6C80, 0x53E0, 0x0000,     /* [665] '限' U+9650 */
0xF7C0, 0x9440, 0xA7C0, 0xC440, 
    0xA7C0, 0x9500, 0x9520, 0xD540, 0xA480, 0x8540, 0x8620, 0x0000, 
    /* [666] '除' U+9664 */
    0xF100, 0x9280, 0xA440, 0xCBA0, 0xA100, 0x9FE0, 0x9100, 0xE540, 
    0x8920, 0x9120, 0x8300, 0x0000,     /* [667] '静' U+9759 */
0x2100, 0xFDC0, 0x2280, 0x7BC0, 
    0x2140, 0xFFE0, 0x4940, 0x6BC0, 0x5900, 0x4900, 0x5B00, 0x0000, 
    /* [668] '页' U+9875 */
    0xFFE0, 0x0400, 0x3F80, 0x2080, 0x2480, 0x2480, 0x2480, 0x2680, 
    0x0900, 0x10C0, 0x6040, 0x0000,     /* [669] '魅' U+9B45 */
0x2080, 0xF880, 0xABE0, 0xF880, 
    0xABE0, 0xF880, 0x29C0, 0x36A0, 0x2C80, 0x50A0, 0x9FE0, 0x0000, 
    /* [670] '默' U+9ED8 */
    0xF900, 0xA980, 0xF940, 0xAFE0, 0xF900, 0x2100, 0xF900, 0x2280, 
    0xFA80, 0x5440, 0xA820, 0x0000,     /* [671] '字' U+5B57 */
0x0400, 0x7FE0, 0x4020, 0x9F40, 
    0x0200, 0x0400, 0xFFE0, 0x0400, 0x0400, 0x0400, 0x1C00, 0x0000, 
    /* [672] '数' U+6570 */
    0x9500, 0x5900, 0xFDE0, 0x3340, 0x5940, 0x9540, 0xFD40, 0x2940, 
    0x6880, 0x1140, 0xEE20, 0x0000,     /* [673] '方' U+65B9 */
0x0800, 0x0400, 0xFFE0, 0x0800, 
    0x0800, 0x0F80, 0x1080, 0x1080, 0x2080, 0x4080, 0x8700, 0x0000, 
    /* [674] '用' U+7528 */
    0x7FC0, 0x4440, 0x4440, 0x7FC0, 0x4440, 0x4440, 0x7FC0, 0x4440, 
    0x4440, 0x8440, 0x84C0, 0x0000,     /* [675] '省' U+7701 */
0x0400, 0x1480, 0x2560, 0x4620, 
    0x1F80, 0x3080, 0xDF80, 0x1080, 0x1F80, 0x1080, 0x1F80, 0x0000, 
    /* [676] '丘' U+4E18 */
    0x0180, 0x1E00, 0x1000, 0x1000, 0x1FC0, 0x1100, 0x1100, 0x1100, 
    0x1100, 0x1100, 0xFFE0, 0x0000,     /* [677] '丰' U+4E30 */
0x0400, 0x0400, 0x7FC0, 0x0400, 
    0x0400, 0x3F80, 0x0400, 0x0400, 0xFFE0, 0x0400, 0x0400, 0x0000, 
    /* [678] '丹' U+4E39 */
    0x1F80, 0x1080, 0x1480, 0x1280, 0x1080, 0xFFE0, 0x1080, 0x1080, 
    0x1080, 0x2080, 0x4380, 0x0000,     /* [679] '丽' U+4E3D */
0xFFE0, 0x0000, 0x7BC0, 0x4A40, 
    0x4A40, 0x6B40, 0x5AC0, 0x4A40, 0x4A40, 0x4A40, 0x5AC0, 0x0000, 
    /* [680] '之' U+4E4B */
    0x0800, 0x0400, 0x7FC0, 0x0080, 0x0100, 0x0200, 0x0400, 0x0800, 
    0x3000, 0x4800, 0x87E0, 0x0000,     /* [681] '乌' U+4E4C */
0x0400, 0x1F80, 0x1080, 0x1080, 
    0x1180, 0x1000, 0x1FE0, 0x0020, 0xFF20, 0x0020, 0x00C0, 0x0000, 
    /* [682] '乡' U+4E61 */
    0x0400, 0x0800, 0x1100, 0x3E00, 0x0440, 0x0880, 0x3F80, 0x0100, 
    0x0200, 0x0C00, 0x7000, 0x0000,     /* [683] '乾' U+4E7E */
0x2100, 0xFD00, 0x21E0, 0xFA00, 
    0x8BC0, 0xF840, 0x8880, 0xF900, 0x2220, 0xFA20, 0x21E0, 0x0000, 
    /* [684] '互' U+4E92 */
    0xFFE0, 0x0800, 0x0800, 0x0F80, 0x1080, 0x1080, 0x1080, 0x3F00, 
    0x0100, 0x0100, 0xFFE0, 0x0000,     /* [685] '亓' U+4E93 */
0x3F80, 0x0000, 0x0000, 0x0000, 
    0xFFE0, 0x1100, 0x1100, 0x1100, 0x2100, 0x2100, 0x4100, 0x0000, 
    /* [686] '井' U+4E95 */
    0x0900, 0x0900, 0x7FE0, 0x0900, 0x0900, 0x0900, 0x7FE0, 0x1100, 
    0x1100, 0x2100, 0x4100, 0x0000,     /* [687] '交' U+4EA4 */
0x0400, 0xFFE0, 0x0000, 0x1100, 
    0x2080, 0x5140, 0x1100, 0x0A00, 0x0400, 0x1B00, 0x60E0, 0x0000, 
    /* [688] '亭' U+4EAD */
    0x0400, 0xFFE0, 0x2080, 0x3F80, 0x0000, 0xFFE0, 0x8020, 0xBFA0, 
    0x0400, 0x0400, 0x1C00, 0x0000,     /* [689] '亳' U+4EB3 */
0x0400, 0xFFE0, 0x2080, 0x3F80, 
    0x0000, 0xFFE0, 0x8320, 0x3C00, 0x07C0, 0x7C20, 0x03E0, 0x0000, 
    /* [690] '什' U+4EC0 */
    0x1100, 0x1100, 0x2100, 0x2100, 0x6FE0, 0xA100, 0x2100, 0x2100, 
    0x2100, 0x2100, 0x2100, 0x0000,     /* [691] '介' U+4ECB */
0x0400, 0x0A00, 0x1100, 0x2080, 
    0xD160, 0x1100, 0x1100, 0x1100, 0x2100, 0x2100, 0x4100, 0x0000, 
    /* [692] '仓' U+4ED3 */
    0x0400, 0x0600, 0x0900, 0x1080, 0x3F40, 0xD120, 0x1500, 0x1200, 
    0x1040, 0x1040, 0x0FC0, 0x0000,     /* [693] '仔' U+4ED4 */
0x1000, 0x17C0, 0x2080, 0x2100, 
    0x6100, 0xAFE0, 0x2100, 0x2100, 0x2100, 0x2100, 0x2700, 0x0000, 
    /* [694] '仙' U+4ED9 */
    0x1100, 0x1100, 0x2100, 0x2920, 0x6920, 0xA920, 0x2920, 0x2920, 
    0x2920, 0x2FE0, 0x2820, 0x0000,     /* [695] '令' U+4EE4 */
0x0400, 0x0400, 0x0A00, 0x1100, 
    0x2480, 0xC260, 0x3F80, 0x0100, 0x0A00, 0x0400, 0x0200, 0x0000, 
    /* [696] '任' U+4EFB */
    0x10C0, 0x1700, 0x2100, 0x2100, 0x6100, 0xAFE0, 0x2100, 0x2100, 
    0x2100, 0x2100, 0x27C0, 0x0000,     /* [697] '伊' U+4F0A */
0x1000, 0x17C0, 0x2240, 0x2240, 
    0x6FE0, 0xA240, 0x2240, 0x2FC0, 0x2200, 0x2400, 0x2800, 0x0000, 
    /* [698] '伍' U+4F0D */
    0x1000, 0x1FE0, 0x2200, 0x2200, 0x6200, 0xAFC0, 0x2240, 0x2440, 
    0x2440, 0x2440, 0x3FE0, 0x0000,     /* [699] '休' U+4F11 */
0x1100, 0x1100, 0x2100, 0x3FE0, 
    0x6100, 0xA380, 0x2380, 0x2540, 0x2920, 0x3100, 0x2100, 0x0000, 
    /* [700] '佳' U+4F73 */
    0x1100, 0x17C0, 0x2100, 0x2100, 0x6FE0, 0xA100, 0x2100, 0x27C0, 
    0x2100, 0x2100, 0x2FE0, 0x0000,     /* [701] '依' U+4F9D */
0x1200, 0x1100, 0x2FE0, 0x2100, 
    0x6320, 0xA540, 0x2C80, 0x3480, 0x2440, 0x2520, 0x2620, 0x0000, 
    /* [702] '俱' U+4FF1 */
    0x17C0, 0x1440, 0x27C0, 0x6440, 0xA7C0, 0x2440, 0x27C0, 0x2440, 
    0x3FE0, 0x2440, 0x2820, 0x0000,     /* [703] '偃' U+5043 */
0x2FE0, 0x2A40, 0x2BC0, 0x2A40, 
    0x6BC0, 0xA900, 0x2FE0, 0x2A40, 0x2980, 0x2A40, 0x2FE0, 0x0000, 
    /* [704] '傲' U+50B2 */
    0x2900, 0x3F00, 0x4900, 0x5FE0, 0xC940, 0x7F40, 0x4940, 0x5D40, 
    0x5480, 0x6540, 0x4A20, 0x0000,     /* [705] '元' U+5143 */
0x0000, 0x3FC0, 0x0000, 0x0000, 
    0x7FE0, 0x0900, 0x0900, 0x1100, 0x1120, 0x2120, 0x40E0, 0x0000, 
    /* [706] '兄' U+5144 */
    0x3F80, 0x2080, 0x2080, 0x2080, 0x3F80, 0x2A80, 0x0A00, 0x0A00, 
    0x1220, 0x2220, 0x41E0, 0x0000,     /* [707] '充' U+5145 */
0x0200, 0x7FE0, 0x0400, 0x0880, 
    0x3FC0, 0x0940, 0x0900, 0x0900, 0x1120, 0x1120, 0x60E0, 0x0000, 
    /* [708] '兆' U+5146 */
    0x0900, 0x4920, 0x2940, 0x2980, 0x0900, 0x19C0, 0x2920, 0x4900, 
    0x1120, 0x2120, 0x40E0, 0x0000,     /* [709] '兖' U+5156 */
0x0200, 0x7FE0, 0x1080, 0x2440, 
    0x4920, 0x1080, 0x1F40, 0x0900, 0x0920, 0x1120, 0x60E0, 0x0000, 
    /* [710] '公' U+516C */
    0x0100, 0x1100, 0x1080, 0x2080, 0x2440, 0x4420, 0x8800, 0x0900, 
    0x1080, 0x3FC0, 0x1040, 0x0000,     /* [711] '兴' U+5174 */
0x0840, 0x4440, 0x2480, 0x2080, 
    0x0100, 0xFFE0, 0x0000, 0x1100, 0x1080, 0x2040, 0x4040, 0x0000, 
    /* [712] '兵' U+5175 */
    0x0180, 0x3E00, 0x2000, 0x3FE0, 0x2100, 0x2100, 0x2100, 0xFFE0, 
    0x1100, 0x2080, 0xC060, 0x0000,     /* [713] '冈' U+5188 */
0x7FE0, 0x4020, 0x40A0, 0x48A0, 
    0x4520, 0x4220, 0x4520, 0x48A0, 0x50A0, 0x4020, 0x40E0, 0x0000, 
    /* [714] '冕' U+5195 */
    0x7FC0, 0x4040, 0x5F40, 0x4040, 0x5F40, 0x2200, 0x7F80, 0xA480, 
    0x3FA0, 0x0A20, 0xF1E0, 0x0000,     /* [715] '农' U+519C */
0x0400, 0x7FE0, 0x4420, 0x8C40, 
    0x1200, 0x1240, 0x3280, 0x5100, 0x9480, 0x1860, 0x1020, 0x0000, 
    /* [716] '冠' U+51A0 */
    0xFFE0, 0x8020, 0x80A0, 0x7880, 0x03E0, 0xFC80, 0x5280, 0x5080, 
    0x51A0, 0x5020, 0x8FE0, 0x0000,     /* [717] '冶' U+51B6 */
0x8100, 0x4200, 0x0440, 0x2FE0, 
    0x2020, 0x47C0, 0xC440, 0x4440, 0x4440, 0x47C0, 0x4440, 0x0000, 
    /* [718] '凌' U+51CC */
    0x8200, 0x4FC0, 0x4200, 0x3FE0, 0x2880, 0x5460, 0xC780, 0x4C80, 
    0x5300, 0x4480, 0x1860, 0x0000,     /* [719] '刊' U+520A */
0x7C20, 0x1120, 0x1120, 0x1120, 
    0xFF20, 0x1120, 0x1120, 0x1120, 0x1020, 0x1020, 0x10E0, 0x0000, 
    /* [720] '利' U+5229 */
    0x0C20, 0x70A0, 0x10A0, 0xFEA0, 0x10A0, 0x38A0, 0x34A0, 0x52A0, 
    0x9020, 0x1020, 0x10E0, 0x0000,     /* [721] '剑' U+5251 */
0x1820, 0x2420, 0x42A0, 0xBCA0, 
    0x00A0, 0x24A0, 0x94A0, 0x54A0, 0x4820, 0x1E20, 0xE060, 0x0000, 
    /* [722] '务' U+52A1 */
    0x1000, 0x1F80, 0x3100, 0x4A00, 0x0400, 0x1B00, 0xE4E0, 0x3F80, 
    0x0880, 0x1080, 0x6300, 0x0000,     /* [723] '劲' U+52B2 */
0xFD00, 0x0900, 0x17E0, 0x2920, 
    0x4520, 0x8120, 0x7920, 0x1120, 0x1220, 0x3A20, 0xC460, 0x0000, 
    /* [724] '劳' U+52B3 */
    0x0900, 0x7FE0, 0x0900, 0x7FE0, 0x4040, 0x0400, 0x3FC0, 0x0440, 
    0x0840, 0x1040, 0x6180, 0x0000,     /* [725] '勇' U+52C7 */
0x3FC0, 0x0900, 0x3FC0, 0x2440, 
    0x3FC0, 0x2440, 0x3FC0, 0x2440, 0x7FE0, 0x0820, 0x71C0, 0x0000, 
    /* [726] '勒' U+52D2 */
    0x5100, 0xF900, 0x5100, 0x77E0, 0x2120, 0xF920, 0xA920, 0xF920, 
    0x2220, 0xFA20, 0x2460, 0x0000,     /* [727] '化' U+5316 */
0x1200, 0x1200, 0x2240, 0x2280, 
    0x6300, 0xA200, 0x2600, 0x2A00, 0x2220, 0x2220, 0x21E0, 0x0000, 
    /* [728] '华' U+534E */
    0x1240, 0x2280, 0x6300, 0xAE20, 0x2220, 0x21E0, 0x0400, 0xFFE0, 
    0x0400, 0x0400, 0x0400, 0x0000,     /* [729] '博' U+535A */
0x4240, 0x5FE0, 0x4200, 0xEFC0, 
    0x4A40, 0x4FC0, 0x4A40, 0x7FE0, 0x4880, 0x4480, 0x4180, 0x0000, 
    /* [730] '卡' U+5361 */
    0x0800, 0x0F80, 0x0800, 0x0800, 0xFFE0, 0x0800, 0x0A00, 0x0900, 
    0x0880, 0x0800, 0x0800, 0x0000,     /* [731] '卫' U+536B */
0x0000, 0x7FC0, 0x0440, 0x0440, 
    0x0440, 0x0540, 0x0480, 0x0400, 0x0400, 0x0400, 0x7FE0, 0x0000, 
    /* [732] '原' U+539F */
    0x3FE0, 0x2200, 0x2FC0, 0x2840, 0x2FC0, 0x2840, 0x2FC0, 0x2200, 
    0x2A80, 0x5260, 0xA620, 0x0000,     /* [733] '及' U+53CA */
0x7F00, 0x1100, 0x1200, 0x1200, 
    0x17C0, 0x1040, 0x2880, 0x2500, 0x4200, 0x4580, 0x9860, 0x0000, 
    /* [734] '友' U+53CB */
    0x0800, 0x0800, 0xFFE0, 0x0800, 0x1F80, 0x1880, 0x2880, 0x2500, 
    0x4200, 0x8D80, 0x3060, 0x0000,     /* [735] '古' U+53E4 */
0x0400, 0x0400, 0xFFE0, 0x0400, 
    0x0400, 0x3F80, 0x2080, 0x2080, 0x2080, 0x3F80, 0x2080, 0x0000, 
    /* [736] '句' U+53E5 */
    0x1000, 0x3FE0, 0x2020, 0x4020, 0xBE20, 0x2220, 0x2220, 0x3E20, 
    0x2220, 0x0020, 0x00C0, 0x0000,     /* [737] '同' U+540C */
0xFFC0, 0x8040, 0xBF40, 0x8040, 
    0x9E40, 0x9240, 0x9240, 0x9E40, 0x9240, 0x8040, 0x80C0, 0x0000, 
    /* [738] '吾' U+543E */
    0x7FC0, 0x0400, 0x3F80, 0x0880, 0x0880, 0xFFE0, 0x0000, 0x3F80, 
    0x2080, 0x2080, 0x3F80, 0x0000,     /* [739] '咸' U+54B8 */
0x0140, 0x0120, 0x7FE0, 0x4100, 
    0x5D40, 0x4140, 0x5D80, 0x5480, 0x5DA0, 0x4260, 0x8C20, 0x0000, 
    /* [740] '哥' U+54E5 */
    0x7FE0, 0x0080, 0x3C80, 0x2480, 0x3C80, 0x7FE0, 0x0080, 0x3C80, 
    0x2480, 0x3C80, 0x0380, 0x0000,     /* [741] '商' U+5546 */
0x0400, 0xFFE0, 0x1100, 0x7FC0, 
    0x4A40, 0x5140, 0x7FC0, 0x5140, 0x5F40, 0x5140, 0x40C0, 0x0000, 
    /* [742] '喀' U+5580 */
    0x0100, 0xEFE0, 0xA820, 0xA7C0, 0xAC40, 0xA380, 0xA440, 0xEFE0, 
    0x0440, 0x07C0, 0x0440, 0x0000,     /* [743] '善' U+5584 */
0x1100, 0xFFE0, 0x0400, 0x7FC0, 
    0x0400, 0xFFE0, 0x1100, 0xFFE0, 0x2080, 0x2080, 0x3F80, 0x0000, 
    /* [744] '嘴' U+5634 */
    0x02A0, 0xEBC0, 0xAAA0, 0xBFE0, 0xA480, 0xAFE0, 0xF920, 0x0FE0, 
    0x0920, 0x0FE0, 0x1120, 0x0000,     /* [745] '团' U+56E2 */
0x7FE0, 0x4220, 0x4220, 0x7FA0, 
    0x4220, 0x4620, 0x4A20, 0x5220, 0x4620, 0x4020, 0x7FE0, 0x0000, 
    /* [746] '固' U+56FA */
    0x7FE0, 0x4420, 0x4420, 0x7FA0, 0x4420, 0x5F20, 0x5120, 0x5120, 
    0x5F20, 0x4020, 0x7FE0, 0x0000,     /* [747] '圆' U+5706 */
0xFFE0, 0x8020, 0x9F20, 0x9120, 
    0xBFA0, 0xA0A0, 0xA4A0, 0xA4A0, 0x8A20, 0x9120, 0xFFE0, 0x0000, 
    /* [748] '圈' U+5708 */
    0xFFE0, 0x9520, 0xBFA0, 0x8820, 0xBFA0, 0x9120, 0xBEE0, 0xD2A0, 
    0x9FA0, 0x8020, 0xFFE0, 0x0000,     /* [749] '土' U+571F */
0x0400, 0x0400, 0x0400, 0x0400, 
    0x7FC0, 0x0400, 0x0400, 0x0400, 0x0400, 0x0400, 0xFFE0, 0x0000, 
    /* [750] '圣' U+5723 */
    0x7FC0, 0x1080, 0x0900, 0x0600, 0x1980, 0xE460, 0x0400, 0x3F80, 
    0x0400, 0x0400, 0xFFE0, 0x0000,     /* [751] '圳' U+5733 */
0x2420, 0x2520, 0x2520, 0xFD20, 
    0x2520, 0x2520, 0x2520, 0x3D20, 0xC920, 0x1020, 0x2020, 0x0000, 
    /* [752] '坊' U+574A */
    0x2200, 0x2100, 0x27E0, 0xFA00, 0x23C0, 0x2240, 0x2240, 0x3A40, 
    0xC240, 0x0440, 0x1980, 0x0000,     /* [753] '坛' U+575B */
0x2000, 0x27C0, 0x2000, 0xF000, 
    0x2FE0, 0x2100, 0x2200, 0x3200, 0xC440, 0x1FE0, 0x0820, 0x0000, 
    /* [754] '坦' U+5766 */
    0x2000, 0x27C0, 0x2440, 0x2440, 0xFFC0, 0x2440, 0x2440, 0x27C0, 
    0x3800, 0xC000, 0x0FE0, 0x0000,     /* [755] '坻' U+577B */
0x2060, 0x2780, 0x2480, 0xFC80, 
    0x27E0, 0x2480, 0x2480, 0x3C80, 0xE540, 0x06A0, 0x00A0, 0x0000, 
    /* [756] '垣' U+57A3 */
    0x2FE0, 0x2000, 0x27C0, 0xF440, 0x2440, 0x27C0, 0x2440, 0x37C0, 
    0xC440, 0x0000, 0x0FE0, 0x0000,     /* [757] '垦' U+57A6 */
0x7F80, 0x4080, 0x7F80, 0x4080, 
    0x7FA0, 0x4940, 0xF080, 0x0460, 0x7FC0, 0x0400, 0xFFE0, 0x0000, 
    /* [758] '垫' U+57AB */
    0x2200, 0xFF80, 0x2280, 0x36A0, 0xE3A0, 0x2CE0, 0x6400, 0x0400, 
    0x3FC0, 0x0400, 0xFFE0, 0x0000,     /* [759] '垭' U+57AD */
0x2FE0, 0x2280, 0x2280, 0xF2A0, 
    0x2AA0, 0x26C0, 0x2280, 0x3280, 0xC280, 0x0280, 0x0FE0, 0x0000, 
    /* [760] '城' U+57CE */
    0x40C0, 0x40A0, 0x4FE0, 0xF880, 0x4EA0, 0x4AA0, 0x5AC0, 0x6A80, 
    0xD6A0, 0x1160, 0x2220, 0x0000,     /* [761] '埗' U+57D7 */
0x2100, 0x2500, 0x25C0, 0xF500, 
    0x2FE0, 0x2100, 0x2520, 0x3540, 0xC980, 0x0100, 0x0E00, 0x0000, 
    /* [762] '埠' U+57E0 */
    0x2200, 0x27C0, 0x2440, 0xF7C0, 0x2400, 0x27C0, 0x2440, 0x37C0, 
    0xC100, 0x0FE0, 0x0100, 0x0000,     /* [763] '基' U+57FA */
0x1100, 0x7FC0, 0x1100, 0x1D00, 
    0x1700, 0x1100, 0xFFE0, 0x2480, 0xDF60, 0x0400, 0xFFE0, 0x0000, 
    /* [764] '堂' U+5802 */
    0x2480, 0x1500, 0xFFE0, 0x8020, 0xBFA0, 0x2080, 0x3F80, 0x0400, 
    0x3FC0, 0x0400, 0xFFE0, 0x0000,     /* [765] '堡' U+5821 */
0x2FC0, 0x2840, 0x2FC0, 0x6200, 
    0xBFE0, 0x2A80, 0x3260, 0x0400, 0x7FC0, 0x0400, 0xFFE0, 0x0000, 
    /* [766] '堰' U+5830 */
    0x4FE0, 0x4A40, 0x4BC0, 0xFA40, 0x4BC0, 0x4900, 0x4FE0, 0x7A40, 
    0xC980, 0x0A40, 0x0FE0, 0x0000,     /* [767] '塔' U+5854 */
0x2440, 0x2FE0, 0x2540, 0xFA80, 
    0x2440, 0x2BA0, 0x2000, 0x3FC0, 0xE440, 0x07C0, 0x0440, 0x0000, 
    /* [768] '塘' U+5858 */
    0x4100, 0x4FE0, 0x4900, 0xFFC0, 0x4940, 0x4FE0, 0x7940, 0xCFC0, 
    0x0C40, 0x17C0, 0x2440, 0x0000,     /* [769] '塞' U+585E */
0x0400, 0xFFE0, 0x9120, 0x7FC0, 
    0x1100, 0xFFE0, 0x1100, 0x2480, 0x5F40, 0x0400, 0xFFE0, 0x0000, 
    /* [770] '墨' U+58A8 */
    0x7FC0, 0x5540, 0x7FC0, 0x0400, 0x3F80, 0x0400, 0xFFE0, 0x5540, 
    0xBFA0, 0x0400, 0xFFE0, 0x0000,     /* [771] '墩' U+58A9 */
0x4480, 0x5F80, 0x4AE0, 0xEFA0, 
    0x40A0, 0x5FA0, 0x42A0, 0x64A0, 0xDE40, 0x04A0, 0x0D20, 0x0000, 
    /* [772] '士' U+58EB */
    0x0400, 0x0400, 0x0400, 0x0400, 0xFFE0, 0x0400, 0x0400, 0x0400, 
    0x0400, 0x0400, 0x7FC0, 0x0000,     /* [773] '壶' U+58F6 */
0x0400, 0xFFE0, 0x0400, 0x7FC0, 
    0x0000, 0xFFE0, 0x8920, 0x2940, 0x1980, 0x0900, 0xFFE0, 0x0000, 
    /* [774] '备' U+5907 */
    0x1000, 0x1F80, 0x3100, 0x4E00, 0x0B00, 0x30E0, 0xFF80, 0x2480, 
    0x3F80, 0x2480, 0x3F80, 0x0000,     /* [775] '太' U+592A */
0x0400, 0x0400, 0x0400, 0xFFE0, 
    0x0400, 0x0A00, 0x0A00, 0x1100, 0x1900, 0x2480, 0xC460, 0x0000, 
    /* [776] '头' U+5934 */
    0x1200, 0x0A00, 0x2200, 0x1200, 0x0200, 0xFFE0, 0x0200, 0x0500, 
    0x0880, 0x1040, 0x6020, 0x0000,     /* [777] '夷' U+5937 */
0x0400, 0xFFE0, 0x0400, 0x7FC0, 
    0x0440, 0x7FC0, 0x4400, 0x7FE0, 0x0A20, 0x3180, 0xC060, 0x0000, 
    /* [778] '奇' U+5947 */
    0x0400, 0x7FC0, 0x0A00, 0x1100, 0xFFE0, 0x0080, 0x3E80, 0x2280, 
    0x3E80, 0x0080, 0x0180, 0x0000,     /* [779] '奉' U+5949 */
0x0400, 0x7FC0, 0x0800, 0x3F80, 
    0x1000, 0xFFE0, 0x2480, 0x5F40, 0x8420, 0x7FC0, 0x0400, 0x0000, 
    /* [780] '奎' U+594E */
    0x0800, 0x7FC0, 0x1100, 0x2480, 0xDF60, 0x0400, 0x7FC0, 0x0400, 
    0x3F80, 0x0400, 0x7FC0, 0x0000,     /* [781] '如' U+5982 */
0x2000, 0x2000, 0xFBE0, 0x2A20, 
    0x2A20, 0x4A20, 0x4A20, 0x3220, 0x33E0, 0x4A20, 0x8000, 0x0000, 
    /* [782] '姑' U+59D1 */
    0x2080, 0x2080, 0xFFE0, 0x2880, 0x2880, 0x4BE0, 0x5220, 0x3220, 
    0x2A20, 0x4BE0, 0x8220, 0x0000,     /* [783] '姚' U+59DA */
0x2280, 0x2280, 0xFAA0, 0x56C0, 
    0x5280, 0x52C0, 0x96A0, 0x6A80, 0x22A0, 0x54A0, 0x8860, 0x0000, 
    /* [784] '姜' U+59DC */
    0x1100, 0xFFE0, 0x0400, 0x7FC0, 0x0400, 0xFFE0, 0x0800, 0xFFE0, 
    0x1100, 0x0E00, 0xF1E0, 0x0000,     /* [785] '娄' U+5A04 */
0x2480, 0x1500, 0xFFE0, 0x1500, 
    0x2480, 0xC460, 0x0800, 0xFFE0, 0x1100, 0x0F00, 0xF8E0, 0x0000, 
    /* [786] '嫂' U+5AC2 */
    0x4100, 0x4DE0, 0xF920, 0xAF60, 0xA920, 0xAFE0, 0xA100, 0x6FC0, 
    0x3480, 0x4300, 0x9CE0, 0x0000,     /* [787] '孔' U+5B54 */
0x7D00, 0x0500, 0x0900, 0x1100, 
    0x1100, 0x1D00, 0xF100, 0x1120, 0x1120, 0x1120, 0x70E0, 0x0000, 
    /* [788] '孝' U+5B5D */
    0x0420, 0x3FC0, 0x0500, 0xFFE0, 0x0400, 0x1F80, 0x6100, 0x8200, 
    0x7FE0, 0x0200, 0x0600, 0x0000,     /* [789] '孟' U+5B5F */
0x3FC0, 0x0100, 0x0200, 0x7FE0, 
    0x0200, 0x0A00, 0x0400, 0x3FC0, 0x2940, 0x2940, 0x7FE0, 0x0000, 
    /* [790] '学' U+5B66 */
    0x2440, 0x1280, 0x7FE0, 0x4020, 0x1F80, 0x0100, 0x0200, 0x7FE0, 
    0x0200, 0x0200, 0x0E00, 0x0000,     /* [791] '宏' U+5B8F */
0x0400, 0x7FE0, 0x4420, 0x8440, 
    0x7FE0, 0x0800, 0x0A00, 0x1200, 0x2480, 0x4860, 0x1FA0, 0x0000, 
    /* [792] '宜' U+5B9C */
    0x0400, 0x7FE0, 0x4020, 0x9FC0, 0x1080, 0x1F80, 0x1080, 0x1F80, 
    0x1080, 0x1080, 0x7FE0, 0x0000,     /* [793] '宝' U+5B9D */
0x0800, 0x0400, 0xFFE0, 0x8020, 
    0x3F80, 0x0400, 0x0400, 0x3F80, 0x0500, 0x0480, 0xFFE0, 0x0000, 
    /* [794] '实' U+5B9E */
    0x0200, 0x7FE0, 0x5020, 0x8A40, 0x2200, 0x1200, 0x7FE0, 0x0200, 
    0x0500, 0x0880, 0x7060, 0x0000,     /* [795] '审' U+5BA1 */
0x0400, 0xFFE0, 0x8420, 0x7FC0, 
    0x4440, 0x7FC0, 0x4440, 0x7FC0, 0x4440, 0x0400, 0x0400, 0x0000, 
    /* [796] '宣' U+5BA3 */
    0x0400, 0xFFE0, 0x8020, 0x3F80, 0x0000, 0x3F80, 0x2080, 0x3F80, 
    0x2080, 0x3F80, 0xFFE0, 0x0000,     /* [797] '宫' U+5BAB */
0x0400, 0x7FE0, 0x4020, 0x1F80, 
    0x1080, 0x1F80, 0x0000, 0x3FC0, 0x2040, 0x3FC0, 0x2040, 0x0000, 
    /* [798] '家' U+5BB6 */
    0x0400, 0xFFE0, 0x8020, 0xBFA0, 0x1440, 0x2A80, 0x1300, 0x6E80, 
    0x1240, 0x6220, 0x0C00, 0x0000,     /* [799] '容' U+5BB9 */
0x0400, 0xFFE0, 0x9120, 0x2480, 
    0x4A40, 0x1100, 0x2080, 0xDF60, 0x1100, 0x1100, 0x1F00, 0x0000, 
    /* [800] '宾' U+5BBE */
    0x0400, 0xFFE0, 0x80A0, 0x9F20, 0x1000, 0x1FC0, 0x1100, 0x1100, 
    0xFFE0, 0x1100, 0xE0E0, 0x0000,     /* [801] '宿' U+5BBF */
0x0400, 0xFFE0, 0x9020, 0x1FC0, 
    0x2100, 0x67C0, 0xA440, 0x27C0, 0x2440, 0x27C0, 0x2440, 0x0000, 
    /* [802] '富' U+5BCC */
    0x0400, 0xFFE0, 0x8020, 0x3F80, 0x1F00, 0x1100, 0x7FC0, 0x4440, 
    0x7FC0, 0x4440, 0x7FC0, 0x0000,     /* [803] '寨' U+5BE8 */
0x0400, 0xFFE0, 0x9120, 0x3F80, 
    0x1100, 0xFFE0, 0x2480, 0x5F40, 0x8420, 0x2480, 0x4C40, 0x0000, 
    /* [804] '寮' U+5BEE */
    0x0400, 0xFFE0, 0x8420, 0xFFE0, 0x5240, 0x3F80, 0xE0E0, 0x3F80, 
    0x1500, 0x2480, 0xCC60, 0x0000,     /* [805] '寺' U+5BFA */
0x0400, 0x7FC0, 0x0400, 0x0400, 
    0xFFE0, 0x0100, 0xFFE0, 0x2100, 0x1100, 0x0500, 0x0200, 0x0000, 
    /* [806] '寿' U+5BFF */
    0x0400, 0x7FE0, 0x0400, 0x3FC0, 0x0800, 0xFFE0, 0x1080, 0x3FE0, 
    0x4880, 0x0480, 0x0180, 0x0000,     /* [807] '封' U+5C01 */
0x1040, 0x7C40, 0x1040, 0x13E0, 
    0xFC40, 0x1240, 0x7D40, 0x1040, 0x1040, 0x1C40, 0xE1C0, 0x0000, 
    /* [808] '尉' U+5C09 */
    0x7E40, 0x4240, 0x7E40, 0x41E0, 0x5C40, 0x4140, 0x7EC0, 0x4840, 
    0x5C40, 0xEA40, 0x99C0, 0x0000,     /* [809] '尔' U+5C14 */
0x1000, 0x1FE0, 0x2020, 0x4240, 
    0x0200, 0x1280, 0x1240, 0x2240, 0x2220, 0x4220, 0x0E00, 0x0000, 
    /* [810] '尖' U+5C16 */
    0x0400, 0x1500, 0x2480, 0x4440, 0x8020, 0x0400, 0xFFE0, 0x0400, 
    0x0A00, 0x3180, 0xC060, 0x0000,     /* [811] '尚' U+5C1A */
0x4440, 0x2480, 0x1500, 0xFFE0, 
    0x8020, 0x9F20, 0x9120, 0x9120, 0x9F20, 0x8020, 0x80E0, 0x0000, 
    /* [812] '尤' U+5C24 */
    0x0900, 0x0880, 0x0800, 0xFFE0, 0x0A00, 0x0A00, 0x1200, 0x1200, 
    0x2220, 0x4220, 0x81E0, 0x0000,     /* [813] '尧' U+5C27 */
0x13C0, 0xFD00, 0x0A40, 0x0C40, 
    0x73C0, 0x0000, 0xFFE0, 0x1200, 0x1220, 0x2220, 0xC1E0, 0x0000, 
    /* [814] '居' U+5C45 */
    0x3FC0, 0x2040, 0x3FC0, 0x2200, 0x3FE0, 0x2200, 0x2FC0, 0x2840, 
    0x2840, 0x4FC0, 0x8840, 0x0000,     /* [815] '展' U+5C55 */
0x7FC0, 0x4040, 0x7FC0, 0x4900, 
    0x7FC0, 0x4900, 0x7FE0, 0x5240, 0x5180, 0x9480, 0x9860, 0x0000, 
    /* [816] '屯' U+5C6F */
    0x0400, 0x0400, 0xFFE0, 0x0400, 0x2480, 0x2480, 0x2480, 0x3F80, 
    0x0420, 0x0420, 0x03E0, 0x0000,     /* [817] '屿' U+5C7F */
0x0200, 0x2200, 0x23E0, 0xAA00, 
    0xAA00, 0xABE0, 0xA820, 0xAFA0, 0xB820, 0xC020, 0x00C0, 0x0000, 
    /* [818] '岑' U+5C91 */
    0x4440, 0x4440, 0x7FC0, 0x0400, 0x0A00, 0x3580, 0xC260, 0x1F80, 
    0x0100, 0x0200, 0x0400, 0x0000,     /* [819] '岗' U+5C97 */
0x4440, 0x4440, 0x7FC0, 0x0000, 
    0x7FC0, 0x5140, 0x4A40, 0x4640, 0x4940, 0x5040, 0x40C0, 0x0000, 
    /* [820] '岩' U+5CA9 */
    0x4420, 0x4420, 0x7FE0, 0x0000, 0x7FE0, 0x0800, 0x1FC0, 0x3040, 
    0x5040, 0x1FC0, 0x1040, 0x0000,     /* [821] '岳' U+5CB3 */
0x0180, 0x3E00, 0x2000, 0x3FC0, 
    0x2200, 0x2200, 0xFFE0, 0x0400, 0x4440, 0x4440, 0x7FC0, 0x0000, 
    /* [822] '岸' U+5CB8 */
    0x4440, 0x4440, 0x7FC0, 0x0000, 0x7FE0, 0x4000, 0x5FC0, 0x4200, 
    0x7FE0, 0x4200, 0x8200, 0x0000,     /* [823] '峙' U+5CD9 */
0x2100, 0x27C0, 0x2100, 0xA900, 
    0xAFE0, 0xA840, 0xAFE0, 0xAA40, 0xF940, 0x8840, 0x01C0, 0x0000, 
    /* [824] '峡' U+5CE1 */
    0x2100, 0x2100, 0xAFE0, 0xAD20, 0xAB40, 0xA900, 0xAFE0, 0xF900, 
    0x8A80, 0x0440, 0x0820, 0x0000,     /* [825] '峪' U+5CEA */
0x2240, 0x2420, 0xA980, 0xAA40, 
    0xAC20, 0xA800, 0xABC0, 0xFA40, 0x8A40, 0x03C0, 0x0240, 0x0000, 
    /* [826] '崂' U+5D02 */
    0x2240, 0x27E0, 0x2240, 0xAFE0, 0xAD20, 0xA900, 0xAFE0, 0xA920, 
    0xF920, 0x8A20, 0x04C0, 0x0000,     /* [827] '崇' U+5D07 */
0x4440, 0x7FC0, 0x0400, 0xFFE0, 
    0x8020, 0x3F80, 0x0000, 0xFFE0, 0x2480, 0x5440, 0x8820, 0x0000, 
    /* [828] '崎' U+5D0E */
    0x2100, 0x27E0, 0xAA80, 0xAC40, 0xAFE0, 0xA840, 0xAF40, 0xFD40, 
    0x8F40, 0x0040, 0x00C0, 0x0000,     /* [829] '崖' U+5D16 */
0x2220, 0x2220, 0x3FE0, 0x2200, 
    0x2F80, 0x2200, 0x3FE0, 0x2200, 0x2FC0, 0x4200, 0xBFE0, 0x0000, 
    /* [830] '嵊' U+5D4A */
    0x20C0, 0x2700, 0xA900, 0xAFE0, 0xA940, 0xAF60, 0xA940, 0xFF60, 
    0x8B80, 0x0540, 0x0920, 0x0000,     /* [831] '嵩' U+5D69 */
0x4220, 0x7FE0, 0x0200, 0x7FE0, 
    0x1080, 0x1F80, 0x0000, 0x7FE0, 0x4920, 0x4F20, 0x4060, 0x0000, 
    /* [832] '巢' U+5DE2 */
    0x1240, 0x2480, 0x1240, 0x3FC0, 0x2440, 0x3FC0, 0x2440, 0x7FE0, 
    0x0400, 0x3580, 0xC460, 0x0000,     /* [833] '巨' U+5DE8 */
0x7FC0, 0x4000, 0x4000, 0x7F80, 
    0x4080, 0x4080, 0x7F80, 0x4000, 0x4000, 0x4000, 0x7FE0, 0x0000, 
    /* [834] '巩' U+5DE9 */
    0x0780, 0xFC80, 0x2480, 0x2480, 0x2680, 0x2580, 0x2480, 0x3480, 
    0xC4A0, 0x08A0, 0x3060, 0x0000,     /* [835] '巴' U+5DF4 */
0x0000, 0x7FC0, 0x4440, 0x4440, 
    0x4440, 0x7FC0, 0x4000, 0x4000, 0x4020, 0x4020, 0x3FE0, 0x0000, 
    /* [836] '市' U+5E02 */
    0x0400, 0x0400, 0xFFE0, 0x0400, 0x3FC0, 0x2440, 0x2440, 0x2440, 
    0x2540, 0x2480, 0x0400, 0x0000,     /* [837] '师' U+5E08 */
0x2FE0, 0xA100, 0xA100, 0xAFE0, 
    0xA920, 0xA920, 0xA920, 0x2920, 0x2960, 0x4100, 0x8100, 0x0000, 
    /* [838] '帕' U+5E15 */
    0x2080, 0x2100, 0xFBE0, 0xAA20, 0xAA20, 0xABE0, 0xAA20, 0xBA20, 
    0x2220, 0x23E0, 0x2220, 0x0000,     /* [839] '帮' U+5E2E */
0x1000, 0x7DE0, 0x1120, 0x7D40, 
    0x1120, 0xFDE0, 0x2500, 0x7FC0, 0x2440, 0x24C0, 0x0400, 0x0000, 
    /* [840] '帽' U+5E3D */
    0x27E0, 0x2420, 0xFDA0, 0xAC20, 0xABC0, 0xAA40, 0xABC0, 0xBA40, 
    0x23C0, 0x2240, 0x23C0, 0x0000,     /* [841] '幸' U+5E78 */
0x0400, 0x7FC0, 0x0400, 0xFFE0, 
    0x1100, 0x0A00, 0x7FC0, 0x0400, 0xFFE0, 0x0400, 0x0400, 0x0000, 
    /* [842] '庄' U+5E84 */
    0x0200, 0x3FE0, 0x2000, 0x2200, 0x2200, 0x2FC0, 0x2200, 0x2200, 
    0x2200, 0x4200, 0x9FE0, 0x0000,     /* [843] '庆' U+5E86 */
0x0400, 0x3FE0, 0x2200, 0x2200, 
    0x3FE0, 0x2200, 0x2200, 0x2500, 0x4480, 0x4840, 0x9020, 0x0000, 
    /* [844] '庐' U+5E90 */
    0x0200, 0x3FE0, 0x2100, 0x2FC0, 0x2840, 0x2840, 0x2FC0, 0x2800, 
    0x4800, 0x5000, 0xA000, 0x0000,     /* [845] '库' U+5E93 */
0x0200, 0x3FE0, 0x2200, 0x3FE0, 
    0x2400, 0x2900, 0x2FC0, 0x2100, 0x3FE0, 0x4100, 0x8100, 0x0000, 
    /* [846] '店' U+5E97 */
    0x0200, 0x3FE0, 0x2000, 0x2200, 0x23C0, 0x2200, 0x2FC0, 0x2840, 
    0x2840, 0x4FC0, 0x8840, 0x0000,     /* [847] '庙' U+5E99 */
0x0200, 0x7FE0, 0x4000, 0x4200, 
    0x5FC0, 0x5240, 0x5FC0, 0x5240, 0x5240, 0x9FC0, 0x9040, 0x0000, 
    /* [848] '府' U+5E9C */
    0x0200, 0x7FE0, 0x4440, 0x4840, 0x4BE0, 0x5840, 0x6A40, 0x4940, 
    0x4840, 0x8940, 0x8880, 0x0000,     /* [849] '康' U+5EB7 */
0x0200, 0x7FE0, 0x4200, 0x5FC0, 
    0x4240, 0x7FE0, 0x4240, 0x5FC0, 0x5240, 0x8A80, 0xB660, 0x0000, 
    /* [850] '延' U+5EF6 */
    0xF060, 0x1780, 0x2080, 0x4080, 0xF4E0, 0x1480, 0x9480, 0x5480, 
    0x27E0, 0x5000, 0x8FE0, 0x0000,     /* [851] '建' U+5EFA */
0x0200, 0xEFC0, 0x2240, 0x5FE0, 
    0xE240, 0x2FC0, 0xA200, 0x6FE0, 0x2200, 0x5200, 0x8FE0, 0x0000, 
    /* [852] '弓' U+5F13 */
    0x7FC0, 0x0040, 0x1FC0, 0x1000, 0x2000, 0x3FC0, 0x0040, 0x0040, 
    0x0040, 0x0280, 0x0100, 0x0000,     /* [853] '弟' U+5F1F */
0x1100, 0x0A00, 0x7FC0, 0x0440, 
    0x3FC0, 0x4400, 0x7FE0, 0x1420, 0x24A0, 0xC440, 0x0400, 0x0000, 
    /* [854] '当' U+5F53 */
    0x0400, 0x4440, 0x2480, 0x1500, 0x7FC0, 0x0040, 0x0040, 0x3FC0, 
    0x0040, 0x0040, 0x7FC0, 0x0000,     /* [855] '征' U+5F81 */
0x2000, 0x2FE0, 0x4100, 0x9100, 
    0x2100, 0x65E0, 0xA500, 0x2500, 0x2500, 0x2500, 0x3FE0, 0x0000, 
    /* [856] '徒' U+5F92 */
    0x1100, 0x2100, 0x47C0, 0x9100, 0x2FE0, 0x6100, 0xA500, 0x25E0, 
    0x2500, 0x2B00, 0x30E0, 0x0000,     /* [857] '微' U+5FAE */
0x2A80, 0x6A80, 0xBE80, 0x01E0, 
    0x5D40, 0xC340, 0x5D40, 0x5480, 0x5680, 0x5540, 0x6220, 0x0000, 
    /* [858] '徽' U+5FBD */
    0x2A80, 0x7E80, 0x80E0, 0x3FA0, 0x48A0, 0xDCA0, 0x4AA0, 0x7F40, 
    0x5C40, 0x6AA0, 0x5920, 0x0000,     /* [859] '志' U+5FD7 */
0x0400, 0x0400, 0xFFE0, 0x0400, 
    0x0400, 0x7FC0, 0x0400, 0x1240, 0x52A0, 0x50A0, 0x8F80, 0x0000, 
    /* [860] '忠' U+5FE0 */
    0x0400, 0x7FC0, 0x4440, 0x4440, 0x7FC0, 0x0400, 0x0400, 0x1240, 
    0x50A0, 0x50A0, 0x8F80, 0x0000,     /* [861] '忻' U+5FFB */
0x20C0, 0x2700, 0x2400, 0xB400, 
    0xAFE0, 0xA480, 0x2480, 0x2480, 0x2480, 0x2880, 0x3080, 0x0000, 
    /* [862] '怀' U+6000 */
    0x2FE0, 0x2080, 0xA100, 0xB180, 0xAB40, 0xA520, 0x2920, 0x2100, 
    0x2100, 0x2100, 0x2100, 0x0000,     /* [863] '恩' U+6069 */
0x7FC0, 0x4440, 0x7FC0, 0x4440, 
    0x4A40, 0x5140, 0x7FC0, 0x0400, 0x6240, 0xA0A0, 0x9FA0, 0x0000, 
    /* [864] '悟' U+609F */
    0x2FE0, 0x2100, 0xB7C0, 0xA240, 0xA240, 0xAFE0, 0x2000, 0x27C0, 
    0x2440, 0x27C0, 0x2440, 0x0000,     /* [865] '悦' U+60A6 */
0x2440, 0x2280, 0x2000, 0xB7C0, 
    0xAC40, 0xA440, 0x27C0, 0x2280, 0x22A0, 0x24A0, 0x28E0, 0x0000, 
    /* [866] '感' U+611F */
    0x0140, 0x7FE0, 0x4100, 0x7F40, 0x5D40, 0x5280, 0x9DA0, 0x8260, 
    0x2440, 0xA2A0, 0x9F80, 0x0000,     /* [867] '慈' U+6148 */
0x1100, 0xFFE0, 0x2940, 0x7B80, 
    0x1080, 0x2940, 0x7FE0, 0x0400, 0x5240, 0x50A0, 0x8F80, 0x0000, 
    /* [868] '扎' U+624E */
    0x2200, 0x2200, 0xFA00, 0x2200, 0x2A00, 0x3200, 0x6200, 0xA200, 
    0x2220, 0x2220, 0xE1E0, 0x0000,     /* [869] '托' U+6258 */
0x20C0, 0x2700, 0xF900, 0x2100, 
    0x29E0, 0x3700, 0x6100, 0xA100, 0x2120, 0x2120, 0xE0E0, 0x0000, 
    /* [870] '扬' U+626C */
    0x27C0, 0x2080, 0xF900, 0x2200, 0x2FE0, 0x32A0, 0x62A0, 0xA520, 
    0x2920, 0x2220, 0xE4C0, 0x0000,     /* [871] '扶' U+6276 */
0x2100, 0x2100, 0xF7C0, 0x2100, 
    0x2100, 0x3FE0, 0x6100, 0xA280, 0x2280, 0x2440, 0xF820, 0x0000, 
    /* [872] '承' U+627F */
    0x3F00, 0x0200, 0x0420, 0xFFC0, 0x2480, 0x3F80, 0x2440, 0x7FC0, 
    0x4420, 0x8420, 0x1C00, 0x0000,     /* [873] '技' U+6280 */
0x2100, 0x2100, 0xFFE0, 0x2100, 
    0x2FC0, 0x3440, 0x6440, 0xA280, 0x2100, 0x2280, 0xEC60, 0x0000, 
    /* [874] '抚' U+629A */
    0x27C0, 0x2100, 0xF900, 0x2100, 0x2FE0, 0x3280, 0x6280, 0xA280, 
    0x24A0, 0x28A0, 0xF060, 0x0000,     /* [875] '抢' U+62A2 */
0x2100, 0x2280, 0xF440, 0x2820, 
    0x2780, 0x3480, 0x6480, 0xA580, 0x2420, 0x2420, 0xE3E0, 0x0000, 
    /* [876] '拉' U+62C9 */
    0x2200, 0x2100, 0xFFE0, 0x2000, 0x2040, 0x3440, 0x6240, 0xA280, 
    0x2080, 0x2100, 0xEFE0, 0x0000,     /* [877] '拍' U+62CD */
0x2080, 0x2100, 0xFBE0, 0x2220, 
    0x2A20, 0x33E0, 0x6220, 0xA220, 0x2220, 0x23E0, 0xE220, 0x0000, 
    /* [878] '拔' U+62D4 */
    0x2280, 0x2240, 0xFFE0, 0x2200, 0x2BC0, 0x3240, 0x6540, 0xA480, 
    0x2880, 0x2940, 0xE620, 0x0000,     /* [879] '招' U+62DB */
0x27E0, 0x2120, 0xF920, 0x2120, 
    0x2A60, 0x3400, 0x63E0, 0xA220, 0x2220, 0x23E0, 0xE220, 0x0000, 
    /* [880] '括' U+62EC */
    0x20C0, 0x2700, 0xF900, 0x2100, 0x2FE0, 0x3100, 0x67E0, 0xA420, 
    0x2420, 0x27E0, 0xE420, 0x0000,     /* [881] '挑' U+6311 */
0x2280, 0x2280, 0xFAA0, 0x26C0, 
    0x2A80, 0x36C0, 0x6AA0, 0xA280, 0x22A0, 0x24A0, 0xE8E0, 0x0000, 
    /* [882] '振' U+632F */
    0x27E0, 0x2400, 0xFDC0, 0x2400, 0x2FE0, 0x3500, 0x65A0, 0xA540, 
    0x2540, 0x29A0, 0xE920, 0x0000,     /* [883] '授' U+6388 */
0x27C0, 0x2A20, 0xF540, 0x2800, 
    0x2FE0, 0x3820, 0x67C0, 0xA480, 0x2300, 0x2480, 0xF860, 0x0000, 
    /* [884] '掖' U+6396 */
    0x2100, 0x2FE0, 0xF480, 0x24E0, 0x2D20, 0x36A0, 0x6540, 0xA540, 
    0x2480, 0x2540, 0xE620, 0x0000,     /* [885] '搜' U+641C */
0x2500, 0x2D60, 0xF920, 0x2D60, 
    0x2920, 0x3FE0, 0x6100, 0xAFC0, 0x2480, 0x2300, 0xECE0, 0x0000, 
    /* [886] '摩' U+6469 */
    0x0200, 0x7FE0, 0x4880, 0x7FE0, 0x5DC0, 0x6AA0, 0x5FC0, 0x4200, 
    0x7FE0, 0x4200, 0x8E00, 0x0000,     /* [887] '攀' U+6500 */
0x4A80, 0xF5E0, 0x4A80, 0xF5C0, 
    0x4AA0, 0xFFE0, 0x1500, 0x3F80, 0xC460, 0x3F80, 0x0C00, 0x0000, 
    /* [888] '故' U+6545 */
    0x1100, 0x1100, 0xFDE0, 0x1140, 0x1240, 0x7D40, 0x4940, 0x4880, 
    0x4880, 0x7940, 0x4E20, 0x0000,     /* [889] '敦' U+6566 */
0x1100, 0xFD00, 0x49E0, 0x7B40, 
    0x0140, 0xFD40, 0x1140, 0xFD40, 0x1080, 0x5140, 0x2220, 0x0000, 
    /* [890] '整' U+6574 */
    0x1100, 0xFFE0, 0x5540, 0x7C80, 0x3940, 0x5620, 0x7FC0, 0x0400, 
    0x2780, 0x2400, 0xFFE0, 0x0000,     /* [891] '斯' U+65AF */
0x4860, 0xFD80, 0x4900, 0x7900, 
    0x49E0, 0x7940, 0x4940, 0xFD40, 0x2940, 0x4640, 0x8440, 0x0000, 
    /* [892] '施' U+65BD */
    0x2200, 0x13E0, 0xFC00, 0x2080, 0x3AE0, 0x2BA0, 0x2EA0, 0x2AE0, 
    0x2A80, 0x4A20, 0x91E0, 0x0000,     /* [893] '族' U+65CF */
0x2200, 0x13E0, 0xFC00, 0x2200, 
    0x3BE0, 0x2C80, 0x2880, 0x4FE0, 0x4880, 0xA940, 0x9620, 0x0000, 
    /* [894] '旗' U+65D7 */
    0x4200, 0x23E0, 0xFA40, 0x47E0, 0x7240, 0x5340, 0x52C0, 0x5240, 
    0x5FE0, 0x9240, 0xAC20, 0x0000,     /* [895] '旺' U+65FA */
0x0FE0, 0xF100, 0x9100, 0x9100, 
    0xF100, 0x97C0, 0x9100, 0x9100, 0xF100, 0x9100, 0x0FE0, 0x0000, 
    /* [896] '易' U+6613 */
    0x3F80, 0x2080, 0x3F80, 0x2080, 0x3F80, 0x2000, 0x3FC0, 0x4A40, 
    0x9240, 0x2440, 0x4980, 0x0000,     /* [897] '昔' U+6614 */
0x1100, 0x1100, 0x7FC0, 0x1100, 
    0xFFE0, 0x0000, 0x3F80, 0x2080, 0x3F80, 0x2080, 0x3F80, 0x0000, 
    /* [898] '昝' U+661D */
    0x2100, 0x3D00, 0x45C0, 0xA920, 0x1900, 0x3FE0, 0xD080, 0x1080, 
    0x1F80, 0x1080, 0x1F80, 0x0000,     /* [899] '星' U+661F */
0x3F80, 0x2080, 0x3F80, 0x2080, 
    0x3F80, 0x2400, 0x7FC0, 0x8400, 0x3F80, 0x0400, 0xFFE0, 0x0000, 
    /* [900] '昭' U+662D */
    0x07E0, 0xF120, 0x9120, 0x9220, 0xF4C0, 0x9800, 0x93E0, 0x9220, 
    0xF220, 0x03E0, 0x0220, 0x0000,     /* [901] '普' U+666E */
0x1100, 0x7FC0, 0x4A40, 0x2A80, 
    0xFFE0, 0x0000, 0x3F80, 0x2080, 0x3F80, 0x2080, 0x3F80, 0x0000, 
    /* [902] '景' U+666F */
    0x3F80, 0x2080, 0x3F80, 0x2080, 0x3F80, 0x0400, 0xFFE0, 0x2080, 
    0x3F80, 0x2480, 0x4C40, 0x0000,     /* [903] '暨' U+66A8 */
0x7BE0, 0x4A80, 0x7FE0, 0x4980, 
    0x7AA0, 0x4CE0, 0x7F80, 0x1080, 0x1F80, 0x1080, 0x7FE0, 0x0000, 
    /* [904] '曲' U+66F2 */
    0x0900, 0x0900, 0x7FE0, 0x4920, 0x4920, 0x4920, 0x7FE0, 0x4920, 
    0x4920, 0x7FE0, 0x4020, 0x0000,     /* [905] '月' U+6708 */
0x1FC0, 0x1040, 0x1040, 0x1FC0, 
    0x1040, 0x1040, 0x1FC0, 0x1040, 0x1040, 0x2140, 0x4080, 0x0000, 
    /* [906] '朐' U+6710 */
    0x7200, 0x5200, 0x53E0, 0x7420, 0x5BA0, 0x52A0, 0x72A0, 0x53A0, 
    0x52A0, 0x9020, 0xB0C0, 0x0000,     /* [907] '朔' U+6714 */
0x45E0, 0x2920, 0x7F20, 0x11E0, 
    0x5520, 0x5520, 0x7DE0, 0x1120, 0x1120, 0x2220, 0xC460, 0x0000, 
    /* [908] '朗' U+6717 */
    0x4000, 0x23E0, 0xFA20, 0x8A20, 0xFBE0, 0x8A20, 0xFA20, 0xA3E0, 
    0x9220, 0xAA20, 0xCC60, 0x0000,     /* [909] '望' U+671B */
0x23C0, 0x1240, 0xFBC0, 0x2240, 
    0x3BC0, 0x2440, 0x7FC0, 0x0400, 0x3F80, 0x0400, 0xFFE0, 0x0000, 
    /* [910] '未' U+672A */
    0x0400, 0x0400, 0x7FC0, 0x0400, 0xFFE0, 0x0400, 0x0E00, 0x1500, 
    0x2480, 0xC460, 0x0400, 0x0000,     /* [911] '本' U+672C */
0x0400, 0x0400, 0xFFE0, 0x0E00, 
    0x1500, 0x1500, 0x2480, 0x4440, 0x9F20, 0x0400, 0x0400, 0x0000, 
    /* [912] '术' U+672F */
    0x0500, 0x0480, 0x0400, 0xFFE0, 0x0400, 0x0E00, 0x1500, 0x2480, 
    0x4440, 0x8420, 0x0400, 0x0000,     /* [913] '朵' U+6735 */
0x1F00, 0x1100, 0x1100, 0x20E0, 
    0x4400, 0x0400, 0xFFE0, 0x1500, 0x2480, 0xC460, 0x0400, 0x0000, 
    /* [914] '权' U+6743 */
    0x2000, 0x2FC0, 0xF440, 0x2440, 0x2440, 0x7280, 0x6A80, 0xA100, 
    0x2280, 0x2440, 0x2820, 0x0000,     /* [915] '杞' U+675E */
0x27E0, 0x2020, 0xF820, 0x2020, 
    0x23E0, 0x3220, 0x6A00, 0xA200, 0x2220, 0x2220, 0x21E0, 0x0000, 
    /* [916] '松' U+677E */
    0x2080, 0x2280, 0xFA40, 0x2440, 0x2420, 0x3120, 0x6900, 0xA200, 
    0x2240, 0x2440, 0x27A0, 0x0000,     /* [917] '极' U+6781 */
0x27E0, 0x2240, 0xFA80, 0x22E0, 
    0x2220, 0x7220, 0x6D40, 0xA540, 0x2480, 0x2940, 0x3220, 0x0000, 
    /* [918] '枝' U+679D */
    0x2100, 0x2100, 0x2FE0, 0xF100, 0x27C0, 0x7240, 0x6A40, 0xA280, 
    0x2100, 0x2280, 0x2C60, 0x0000,     /* [919] '枣' U+67A3 */
0x0400, 0xFFE0, 0x0400, 0x3F80, 
    0x2480, 0x2E80, 0x1500, 0x6E80, 0x0160, 0x1C00, 0x0300, 0x0000, 
    /* [920] '柴' U+67F4 */
    0x1200, 0x1240, 0x5E80, 0x5320, 0x5220, 0xF9E0, 0x0400, 0xFFE0, 
    0x1500, 0x2480, 0xC460, 0x0000,     /* [921] '标' U+6807 */
0x27C0, 0x2000, 0xF800, 0x2FE0, 
    0x2100, 0x7100, 0x6540, 0xA520, 0x2920, 0x2100, 0x2300, 0x0000, 
    /* [922] '栏' U+680F */
    0x2420, 0x2240, 0xF000, 0x2FE0, 0x6000, 0x7000, 0xA7C0, 0xA000, 
    0x2000, 0x2000, 0x2FE0, 0x0000,     /* [923] '株' U+682A */
0x2100, 0x2500, 0xF7C0, 0x2900, 
    0x7100, 0x6FE0, 0xA100, 0xA380, 0x2540, 0x2920, 0x2100, 0x0000, 
    /* [924] '格' U+683C */
    0x2200, 0x23C0, 0xF440, 0x2A80, 0x2100, 0x7280, 0x6C60, 0xA7C0, 
    0x2440, 0x2440, 0x27C0, 0x0000,     /* [925] '栾' U+683E */
0x0400, 0xFFE0, 0x0900, 0x2940, 
    0xC920, 0x0400, 0xFFE0, 0x1500, 0x2480, 0x4440, 0x8420, 0x0000, 
    /* [926] '桃' U+6843 */
    0x2280, 0x2280, 0xFAA0, 0x26C0, 0x2280, 0x36C0, 0x6AA0, 0xA280, 
    0x22A0, 0x24A0, 0x2860, 0x0000,     /* [927] '桐' U+6850 */
0x2FE0, 0x2820, 0xFBA0, 0x2820, 
    0x6BA0, 0x7AA0, 0xAAA0, 0xABA0, 0x2AA0, 0x2820, 0x2860, 0x0000, 
    /* [928] '桑' U+6851 */
    0x3F80, 0x1100, 0x0E00, 0x1100, 0xFBE0, 0x4A40, 0x3180, 0x4A40, 
    0xFFE0, 0x1500, 0xE4E0, 0x0000,     /* [929] '桓' U+6853 */
0x2FE0, 0x2000, 0xF800, 0x27C0, 
    0x6440, 0x77C0, 0xAC40, 0xA7C0, 0x2440, 0x2000, 0x2FE0, 0x0000, 
    /* [930] '桦' U+6866 */
    0x2280, 0x22A0, 0xFCC0, 0x25A0, 0x74A0, 0x6C60, 0xA100, 0xAFE0, 
    0x2100, 0x2100, 0x2100, 0x0000,     /* [931] '梅' U+6885 */
0x2400, 0x27E0, 0xF800, 0x27C0, 
    0x7540, 0x6FE0, 0xA540, 0xA540, 0x27E0, 0x2040, 0x2180, 0x0000, 
    /* [932] '梓' U+6893 */
    0x2200, 0x2100, 0xFFE0, 0x2440, 0x7280, 0x6FE0, 0xA100, 0xA100, 
    0x27C0, 0x2100, 0x2100, 0x0000,     /* [933] '梨' U+68A8 */
0x0440, 0xF940, 0x1140, 0xFF40, 
    0x5540, 0x92C0, 0x0400, 0xFFE0, 0x1500, 0x2480, 0xC460, 0x0000, 
    /* [934] '椒' U+6912 */
    0x25E0, 0x24A0, 0xF7A0, 0x24A0, 0x2FA0, 0x34A0, 0x66A0, 0xADA0, 
    0x3440, 0x24A0, 0x2D20, 0x0000,     /* [935] '楚' U+695A */
0x1080, 0xFFE0, 0x1080, 0x39C0, 
    0x56A0, 0x9080, 0x7FE0, 0x1220, 0x13C0, 0x2A00, 0xC7E0, 0x0000, 
    /* [936] '榄' U+6984 */
    0x2280, 0x2AE0, 0xFB40, 0x2A20, 0x27C0, 0x3440, 0x6D40, 0xA540, 
    0x25C0, 0x22A0, 0x2CE0, 0x0000,     /* [937] '榆' U+6986 */
0x2300, 0x2480, 0xFB60, 0x2000, 
    0x6E20, 0x7AA0, 0xAEA0, 0xAAA0, 0x2EA0, 0x2A20, 0x2A60, 0x0000, 
    /* [938] '榕' U+6995 */
    0x2100, 0x2FE0, 0xFAA0, 0x2440, 0x3380, 0x2C40, 0x6FE0, 0xA440, 
    0x2440, 0x27C0, 0x2440, 0x0000,     /* [939] '榜' U+699C */
0x2100, 0x2FE0, 0xF280, 0x2FE0, 
    0x2920, 0x3080, 0x6FE0, 0xA200, 0x23C0, 0x2440, 0x39C0, 0x0000, 
    /* [940] '樟' U+6A1F */
    0x2100, 0x27E0, 0xF280, 0x2FE0, 0x3440, 0x6FC0, 0xA440, 0x27C0, 
    0x2100, 0x2FE0, 0x2100, 0x0000,     /* [941] '横' U+6A2A */
0x2280, 0x2FE0, 0xF280, 0x2FE0, 
    0x2100, 0x77C0, 0x6540, 0xA7C0, 0x2540, 0x27C0, 0x2C60, 0x0000, 
    /* [942] '樵' U+6A35 */
    0x2280, 0x27E0, 0xFC80, 0x27E0, 0x7480, 0x6FE0, 0xA480, 0xA7E0, 
    0x2540, 0x2AA0, 0x2AA0, 0x0000,     /* [943] '歌' U+6B4C */
0xFD00, 0x0900, 0xE9E0, 0xAA20, 
    0xFE80, 0x0880, 0xE880, 0xA940, 0xE940, 0x0A20, 0x1C20, 0x0000, 
    /* [944] '氏' U+6C0F */
    0x0180, 0x7E00, 0x4400, 0x4400, 0x7FE0, 0x4400, 0x4400, 0x4200, 
    0x5220, 0x6120, 0x40E0, 0x0000,     /* [945] '民' U+6C11 */
0x7FC0, 0x4040, 0x4040, 0x7FC0, 
    0x4400, 0x4400, 0x7FE0, 0x4200, 0x4A20, 0x5120, 0x60E0, 0x0000, 
    /* [946] '永' U+6C38 */
    0x0400, 0x0200, 0x3C40, 0x0480, 0xF500, 0x1600, 0x2500, 0x2480, 
    0x4460, 0x9400, 0x0800, 0x0000,     /* [947] '汇' U+6C47 */
0x4000, 0x27E0, 0x8400, 0x5400, 
    0x1400, 0x2400, 0x2400, 0xC400, 0x4400, 0x4400, 0x47E0, 0x0000, 
    /* [948] '汉' U+6C49 */
    0x4040, 0x2FE0, 0x8440, 0x5440, 0x1440, 0x2280, 0x2280, 0xC100, 
    0x4280, 0x4440, 0x5820, 0x0000,     /* [949] '汕' U+6C55 */
0x4100, 0x2100, 0x8100, 0x4920, 
    0x1920, 0x2920, 0x2920, 0xC920, 0x4920, 0x4FE0, 0x4820, 0x0000, 
    /* [950] '汝' U+6C5D */
    0x4200, 0x2200, 0x0200, 0x9FE0, 0x5480, 0x2480, 0x2880, 0xCD00, 
    0x4300, 0x44C0, 0x5820, 0x0000,     /* [951] '汤' U+6C64 */
0x4FC0, 0x2080, 0x8100, 0x5200, 
    0x17E0, 0x22A0, 0x24A0, 0xC920, 0x4220, 0x44A0, 0x4840, 0x0000, 
    /* [952] '汨' U+6C68 */
    0x47E0, 0x2420, 0x8420, 0x5420, 0x17E0, 0x2420, 0x2420, 0xC420, 
    0x4420, 0x47E0, 0x4420, 0x0000,     /* [953] '汾' U+6C7E */
0x4280, 0x2280, 0x8440, 0x4820, 
    0x17E0, 0x2240, 0x2240, 0xC240, 0x4440, 0x4540, 0x4880, 0x0000, 
    /* [954] '沁' U+6C81 */
    0x4100, 0x2080, 0x8280, 0x5200, 0x1240, 0x2A20, 0x2A20, 0xD200, 
    0x4220, 0x4220, 0x41E0, 0x0000,     /* [955] '沂' U+6C82 */
0x40C0, 0x2700, 0x8400, 0x5400, 
    0x17E0, 0x2480, 0x2480, 0xC480, 0x4480, 0x4880, 0x5080, 0x0000, 
    /* [956] '沅' U+6C85 */
    0x47C0, 0x2000, 0x8000, 0x5FE0, 0x1280, 0x2280, 0x2280, 0xC280, 
    0x44A0, 0x44A0, 0x4860, 0x0000,     /* [957] '沛' U+6C9B */
0x4100, 0x2FE0, 0x8100, 0x5FE0, 
    0x1920, 0x2920, 0x2920, 0xC920, 0x4960, 0x4100, 0x4100, 0x0000, 
    /* [958] '沟' U+6C9F */
    0x4400, 0x2400, 0x07E0, 0x9820, 0x5220, 0x2220, 0x2520, 0xCFA0, 
    0x4020, 0x40A0, 0x4040, 0x0000,     /* [959] '沧' U+6CA7 */
0x4100, 0x2280, 0x8440, 0x5820, 
    0x17C0, 0x2440, 0x2440, 0xC580, 0x4420, 0x4420, 0x43E0, 0x0000, 
    /* [960] '沭' U+6CAD */
    0x4280, 0x2240, 0x9FE0, 0x4200, 0x1700, 0x2700, 0x2A80, 0xD240, 
    0x6220, 0x4200, 0x4200, 0x0000,     /* [961] '治' U+6CBB */
0x4100, 0x2100, 0x8200, 0x5440, 
    0x3FE0, 0x2020, 0xC7C0, 0x4440, 0x4440, 0x47C0, 0x4440, 0x0000, 
    /* [962] '沽' U+6CBD */
    0x4200, 0x2200, 0x9FE0, 0x4200, 0x1200, 0x2FC0, 0x2840, 0xC840, 
    0x4840, 0x4FC0, 0x4840, 0x0000,     /* [963] '沾' U+6CBE */
0x4200, 0x2200, 0x83E0, 0x5200, 
    0x1200, 0x2FC0, 0x2840, 0xC840, 0x4840, 0x4FC0, 0x4840, 0x0000, 
    /* [964] '泊' U+6CCA */
    0x4100, 0x2200, 0x87E0, 0x5420, 0x1420, 0x27E0, 0x2420, 0xC420, 
    0x4420, 0x47E0, 0x4420, 0x0000,     /* [965] '法' U+6CD5 */
0x4100, 0x2100, 0x07C0, 0x8100, 
    0x4100, 0x0FE0, 0x2100, 0xC200, 0x4440, 0x4FA0, 0x4420, 0x0000, 
    /* [966] '泗' U+6CD7 */
    0x4FE0, 0x2AA0, 0x8AA0, 0x5AA0, 0x1AA0, 0x2AA0, 0x2AE0, 0xCC20, 
    0x4820, 0x4FE0, 0x4820, 0x0000,     /* [967] '泮' U+6CEE */
0x4100, 0x2920, 0x8540, 0x5100, 
    0x17C0, 0x2100, 0x2100, 0xCFE0, 0x4100, 0x4100, 0x4100, 0x0000, 
    /* [968] '泰' U+6CF0 */
    0x0400, 0xFFE0, 0x0400, 0x7FC0, 0x0800, 0xFFE0, 0x2480, 0x5540, 
    0x8E20, 0x1500, 0x6CC0, 0x0000,     /* [969] '泽' U+6CFD */
0x4FC0, 0x2480, 0x0300, 0x8480, 
    0x5A60, 0x2200, 0x4FC0, 0xC200, 0x5FE0, 0x4200, 0x4200, 0x0000, 
    /* [970] '泾' U+6CFE */
    0x4FC0, 0x2080, 0x8100, 0x5280, 0x1440, 0x2820, 0x27C0, 0xC100, 
    0x4100, 0x4100, 0x5FE0, 0x0000,     /* [971] '洈' U+6D08 */
0x4400, 0x2780, 0x8900, 0x4FE0, 
    0x1800, 0x2BC0, 0x2A40, 0xCA40, 0x4AC0, 0x5220, 0x63E0, 0x0000, 
    /* [972] '洋' U+6D0B */
    0x4440, 0x2280, 0x8FE0, 0x4100, 0x1100, 0x27C0, 0x2100, 0xC100, 
    0x4FE0, 0x4100, 0x4100, 0x0000,     /* [973] '洛' U+6D1B */
0x4400, 0x27C0, 0x8440, 0x5A80, 
    0x1100, 0x2280, 0x2FE0, 0xC440, 0x4440, 0x47C0, 0x4440, 0x0000, 
    /* [974] '洪' U+6D2A */
    0x4480, 0x2480, 0x8480, 0x5FE0, 0x0480, 0x2480, 0x3FE0, 0xC000, 
    0x4480, 0x4860, 0x5020, 0x0000,     /* [975] '洱' U+6D31 */
0x4FE0, 0x2440, 0x8440, 0x57C0, 
    0x1440, 0x27C0, 0x2440, 0xC5E0, 0x5E40, 0x4040, 0x4040, 0x0000, 
    /* [976] '流' U+6D41 */
    0x8200, 0x5FE0, 0x0400, 0x8880, 0x5FC0, 0x2040, 0x2A80, 0xCA80, 
    0x4AA0, 0x4AA0, 0x5260, 0x0000,     /* [977] '浏' U+6D4F */
0x4820, 0x2420, 0x9EA0, 0x42A0, 
    0x0AA0, 0x24A0, 0x24A0, 0xCAA0, 0x5220, 0x6020, 0x4060, 0x0000, 
    /* [978] '浦' U+6D66 */
    0x4140, 0x2120, 0x8FE0, 0x5100, 0x1FE0, 0x2920, 0x2FE0, 0xC920, 
    0x4FE0, 0x4920, 0x4960, 0x0000,     /* [979] '浩' U+6D69 */
0x4500, 0x2500, 0x87C0, 0x5900, 
    0x1100, 0x2FE0, 0x2000, 0xC7C0, 0x4440, 0x4440, 0x47C0, 0x0000, 
    /* [980] '浪' U+6D6A */
    0x4200, 0x2FC0, 0x8840, 0x4FC0, 0x1840, 0x2FC0, 0x2A20, 0xC940, 
    0x4980, 0x4A80, 0x4C60, 0x0000,     /* [981] '浮' U+6D6E */
0x40C0, 0x2F20, 0x8A20, 0x5540, 
    0x17E0, 0x2080, 0x2100, 0xDFE0, 0x4100, 0x4500, 0x4200, 0x0000, 
    /* [982] '涉' U+6D89 */
    0x4100, 0x2100, 0x85E0, 0x5500, 0x1FE0, 0x2100, 0x2520, 0xC940, 
    0x5080, 0x4100, 0x4E00, 0x0000,     /* [983] '涞' U+6D9E */
0x4100, 0x2FE0, 0x8920, 0x5540, 
    0x1380, 0x2FE0, 0x2100, 0xC380, 0x4540, 0x4920, 0x5120, 0x0000, 
    /* [984] '涟' U+6D9F */
    0x5100, 0x2BE0, 0x8900, 0x5280, 0x17E0, 0x3880, 0x2BE0, 0xC880, 
    0x4880, 0x5400, 0x63E0, 0x0000,     /* [985] '涡' U+6DA1 */
0x47C0, 0x2440, 0x8440, 0x57C0, 
    0x1100, 0x2FE0, 0x2920, 0xCAA0, 0x4C60, 0x4820, 0x48E0, 0x0000, 
    /* [986] '润' U+6DA6 */
    0x45E0, 0x2220, 0x8820, 0x5BA0, 0x1920, 0x2BA0, 0x2920, 0xC920, 
    0x4FE0, 0x4820, 0x48E0, 0x0000,     /* [987] '涿' U+6DBF */
0x5FE0, 0x2200, 0x8620, 0x5940, 
    0x1680, 0x24C0, 0x2BA0, 0xD2A0, 0x44A0, 0x5C80, 0x4300, 0x0000, 
    /* [988] '淄' U+6DC4 */
    0x4540, 0x2540, 0x8A80, 0x5A80, 0x1540, 0x2540, 0x2FE0, 0xC920, 
    0x4FE0, 0x4920, 0x4FE0, 0x0000,     /* [989] '淮' U+6DEE */
0x4500, 0x2480, 0x07E0, 0x9C80, 
    0x57E0, 0x2480, 0x2480, 0xC7E0, 0x4480, 0x4480, 0x47E0, 0x0000, 
    /* [990] '淼' U+6DFC */
    0x04C0, 0x7500, 0x1600, 0x2580, 0xCC60, 0x10A0, 0xF7A0, 0x59C0, 
    0x56A0, 0x94A0, 0x31A0, 0x0000,     /* [991] '渑' U+6E11 */
0x47C0, 0x2440, 0x07C0, 0x9100, 
    0x5FE0, 0x2920, 0x2FE0, 0xC920, 0x4FE0, 0x4120, 0x40E0, 0x0000, 
    /* [992] '渠' U+6E20 */
    0x4FE0, 0x2800, 0x8FC0, 0x5840, 0xAFC0, 0x4800, 0x4FE0, 0x4400, 
    0xFFE0, 0x1500, 0xE4E0, 0x0000,     /* [993] '渭' U+6E2D */
0x4FE0, 0x2920, 0x0FE0, 0x9920, 
    0x5FE0, 0x2440, 0x27C0, 0xC440, 0x47C0, 0x4440, 0x44C0, 0x0000, 
    /* [994] '湄' U+6E44 */
    0x4FE0, 0x2920, 0x0FE0, 0x8800, 0x4BE0, 0x2A20, 0x2BE0, 0xCA20, 
    0x4BE0, 0x5220, 0x63E0, 0x0000,     /* [995] '湛' U+6E5B */
0x4440, 0x2FE0, 0x0440, 0x97C0, 
    0x5440, 0x27C0, 0x2440, 0xDFE0, 0x4A80, 0x4C40, 0x4FE0, 0x0000, 
    /* [996] '溆' U+6E86 */
    0x4600, 0x29E0, 0x10A0, 0x8FA0, 0x44A0, 0x3FA0, 0x24A0, 0xCEA0, 
    0x5540, 0x44A0, 0x4D20, 0x0000,     /* [997] '源' U+6E90 */
0x4FE0, 0x2880, 0x8BE0, 0x4A20, 
    0x1BE0, 0x2A20, 0x2BE0, 0xC880, 0x4AC0, 0x54A0, 0x69A0, 0x0000, 
    /* [998] '溧' U+6EA7 */
    0x4FE0, 0x2280, 0x0FE0, 0x8AA0, 0x4FE0, 0x2100, 0x2FE0, 0xC100, 
    0x4380, 0x4540, 0x4920, 0x0000,     /* [999] '滁' U+6EC1 */
0x5C80, 0x3540, 0x1620, 0x99E0, 
    0x5480, 0x35E0, 0x3480, 0xDDC0, 0x52A0, 0x54A0, 0x5180, 0x0000, 
    /* [1000] '滋' U+6ECB */
    0x4840, 0x2480, 0x1FE0, 0x8440, 0x4880, 0x2AA0, 0x3DC0, 0xC440, 
    0x48A0, 0x52A0, 0x5DE0, 0x0000,     /* [1001] '滑' U+6ED1 */
0x47C0, 0x2440, 0x0740, 0x8540, 
    0x5FE0, 0x3460, 0x27C0, 0xC440, 0x47C0, 0x4440, 0x44C0, 0x0000, 
    /* [1002] '滔' U+6ED4 */
    0x4040, 0x27A0, 0x0A20, 0x8540, 0x4260, 0x2C20, 0x2820, 0xCEE0, 
    0x4820, 0x4FE0, 0x4820, 0x0000,     /* [1003] '滕' U+6ED5 */
0xE920, 0xA540, 0xAFE0, 0xE200, 
    0xAFE0, 0xA540, 0xED60, 0xA380, 0xA540, 0xA920, 0xB320, 0x0000, 
    /* [1004] '滦' U+6EE6 */
    0x4100, 0x3FE0, 0x0480, 0x8CC0, 0x54A0, 0x2100, 0x3FE0, 0xC300, 
    0x4580, 0x4960, 0x5120, 0x0000,     /* [1005] '滨' U+6EE8 */
0x4100, 0x2FE0, 0x08A0, 0x9700, 
    0x5400, 0x27E0, 0x2480, 0xC480, 0x5FE0, 0x4480, 0x5860, 0x0000, 
    /* [1006] '滩' U+6EE9 */
    0x4180, 0x3D40, 0x05E0, 0x9740, 0x5540, 0x29E0, 0x2940, 0xCD40, 
    0x55E0, 0x6340, 0x41E0, 0x0000,     /* [1007] '演' U+6F14 */
0x4100, 0x2FE0, 0x0820, 0x9FE0, 
    0x5100, 0x27C0, 0x2540, 0xC7C0, 0x4540, 0x47C0, 0x4C60, 0x0000, 
    /* [1008] '漠' U+6F20 */
    0x4480, 0x3FE0, 0x0480, 0x8FC0, 0x4840, 0x2FC0, 0x2840, 0xDFE0, 
    0x4300, 0x4480, 0x5860, 0x0000,     /* [1009] '漯' U+6F2F */
0x4FC0, 0x2940, 0x0FC0, 0x8940, 
    0x5FC0, 0x2200, 0x2F80, 0xC240, 0x5FE0, 0x4940, 0x5320, 0x0000, 
    /* [1010] '漳' U+6F33 */
    0x4100, 0x2FE0, 0x0280, 0x9FE0, 0x5440, 0x27C0, 0x2440, 0xC7C0, 
    0x4100, 0x5FE0, 0x4100, 0x0000,     /* [1011] '潍' U+6F4D */
0x4940, 0x29E0, 0x1740, 0x9D40, 
    0x49E0, 0x2B40, 0x2DE0, 0xC140, 0x4D40, 0x71E0, 0x4100, 0x0000, 
    /* [1012] '潢' U+6F62 */
    0x4280, 0x2FE0, 0x0280, 0x8FE0, 0x5100, 0x27C0, 0x2540, 0xC7C0, 
    0x4540, 0x47C0, 0x4C60, 0x0000,     /* [1013] '潭' U+6F6D */
0x5FE0, 0x2280, 0x0FE0, 0x8AA0, 
    0x4FE0, 0x2440, 0x27C0, 0xC440, 0x5FE0, 0x4100, 0x4100, 0x0000, 
    /* [1014] '潮' U+6F6E */
    0x44E0, 0x3EA0, 0x04A0, 0x9EE0, 0x52A0, 0x1EA0, 0x32E0, 0xDEA0, 
    0x44A0, 0x5EA0, 0x4560, 0x0000,     /* [1015] '潼' U+6F7C */
0x4100, 0x2FE0, 0x0280, 0x8100, 
    0x5FE0, 0x2540, 0x27C0, 0xC540, 0x47C0, 0x4100, 0x5FE0, 0x0000, 
    /* [1016] '澜' U+6F9C */
    0x49E0, 0x2520, 0x1FE0, 0x9120, 0x5FE0, 0x3560, 0x3FE0, 0xD120, 
    0x53A0, 0x5560, 0x5160, 0x0000,     /* [1017] '澧' U+6FA7 */
0x4280, 0x2FE0, 0x0AA0, 0x8FE0, 
    0x4AA0, 0x3FE0, 0x2840, 0xCFC0, 0x4480, 0x4300, 0x5FE0, 0x0000, 
    /* [1018] '澳' U+6FB3 */
    0x4200, 0x2FE0, 0x0D60, 0x8BA0, 0x4FE0, 0x2920, 0x2BA0, 0xCD60, 
    0x5FE0, 0x4480, 0x5860, 0x0000,     /* [1019] '濮' U+6FEE */
0x4540, 0x2B60, 0x0FE0, 0x8940, 
    0x5FE0, 0x2880, 0x2BE0, 0xC880, 0x4FE0, 0x4940, 0x4A20, 0x0000, 
    /* [1020] '瀣' U+7023 */
    0x4EE0, 0x28A0, 0x8FA0, 0x5240, 0x0CA0, 0x2A80, 0x3EE0, 0xC280, 
    0x4EE0, 0x4280, 0x5FE0, 0x0000,     /* [1021] '灌' U+704C */
0x4FE0, 0x2440, 0x8EE0, 0x4AA0, 
    0x2EE0, 0x2500, 0x4FE0, 0xD900, 0x4FE0, 0x4900, 0x4FE0, 0x0000, 
    /* [1022] '灯' U+706F */
    0x1000, 0x17E0, 0x5480, 0x5880, 0x5080, 0x9080, 0x1080, 0x1080, 
    0x2880, 0x4480, 0x8180, 0x0000,     /* [1023] '灵' U+7075 */
0x3F80, 0x0080, 0x3F80, 0x0080, 
    0x3F80, 0x0400, 0x1440, 0x2480, 0x0A00, 0x1100, 0xE0E0, 0x0000, 
    /* [1024] '炬' U+70AC */
    0x27E0, 0x2400, 0x2C00, 0xB7C0, 0xA440, 0xA440, 0x27C0, 0x3440, 
    0x4C00, 0x4400, 0x87E0, 0x0000,     /* [1025] '烽' U+70FD */
0x2200, 0x23E0, 0x2440, 0xAB80, 
    0xB560, 0xAB80, 0x2100, 0x27C0, 0x5100, 0x4FE0, 0x8100, 0x0000, 
    /* [1026] '焦' U+7126 */
    0x1400, 0x2200, 0x7FE0, 0xA200, 0x3FC0, 0x2200, 0x3FC0, 0x2200, 
    0x3FE0, 0x5240, 0x8920, 0x0000,     /* [1027] '煌' U+714C */
0x2200, 0x27C0, 0xAC40, 0xB7C0, 
    0xA440, 0xAFE0, 0x2100, 0x27C0, 0x5100, 0x4900, 0x8FE0, 0x0000, 
    /* [1028] '照' U+7167 */
    0x7FE0, 0x4920, 0x4A20, 0x7C40, 0x4BE0, 0x4A20, 0x7A20, 0x4BE0, 
    0x0000, 0x5240, 0x8920, 0x0000,     /* [1029] '熙' U+7199 */
0x7DE0, 0x4920, 0x5D20, 0x55E0, 
    0x5D00, 0x4920, 0x4920, 0x7EE0, 0x5240, 0x4920, 0x8920, 0x0000, 
    /* [1030] '熟' U+719F */
    0x2100, 0xFD00, 0x4BC0, 0x7940, 0x0340, 0x7D40, 0x1140, 0xFAA0, 
    0x3420, 0x4940, 0x8920, 0x0000,     /* [1031] '燕' U+71D5 */
0x0A00, 0xFFE0, 0x0A00, 0x2E80, 
    0x20A0, 0xEEC0, 0x2AA0, 0xEEE0, 0x0000, 0x5240, 0x8920, 0x0000, 
    /* [1032] '爱' U+7231 */
    0x00C0, 0x7F40, 0x2480, 0xFFE0, 0x8420, 0x7FC0, 0x0800, 0x1F80, 
    0x2900, 0xCE00, 0x31E0, 0x0000,     /* [1033] '牛' U+725B */
0x0200, 0x1200, 0x1200, 0x3FC0, 
    0x4200, 0x0200, 0x7FE0, 0x0200, 0x0200, 0x0200, 0x0200, 0x0000, 
    /* [1034] '牟' U+725F */
    0x0800, 0x1080, 0x3FC0, 0x0200, 0x2200, 0x3FC0, 0x4200, 0x0200, 
    0xFFE0, 0x0200, 0x0200, 0x0000,     /* [1035] '牡' U+7261 */
0x1080, 0x5080, 0x5080, 0x7880, 
    0x93E0, 0x1880, 0x3080, 0xD080, 0x1080, 0x17E0, 0x1000, 0x0000, 
    /* [1036] '特' U+7279 */
    0x2100, 0xA7C0, 0xF100, 0xA100, 0xAFE0, 0x3080, 0x6FE0, 0xA480, 
    0x2280, 0x2080, 0x2380, 0x0000,     /* [1037] '狐' U+72D0 */
0x10C0, 0xAF00, 0x4A80, 0xAA80, 
    0x2A80, 0x2A40, 0x6A40, 0xAA40, 0x2AA0, 0x2BA0, 0xD020, 0x0000, 
    /* [1038] '独' U+72EC */
    0x9100, 0x5100, 0x27E0, 0x5520, 0x9520, 0x3520, 0x57E0, 0x9100, 
    0x1120, 0x5FE0, 0x2020, 0x0000,     /* [1039] '猛' U+731B */
0x97C0, 0x5080, 0x2100, 0x5FE0, 
    0x9100, 0x3500, 0x5200, 0x9FE0, 0x2AA0, 0xAAA0, 0x5FE0, 0x0000, 
    /* [1040] '献' U+732E */
    0x1080, 0xFCC0, 0x10A0, 0xFFE0, 0xAC80, 0x9480, 0xFC80, 0x9480, 
    0xFD40, 0x9540, 0x8E20, 0x0000,     /* [1041] '玛' U+739B */
0x03C0, 0xF840, 0x2240, 0x2240, 
    0x7240, 0x23E0, 0x2020, 0x37A0, 0xC020, 0x0120, 0x00C0, 0x0000, 
    /* [1042] '环' U+73AF */
    0x07E0, 0xF900, 0x2100, 0x2300, 0x7380, 0x2540, 0x2520, 0x3920, 
    0xC100, 0x0100, 0x0100, 0x0000,     /* [1043] '球' U+7403 */
0x0140, 0xF920, 0x2FE0, 0x2100, 
    0x2520, 0xF340, 0x2180, 0x2340, 0x3520, 0xC920, 0x0300, 0x0000, 
    /* [1044] '理' U+7406 */
    0x0FE0, 0xF920, 0x2FE0, 0x2920, 0x2920, 0xFFE0, 0x2100, 0x27C0, 
    0x3100, 0xC100, 0x0FE0, 0x0000,     /* [1045] '瑞' U+745E */
0x0920, 0xF920, 0x2FE0, 0x2000, 
    0x7FE0, 0x2200, 0x2FE0, 0x3AA0, 0xCAA0, 0x0AA0, 0x0860, 0x0000, 
    /* [1046] '瓶' U+74F6 */
    0x8BE0, 0x5100, 0xFD00, 0x51C0, 0x5240, 0xFF40, 0x52C0, 0x5240, 
    0x5240, 0x5360, 0x9660, 0x0000,     /* [1047] '甪' U+752A */
0x0C00, 0x0800, 0x3FE0, 0x2220, 
    0x3FE0, 0x2220, 0x3FE0, 0x2220, 0x2220, 0x4220, 0x80E0, 0x0000, 
    /* [1048] '田' U+7530 */
    0x0000, 0x7FC0, 0x4440, 0x4440, 0x4440, 0x7FC0, 0x4440, 0x4440, 
    0x4440, 0x7FC0, 0x4040, 0x0000,     /* [1049] '由' U+7531 */
0x0400, 0x0400, 0x7FC0, 0x4440, 
    0x4440, 0x7FC0, 0x4440, 0x4440, 0x4440, 0x7FC0, 0x4040, 0x0000, 
    /* [1050] '甸' U+7538 */
    0x1000, 0x1FE0, 0x2020, 0x7FA0, 0xA4A0, 0x3FA0, 0x24A0, 0x3FA0, 
    0x20A0, 0x0020, 0x01C0, 0x0000,     /* [1051] '界' U+754C */
0x7FC0, 0x4440, 0x7FC0, 0x4440, 
    0x7FC0, 0x0A00, 0x3180, 0xD160, 0x1100, 0x2100, 0x4100, 0x0000, 
    /* [1052] '番' U+756A */
    0x7FC0, 0x2480, 0x1500, 0xFFE0, 0x2480, 0x4440, 0xBFE0, 0x2440, 
    0x3FC0, 0x2440, 0x3FC0, 0x0000,     /* [1053] '皇' U+7687 */
0x0400, 0x3F80, 0x2880, 0x2480, 
    0x3F80, 0x0000, 0x7FC0, 0x0400, 0x3F80, 0x0400, 0xFFE0, 0x0000, 
    /* [1054] '皋' U+768B */
    0x0800, 0x3F80, 0x2080, 0x3F80, 0x2080, 0xFFE0, 0x1500, 0x2480, 
    0xDF60, 0x0400, 0x0400, 0x0000,     /* [1055] '盐' U+76D0 */
0x1100, 0x1100, 0x7D80, 0x1160, 
    0x1D20, 0x7100, 0x0000, 0x3FC0, 0x2940, 0x2940, 0x7FE0, 0x0000, 
    /* [1056] '盖' U+76D6 */
    0x1100, 0x7FC0, 0x0400, 0x3F80, 0x0400, 0xFFE0, 0x0000, 0x3F80, 
    0x2A80, 0x2A80, 0xFFE0, 0x0000,     /* [1057] '盛' U+76DB */
0x0280, 0x7FE0, 0x4200, 0x7A40, 
    0x4A80, 0x59A0, 0x8260, 0x7FC0, 0x4A40, 0x4A40, 0xFFE0, 0x0000, 
    /* [1058] '盟' U+76DF */
    0x7BC0, 0x4A40, 0x7BC0, 0x4A40, 0x4BC0, 0x7A40, 0x04C0, 0x7FC0, 
    0x4A40, 0x4A40, 0xFFE0, 0x0000,     /* [1059] '盱' U+76F1 */
0x07C0, 0xF100, 0x9100, 0xF100, 
    0x9FE0, 0x9100, 0xF100, 0x9100, 0xF900, 0x9500, 0x0200, 0x0000, 
    /* [1060] '相' U+76F8 */
    0x13E0, 0x1220, 0x7E20, 0x13E0, 0x1220, 0x3A20, 0x57E0, 0x9220, 
    0x1220, 0x13E0, 0x1220, 0x0000,     /* [1061] '眉' U+7709 */
0x3FE0, 0x2220, 0x3FE0, 0x2000, 
    0x2FC0, 0x2840, 0x2FC0, 0x2840, 0x4FC0, 0x4840, 0x8FC0, 0x0000, 
    /* [1062] '眙' U+7719 */
    0x0100, 0xF200, 0x9440, 0xFFA0, 0x9020, 0x9000, 0xF7E0, 0x9420, 
    0xF420, 0x97E0, 0x0420, 0x0000,     /* [1063] '眼' U+773C */
0xF7C0, 0x9440, 0x97C0, 0xF440, 
    0x97C0, 0x9500, 0xF520, 0x9540, 0x9480, 0xF540, 0x0620, 0x0000, 
    /* [1064] '睢' U+7762 */
    0xF500, 0x9480, 0x97E0, 0xFC80, 0x97E0, 0x9480, 0xF480, 0x97E0, 
    0x9480, 0xF480, 0x07E0, 0x0000,     /* [1065] '矿' U+77FF */
0xF880, 0x27E0, 0x2400, 0x7400, 
    0x5400, 0xD400, 0x5400, 0x5400, 0x7400, 0x0800, 0x1000, 0x0000, 
    /* [1066] '砀' U+7800 */
    0x0FC0, 0xF080, 0x2100, 0x2200, 0x77E0, 0xD2A0, 0x52A0, 0x5520, 
    0x7920, 0x5220, 0x04C0, 0x0000,     /* [1067] '砂' U+7802 */
0x0080, 0xF880, 0x22C0, 0x22A0, 
    0x7CA0, 0xCC80, 0x48A0, 0x4840, 0x7880, 0x4900, 0x0600, 0x0000, 
    /* [1068] '碑' U+7891 */
    0x0100, 0xF7E0, 0x2520, 0x27E0, 0x7520, 0xD7E0, 0x5280, 0x5FE0, 
    0x7080, 0x5080, 0x0080, 0x0000,     /* [1069] '碧' U+78A7 */
0xF900, 0x27E0, 0x74A0, 0x2520, 
    0xFFE0, 0x0000, 0xFFE0, 0x1000, 0x3FC0, 0xD040, 0x1FC0, 0x0000, 
    /* [1070] '磐' U+78D0 */
    0x11C0, 0x7D60, 0x57C0, 0xFD40, 0x5480, 0x4540, 0x7FE0, 0x1000, 
    0x3FC0, 0xD040, 0x1FC0, 0x0000,     /* [1071] '社' U+793E */
0x4100, 0x2100, 0xF900, 0x1100, 
    0x27C0, 0x3100, 0x6900, 0xA100, 0x2100, 0x2100, 0x2FE0, 0x0000, 
    /* [1072] '祁' U+7941 */
    0x4000, 0x21E0, 0xF920, 0x0940, 0x1180, 0x3140, 0x6920, 0xA520, 
    0x21A0, 0x2140, 0x2100, 0x0000,     /* [1073] '神' U+795E */
0x4080, 0x2080, 0xFFE0, 0x14A0, 
    0x27E0, 0x34A0, 0x6CA0, 0xA7E0, 0x2080, 0x2080, 0x2080, 0x0000, 
    /* [1074] '祥' U+7965 */
    0x4440, 0x2280, 0xFFE0, 0x1100, 0x27C0, 0x7100, 0xA900, 0x2FE0, 
    0x2100, 0x2100, 0x2100, 0x0000,     /* [1075] '禅' U+7985 */
0x4440, 0x2280, 0xF7C0, 0x1540, 
    0x27C0, 0x7540, 0xAFC0, 0x2100, 0x2FE0, 0x2100, 0x2100, 0x0000, 
    /* [1076] '禹' U+79B9 */
    0x00C0, 0x7F00, 0x0400, 0x3FC0, 0x2440, 0x3FC0, 0x0400, 0x7FE0, 
    0x4520, 0x5EA0, 0x40E0, 0x0000,     /* [1077] '禺' U+79BA */
0x3FC0, 0x2440, 0x3FC0, 0x2440, 
    0x3FC0, 0x0400, 0x7FE0, 0x4520, 0x7EA0, 0x4020, 0x40E0, 0x0000, 
    /* [1078] '秀' U+79C0 */
    0x3F80, 0x0400, 0xFFE0, 0x1500, 0x2480, 0xDF60, 0x0900, 0x0BC0, 
    0x1040, 0x2040, 0xC180, 0x0000,     /* [1079] '私' U+79C1 */
0x1800, 0xE100, 0x2100, 0xF900, 
    0x2200, 0x7200, 0x6A00, 0xA440, 0x2FE0, 0x2420, 0x2000, 0x0000, 
    /* [1080] '科' U+79D1 */
    0x1840, 0xE240, 0x2140, 0xF840, 0x2240, 0x3140, 0x6860, 0xA1C0, 
    0x2640, 0x2040, 0x2040, 0x0000,     /* [1081] '租' U+79DF */
0x1BC0, 0xE240, 0x2240, 0xFA40, 
    0x23C0, 0x3240, 0x6A40, 0xABC0, 0x2240, 0x2240, 0x2FE0, 0x0000, 
    /* [1082] '秦' U+79E6 */
    0x0400, 0x7FC0, 0x0400, 0x3F80, 0x0800, 0xFFE0, 0x2C80, 0xC460, 
    0x7FC0, 0x1500, 0x64C0, 0x0000,     /* [1083] '稷' U+7A37 */
0x17E0, 0xE520, 0x27E0, 0xFD20, 
    0x27E0, 0x3440, 0x2BE0, 0x6240, 0xA580, 0x2240, 0x2420, 0x0000, 
    /* [1084] '章' U+7AE0 */
    0x0400, 0x7FC0, 0x1100, 0xFFE0, 0x2080, 0x3F80, 0x2080, 0x3F80, 
    0x0400, 0xFFE0, 0x0400, 0x0000,     /* [1085] '符' U+7B26 */
0x2100, 0x3DE0, 0x5280, 0x8440, 
    0x1080, 0x2FE0, 0x6080, 0xA480, 0x2280, 0x2080, 0x2180, 0x0000, 
    /* [1086] '綦' U+7DA6 */
    0x1080, 0x7FE0, 0x1080, 0x1F80, 0x1080, 0xFFE0, 0x4A40, 0x94A0, 
    0x7F40, 0x2500, 0xCCE0, 0x0000,     /* [1087] '纵' U+7EB5 */
0x2480, 0x2480, 0x4480, 0x5480, 
    0xE480, 0x2680, 0x4580, 0xF880, 0x0940, 0x3220, 0xC420, 0x0000, 
    /* [1088] '线' U+7EBF */
    0x2280, 0x2240, 0x43C0, 0x4E00, 0xE3E0, 0x2E00, 0x4240, 0xF280, 
    0x0920, 0x32A0, 0xCC60, 0x0000,     /* [1089] '绛' U+7EDB */
0x2200, 0x27E0, 0x4C40, 0xF380, 
    0x2D60, 0x4100, 0xEFE0, 0x0900, 0x3FE0, 0xC100, 0x0100, 0x0000, 
    /* [1090] '绥' U+7EE5 */
    0x20C0, 0x2F20, 0x4A20, 0x5540, 0xE100, 0x2200, 0x4FE0, 0xF240, 
    0x0480, 0x3380, 0xCC60, 0x0000,     /* [1091] '网' U+7F51 */
0x7FE0, 0x4020, 0x48A0, 0x6AA0, 
    0x5120, 0x4920, 0x56A0, 0x62A0, 0x4420, 0x4020, 0x40E0, 0x0000, 
    /* [1092] '美' U+7F8E */
    0x1100, 0x7FC0, 0x0400, 0x3F80, 0x0400, 0xFFE0, 0x0400, 0x7FC0, 
    0x0A00, 0x1100, 0xE0E0, 0x0000,     /* [1093] '群' U+7FA4 */
0x7A20, 0x2940, 0xFFE0, 0x2880, 
    0x7BE0, 0x2080, 0x7880, 0xAFE0, 0x2880, 0x2880, 0x3880, 0x0000, 
    /* [1094] '羽' U+7FBD */
    0xFBE0, 0x0820, 0x4920, 0x28A0, 0x0860, 0x18A0, 0x2920, 0x4A20, 
    0x8820, 0x28A0, 0x1040, 0x0000,     /* [1095] '老' U+8001 */
0x0400, 0x0440, 0x3F80, 0x0500, 
    0xFFE0, 0x0800, 0x1980, 0x2E00, 0xC840, 0x0840, 0x07C0, 0x0000, 
    /* [1096] '考' U+8003 */
    0x0840, 0x7F80, 0x0900, 0xFFE0, 0x0400, 0x0FC0, 0x3400, 0xCF80, 
    0x0080, 0x0080, 0x0700, 0x0000,     /* [1097] '者' U+8005 */
0x0400, 0x3F40, 0x0480, 0x0500, 
    0xFFE0, 0x0800, 0x3F80, 0xD080, 0x1F80, 0x1080, 0x1F80, 0x0000, 
    /* [1098] '耳' U+8033 */
    0x7FE0, 0x1080, 0x1080, 0x1F80, 0x1080, 0x1F80, 0x1080, 0x10E0, 
    0x7F80, 0x0080, 0x0080, 0x0000,     /* [1099] '聊' U+804A */
0xF200, 0xACE0, 0xAAA0, 0xEAA0, 
    0xAAA0, 0xEAA0, 0xAAA0, 0xAEA0, 0xF2E0, 0x2480, 0x2880, 0x0000, 
    /* [1100] '聚' U+805A */
    0xFFE0, 0x4520, 0x7CC0, 0x44C0, 0xFF20, 0x05C0, 0x7E40, 0x0A80, 
    0x7700, 0x0A80, 0x7260, 0x0000,     /* [1101] '肃' U+8083 */
0x0400, 0x7FC0, 0x0440, 0xFFE0, 
    0x0440, 0x7FC0, 0x0400, 0x5640, 0x5540, 0x6540, 0x8440, 0x0000, 
    /* [1102] '肇' U+8087 */
    0x2200, 0x7BE0, 0x4940, 0x7CC0, 0x8520, 0x7FE0, 0x0480, 0x3F80, 
    0x0400, 0xFFE0, 0x0400, 0x0000,     /* [1103] '肥' U+80A5 */
0x7BE0, 0x4AA0, 0x4AA0, 0x7AA0, 
    0x4BE0, 0x4A20, 0x7A00, 0x4A00, 0x4A20, 0x8A20, 0x99E0, 0x0000, 
    /* [1104] '胜' U+80DC */
    0x7100, 0x5500, 0x5500, 0x77E0, 0x5900, 0x5100, 0x77C0, 0x5100, 
    0x5100, 0x9100, 0xBFE0, 0x0000,     /* [1105] '胶' U+80F6 */
0x7100, 0x57E0, 0x5280, 0x7440, 
    0x5820, 0x7480, 0x5280, 0x5100, 0x5280, 0xB440, 0x8820, 0x0000, 
    /* [1106] '脚' U+811A */
    0x74E0, 0x54A0, 0x5FA0, 0x74A0, 0x54A0, 0x5FA0, 0x74A0, 0x5AA0, 
    0x5FE0, 0x9080, 0xB080, 0x0000,     /* [1107] '腊' U+814A */
0x7280, 0x5280, 0x57C0, 0x7280, 
    0x5FE0, 0x5000, 0x77C0, 0x5440, 0x57C0, 0x9440, 0xB7C0, 0x0000, 
    /* [1108] '腿' U+817F */
    0x71E0, 0x5920, 0x55E0, 0x7120, 0x5DE0, 0x5500, 0x75A0, 0x5540, 
    0x5520, 0x9580, 0xBBE0, 0x0000,     /* [1109] '至' U+81F3 */
0x7FC0, 0x0800, 0x1100, 0x2080, 
    0x7FC0, 0x0400, 0x0400, 0x3F80, 0x0400, 0x0400, 0xFFE0, 0x0000, 
    /* [1110] '致' U+81F4 */
    0xFD00, 0x2100, 0x29E0, 0x4A40, 0x7540, 0x1140, 0x7D40, 0x1140, 
    0x1080, 0x1D40, 0xE220, 0x0000,     /* [1111] '舞' U+821E */
0x4000, 0x7FE0, 0xAA80, 0xFFE0, 
    0x2A80, 0xFFE0, 0x2080, 0x3BE0, 0xCA80, 0x37E0, 0xC080, 0x0000, 
    /* [1112] '舟' U+821F */
    0x0400, 0x1F80, 0x1080, 0x1480, 0x1280, 0xFFE0, 0x1480, 0x1280, 
    0x2280, 0x4080, 0x8380, 0x0000,     /* [1113] '艇' U+8247 */
0x2000, 0x7EE0, 0x5240, 0x7440, 
    0x5E40, 0xF2E0, 0x5A40, 0x7640, 0x52E0, 0x5500, 0xB8E0, 0x0000, 
    /* [1114] '良' U+826F */
    0x0400, 0x3F80, 0x2080, 0x3F80, 0x2080, 0x3F80, 0x2440, 0x2280, 
    0x2100, 0x2880, 0x3060, 0x0000,     /* [1115] '艺' U+827A */
0x0900, 0xFFE0, 0x0900, 0x0900, 
    0x3F80, 0x0100, 0x0600, 0x1800, 0x2020, 0x2020, 0x1FE0, 0x0000, 
    /* [1116] '芒' U+8292 */
    0x1100, 0xFFE0, 0x1100, 0x0400, 0x0200, 0xFFE0, 0x2000, 0x2000, 
    0x2000, 0x2000, 0x3FC0, 0x0000,     /* [1117] '芜' U+829C */
0x1100, 0xFFE0, 0x1100, 0x7FC0, 
    0x0400, 0x0400, 0xFFE0, 0x0A00, 0x1220, 0x2220, 0xC1E0, 0x0000, 
    /* [1118] '芦' U+82A6 */
    0x0900, 0x7FE0, 0x0D00, 0x0200, 0x3FC0, 0x2040, 0x3FC0, 0x2040, 
    0x2000, 0x4000, 0x8000, 0x0000,     /* [1119] '芬' U+82AC */
0x1100, 0xFFE0, 0x1100, 0x0A00, 
    0x1100, 0x2080, 0x5FC0, 0x88A0, 0x0880, 0x3480, 0xC300, 0x0000, 
    /* [1120] '芳' U+82B3 */
    0x0900, 0x7FE0, 0x0900, 0x0200, 0x7FE0, 0x0800, 0x0FC0, 0x0840, 
    0x0840, 0x1040, 0x6180, 0x0000,     /* [1121] '芷' U+82B7 */
0x1100, 0xFFE0, 0x1100, 0x0200, 
    0x0200, 0x1200, 0x13C0, 0x1200, 0x1200, 0x1200, 0xFFE0, 0x0000, 
    /* [1122] '苍' U+82CD */
    0x1100, 0xFFE0, 0x1100, 0x0E00, 0x3180, 0xC060, 0x1F00, 0x1100, 
    0x1240, 0x1040, 0x0FC0, 0x0000,     /* [1123] '茂' U+8302 */
0x1100, 0xFFE0, 0x1080, 0x0440, 
    0x3FE0, 0x2400, 0x2480, 0x2500, 0x2220, 0x4520, 0x98E0, 0x0000, 
    /* [1124] '荆' U+8346 */
    0x2420, 0xFF20, 0x24A0, 0x00A0, 0x7EA0, 0x24A0, 0xFFA0, 0x24A0, 
    0x2420, 0x4420, 0x84E0, 0x0000,     /* [1125] '荔' U+8354 */
0x1100, 0xFFE0, 0x1500, 0x7F80, 
    0x0880, 0xF700, 0x2080, 0xFBE0, 0x2920, 0x4A20, 0xB4C0, 0x0000, 
    /* [1126] '荣' U+8363 */
    0x1100, 0xFFE0, 0x1100, 0xFFE0, 0x8420, 0x0400, 0xFFE0, 0x1500, 
    0x2480, 0xC460, 0x0400, 0x0000,     /* [1127] '荷' U+8377 */
0x1100, 0xFFE0, 0x1100, 0x2FE0, 
    0x2040, 0x6F40, 0xA940, 0x2940, 0x2F40, 0x2040, 0x21C0, 0x0000, 
    /* [1128] '莆' U+8386 */
    0x1100, 0xFFE0, 0x1540, 0xFFE0, 0x0400, 0x7FC0, 0x4440, 0x7FC0, 
    0x4440, 0x7FC0, 0x44C0, 0x0000,     /* [1129] '莎' U+838E */
0x1100, 0xFFE0, 0x1100, 0x4100, 
    0xA540, 0x4520, 0x2920, 0xC940, 0x4080, 0x4300, 0x4C00, 0x0000, 
    /* [1130] '莒' U+8392 */
    0x1100, 0xFFE0, 0x1100, 0x3F80, 0x2080, 0x3F80, 0x0000, 0x7FC0, 
    0x4040, 0x7FC0, 0x4040, 0x0000,     /* [1131] '莘' U+8398 */
0x1100, 0xFFE0, 0x1500, 0x7FC0, 
    0x1100, 0x0A00, 0xFFE0, 0x0400, 0x7FC0, 0x0400, 0x0400, 0x0000, 
    /* [1132] '莱' U+83B1 */
    0x1100, 0xFFE0, 0x1500, 0x7FC0, 0x2480, 0x1500, 0xFFE0, 0x1500, 
    0x2480, 0x4440, 0x8420, 0x0000,     /* [1133] '莲' U+83B2 */
0x1100, 0xFFE0, 0x1200, 0x5FC0, 
    0x0500, 0xEFC0, 0x2100, 0x3FE0, 0x2100, 0x5100, 0x8FE0, 0x0000, 
    /* [1134] '获' U+83B7 */
    0x1100, 0xFFE0, 0x1100, 0x5180, 0x2140, 0x57E0, 0x9100, 0x3100, 
    0x5280, 0x1440, 0x6820, 0x0000,     /* [1135] '菁' U+83C1 */
0x1100, 0xFFE0, 0x1500, 0x7FC0, 
    0x0400, 0xFFE0, 0x2080, 0x3F80, 0x2080, 0x3F80, 0x2080, 0x0000, 
    /* [1136] '菏' U+83CF */
    0x1100, 0xFFE0, 0x1100, 0x4FE0, 0x2040, 0x8740, 0x6540, 0x2540, 
    0xC740, 0x4040, 0x41C0, 0x0000,     /* [1137] '萝' U+841D */
0x1100, 0xFFE0, 0x1100, 0x7FC0, 
    0x4A40, 0x7FC0, 0x1000, 0x3F80, 0x5100, 0x0E00, 0xF800, 0x0000, 
    /* [1138] '营' U+8425 */
    0x0900, 0x7FE0, 0x0900, 0x7FE0, 0x4020, 0x5F80, 0x1080, 0x3FC0, 
    0x2040, 0x2040, 0x3FC0, 0x0000,     /* [1139] '萧' U+8427 */
0x1100, 0xFFE0, 0x1500, 0x7F80, 
    0x0480, 0xFFE0, 0x0480, 0x3F80, 0x5540, 0x64C0, 0x8440, 0x0000, 
    /* [1140] '落' U+843D */
    0x1100, 0xFFE0, 0x1100, 0x4780, 0x2C80, 0x8300, 0x5480, 0x2860, 
    0xC780, 0x4480, 0x4780, 0x0000,     /* [1141] '葛' U+845B */
0x1100, 0xFFE0, 0x1100, 0x3F80, 
    0x2080, 0x3F80, 0x2080, 0x3FE0, 0x6420, 0xAA20, 0x3F60, 0x0000, 
    /* [1142] '葫' U+846B */
    0x1100, 0xFFE0, 0x1100, 0x23C0, 0xFA40, 0x23C0, 0x7A40, 0x4BC0, 
    0x7A40, 0x0440, 0x08C0, 0x0000,     /* [1143] '蒲' U+84B2 */
0x1100, 0xFFE0, 0x1140, 0x5FE0, 
    0x2920, 0x8FE0, 0x6920, 0x2FE0, 0xC920, 0x4920, 0x4960, 0x0000, 
    /* [1144] '蓥' U+84E5 */
    0x1100, 0xFFE0, 0x1100, 0xFFE0, 0x8A20, 0x1100, 0x3F80, 0xC460, 
    0x3F80, 0x1500, 0xFFE0, 0x0000,     /* [1145] '蓬' U+84EC */
0x1100, 0xFFE0, 0x1380, 0x4480, 
    0x2380, 0x0D60, 0xE380, 0x2100, 0x27C0, 0x5100, 0x8FE0, 0x0000, 
    /* [1146] '虞' U+865E */
    0x07C0, 0x0400, 0x7FE0, 0x4820, 0x5FE0, 0x6880, 0x7FC0, 0x4240, 
    0x7FE0, 0x4500, 0xB8E0, 0x0000,     /* [1147] '蚌' U+868C */
0x2080, 0x23E0, 0x2080, 0xF880, 
    0xABE0, 0xA880, 0xF880, 0x27E0, 0x2080, 0x3880, 0xC880, 0x0000, 
    /* [1148] '蜀' U+8700 */
    0x7FE0, 0x4920, 0x7FE0, 0x1000, 0x3FE0, 0x4420, 0xBFA0, 0x24A0, 
    0x3FA0, 0x04A0, 0x3F40, 0x0000,     /* [1149] '蜂' U+8702 */
0x2200, 0x23E0, 0x2480, 0xFB60, 
    0xA880, 0xAFE0, 0xF880, 0x23E0, 0x2880, 0x3FE0, 0xC880, 0x0000, 
    /* [1150] '蟠' U+87E0 */
    0x2040, 0x27A0, 0xFAA0, 0xAFE0, 0xA9C0, 0xAAA0, 0xFFE0, 0x22A0, 
    0x2BE0, 0x3AA0, 0xEBE0, 0x0000,     /* [1151] '衡' U+8861 */
0x2EE0, 0x5400, 0x9F00, 0x35E0, 
    0x5F40, 0xD540, 0x5F40, 0x4440, 0x5F40, 0x4A40, 0x51C0, 0x0000, 
    /* [1152] '衢' U+8862 */
    0x3FE0, 0x5500, 0x9F00, 0x35E0, 0x5F40, 0x5240, 0xFF40, 0x5240, 
    0x5F40, 0x5240, 0x5FC0, 0x0000,     /* [1153] '褒' U+8912 */
0x0400, 0xFFE0, 0x1440, 0x27C0, 
    0x7100, 0xAFE0, 0x2540, 0x0920, 0x3480, 0xD300, 0x18E0, 0x0000, 
    /* [1154] '襄' U+8944 */
    0x0400, 0xFFE0, 0x4A40, 0x7BC0, 0x1100, 0x7FC0, 0x1100, 0xFFE0, 
    0x3280, 0xD500, 0x18E0, 0x0000,     /* [1155] '覆' U+8986 */
0xFFE0, 0x0A00, 0x7FC0, 0x4A40, 
    0x7FE0, 0xCD40, 0x3540, 0xE7C0, 0x2A80, 0x3100, 0x2EE0, 0x0000, 
    /* [1156] '观' U+89C2 */
    0x07C0, 0xF440, 0x1540, 0x9540, 0x5540, 0x2540, 0x2540, 0x5180, 
    0x52A0, 0x84A0, 0x1860, 0x0000,     /* [1157] '览' U+89C8 */
0x1200, 0x53E0, 0x5480, 0x5040, 
    0x3F80, 0x2080, 0x2480, 0x2480, 0x24A0, 0x1A20, 0xE3E0, 0x0000, 
    /* [1158] '角' U+89D2 */
    0x1000, 0x1F00, 0x2200, 0x7FC0, 0xA440, 0x3FC0, 0x2440, 0x3FC0, 
    0x2440, 0x4540, 0x8080, 0x0000,     /* [1159] '讯' U+8BAF */
0x9F80, 0x4480, 0x4480, 0x0480, 
    0xC480, 0x5F80, 0x4480, 0x54A0, 0x64A0, 0x4460, 0x0420, 0x0000, 
    /* [1160] '诸' U+8BF8 */
    0x4200, 0x27A0, 0x0240, 0xEFE0, 0x2200, 0x27C0, 0x2440, 0x2FC0, 
    0x3440, 0x27C0, 0x0440, 0x0000,     /* [1161] '贝' U+8D1D */
0x3F80, 0x2080, 0x2480, 0x2480, 
    0x2480, 0x2480, 0x2480, 0x2480, 0x0A00, 0x1180, 0x6080, 0x0000, 
    /* [1162] '贡' U+8D21 */
    0x3F80, 0x0400, 0xFFE0, 0x0000, 0x3F80, 0x2080, 0x2480, 0x2480, 
    0x2A80, 0x1100, 0x60C0, 0x0000,     /* [1163] '贤' U+8D24 */
0x17C0, 0x9240, 0x9180, 0x9240, 
    0x3FA0, 0x2080, 0x2480, 0x2480, 0x2480, 0x1B00, 0xE0E0, 0x0000, 
    /* [1164] '贺' U+8D3A */
    0x11E0, 0xFD20, 0x25E0, 0x4400, 0x9FC0, 0x1040, 0x1240, 0x1240, 
    0x1240, 0x0D80, 0x7060, 0x0000,     /* [1165] '资' U+8D44 */
0x4800, 0x2FE0, 0xD240, 0x4500, 
    0x48C0, 0x3F80, 0x2080, 0x2480, 0x2480, 0x0A00, 0x71C0, 0x0000, 
    /* [1166] '赫' U+8D6B */
    0x1080, 0x7FE0, 0x1080, 0xFFE0, 0x2940, 0x6D40, 0xAB60, 0xAD60, 
    0x2940, 0x4A40, 0x98C0, 0x0000,     /* [1167] '超' U+8D85 */
0x17C0, 0x1140, 0x7D40, 0x12C0, 
    0xFC00, 0x13C0, 0x5E40, 0x5240, 0x73C0, 0x9800, 0x87E0, 0x0000, 
    /* [1168] '越' U+8D8A */
    0x10C0, 0x10A0, 0x7FE0, 0x1280, 0xFEA0, 0x12A0, 0x5E40, 0x52A0, 
    0x7120, 0x9A00, 0x87E0, 0x0000,     /* [1169] '转' U+8F6C */
0x2100, 0xF7C0, 0x4100, 0x6FE0, 
    0xA200, 0xF7C0, 0x2040, 0x3A80, 0xE100, 0x2080, 0x2080, 0x0000, 
    /* [1170] '轿' U+8F7F */
    0x20C0, 0xFF00, 0x4100, 0x67E0, 0xA240, 0xFC20, 0x2240, 0x3A40, 
    0xE240, 0x2440, 0x2840, 0x0000,     /* [1171] '辉' U+8F89 */
0x27E0, 0xAC20, 0x7100, 0x27E0, 
    0xFA00, 0x5480, 0x57C0, 0x5080, 0x5FE0, 0x5080, 0x8080, 0x0000, 
    /* [1172] '辛' U+8F9B */
    0x0400, 0x7FC0, 0x2080, 0x1900, 0x0A00, 0xFFE0, 0x0400, 0x7FC0, 
    0x0400, 0x0400, 0x0400, 0x0000,     /* [1173] '边' U+8FB9 */
0x4100, 0x2100, 0x2FE0, 0x0120, 
    0xE120, 0x2120, 0x2220, 0x2420, 0x28C0, 0x5000, 0x8FE0, 0x0000, 
    /* [1174] '达' U+8FBE */
    0x4100, 0x2100, 0x2100, 0x0FE0, 0xE100, 0x2100, 0x2280, 0x2440, 
    0x2820, 0x5000, 0x8FE0, 0x0000,     /* [1175] '迁' U+8FC1 */
0x40C0, 0x2700, 0x2100, 0x0100, 
    0xEFE0, 0x2100, 0x2100, 0x2100, 0x2100, 0x5000, 0x8FE0, 0x0000, 
    /* [1176] '运' U+8FD0 */
    0x47C0, 0x2000, 0x2000, 0x0FE0, 0xE200, 0x2280, 0x2440, 0x2FA0, 
    0x2420, 0x5000, 0x8FE0, 0x0000,     /* [1177] '逊' U+900A */
0x5E80, 0x2280, 0x2480, 0x05C0, 
    0xE6A0, 0x3CA0, 0x2480, 0x2480, 0x3D80, 0x5000, 0x8FE0, 0x0000, 
    /* [1178] '速' U+901F */
    0x4100, 0x3FE0, 0x2100, 0x0FE0, 0xE920, 0x2FE0, 0x2380, 0x2540, 
    0x2920, 0x5100, 0x8FE0, 0x0000,     /* [1179] '遂' U+9042 */
0x4440, 0x2280, 0x3FE0, 0x0620, 
    0xE940, 0x2280, 0x2DC0, 0x22A0, 0x2CA0, 0x5100, 0x8FE0, 0x0000, 
    /* [1180] '邑' U+9091 */
    0x3F00, 0x2100, 0x3F00, 0x0000, 0x7F80, 0x4480, 0x7F80, 0x4000, 
    0x4040, 0x4040, 0x3FC0, 0x0000,     /* [1181] '邡' U+90A1 */
0x21E0, 0x1120, 0xFF40, 0x2140, 
    0x3D80, 0x2540, 0x2520, 0x2520, 0x45A0, 0x5540, 0x8900, 0x0000, 
    /* [1182] '邢' U+90A2 */
    0x7DE0, 0x2920, 0x2940, 0x2940, 0xFF80, 0x2940, 0x2920, 0x2920, 
    0x29E0, 0x4940, 0x8900, 0x0000,     /* [1183] '邯' U+90AF */
0x25E0, 0x2520, 0xFF40, 0x2540, 
    0x2580, 0x3D40, 0x2520, 0x2520, 0x25A0, 0x3D40, 0x2500, 0x0000, 
    /* [1184] '邱' U+90B1 */
    0x0DE0, 0x7120, 0x4140, 0x4140, 0x7F80, 0x4940, 0x4920, 0x4920, 
    0x5FA0, 0xE140, 0x0100, 0x0000,     /* [1185] '邳' U+90B3 */
0x01E0, 0xFD20, 0x1140, 0x1940, 
    0x3580, 0x5540, 0x9120, 0x1120, 0x1DA0, 0xE140, 0x4100, 0x0000, 
    /* [1186] '邵' U+90B5 */
    0xFDE0, 0x2520, 0x2540, 0x2540, 0x5580, 0x8940, 0x7D20, 0x4520, 
    0x45A0, 0x7D40, 0x4500, 0x0000,     /* [1187] '邹' U+90B9 */
0x21E0, 0x3D20, 0x4940, 0xBD40, 
    0x0580, 0x0540, 0x7D20, 0x0520, 0x05A0, 0x7D40, 0x0100, 0x0000, 
    /* [1188] '郁' U+90C1 */
    0x11E0, 0xFF20, 0x2120, 0x3D40, 0x6580, 0xBD40, 0x2520, 0x3D20, 
    0x25A0, 0x2540, 0x2D00, 0x0000,     /* [1189] '郊' U+90CA */
0x21E0, 0x1120, 0xFF20, 0x2540, 
    0x4380, 0xA540, 0x1920, 0x0920, 0x15A0, 0x2340, 0xC100, 0x0000, 
    /* [1190] '郎' U+90CE */
    0x11E0, 0x7D20, 0x4520, 0x7D40, 0x4540, 0x7D20, 0x5120, 0x4920, 
    0x55A0, 0x6540, 0x0100, 0x0000,     /* [1191] '郏' U+90CF */
0x11E0, 0xFF20, 0x1120, 0x9340, 
    0x5580, 0xFF40, 0x1120, 0x1120, 0x29A0, 0x4540, 0x8300, 0x0000, 
    /* [1192] '郓' U+90D3 */
    0xFDE0, 0x8520, 0x2120, 0xFD40, 0x5180, 0xFD40, 0x1120, 0x1D20, 
    0xF1A0, 0x1140, 0x1100, 0x0000,     /* [1193] '郡' U+90E1 */
0x7DE0, 0x2520, 0xFF20, 0x2540, 
    0x7D80, 0x2140, 0x3D20, 0x6520, 0xA5A0, 0x3D40, 0x2500, 0x0000, 
    /* [1194] '郫' U+90EB */
    0x21E0, 0xFD20, 0x9520, 0xFD40, 0x9580, 0xFD40, 0x2920, 0x4920, 
    0xFFA0, 0x0940, 0x0900, 0x0000,     /* [1195] '郯' U+90EF */
0x11E0, 0x5320, 0x9520, 0x1140, 
    0x2980, 0xC740, 0x1120, 0x5520, 0x95A0, 0x2940, 0xC700, 0x0000, 
    /* [1196] '郴' U+90F4 */
    0x25E0, 0x2520, 0xFF20, 0x2540, 0x3780, 0x6D40, 0xB520, 0xA520, 
    0x25A0, 0x2540, 0x2500, 0x0000,     /* [1197] '郸' U+90F8 */
0x45E0, 0x2920, 0x7D20, 0x5540, 
    0x7D80, 0x5540, 0x7D20, 0x1120, 0xFFA0, 0x1140, 0x1100, 0x0000, 
    /* [1198] '鄄' U+9104 */
    0xFFE0, 0x2920, 0xFF20, 0xAB40, 0xAB80, 0xFF40, 0x1120, 0x7D20, 
    0x11A0, 0x1D40, 0xE100, 0x0000,     /* [1199] '鄱' U+9131 */
0x0DE0, 0xF320, 0x5540, 0xFF40, 
    0x5580, 0x9340, 0x7D20, 0x5520, 0x7DA0, 0x5540, 0x7D00, 0x0000, 
    /* [1200] '酒' U+9152 */
    0x4FE0, 0x2280, 0x8280, 0x5FE0, 0x2AA0, 0x2CE0, 0x2820, 0xCFE0, 
    0x4820, 0x4FE0, 0x4820, 0x0000,     /* [1201] '醴' U+91B4 */
0xFA80, 0x57E0, 0x52A0, 0xFFE0, 
    0xAAA0, 0xDFE0, 0x8A40, 0xFBC0, 0x8A40, 0xF980, 0x8FE0, 0x0000, 
    /* [1202] '野' U+91CE */
    0xFBE0, 0xA840, 0xF980, 0xA880, 0xAFE0, 0xF8A0, 0x2080, 0xF880, 
    0x2080, 0x3880, 0xC380, 0x0000,     /* [1203] '钟' U+949F */
0x4100, 0x4100, 0x7FE0, 0x8520, 
    0x7520, 0x2520, 0xFFE0, 0x2100, 0x2900, 0x3100, 0x2100, 0x0000, 
    /* [1204] '钦' U+94A6 */
    0x4200, 0x4200, 0x7BE0, 0x8220, 0xFD40, 0x2100, 0xF900, 0x2280, 
    0x2A80, 0x3440, 0x2820, 0x0000,     /* [1205] '链' U+94FE */
0x4100, 0x4BE0, 0x7500, 0x8280, 
    0xFFE0, 0x2480, 0xFFE0, 0x2480, 0x2480, 0x3A00, 0x29E0, 0x0000, 
    /* [1206] '锡' U+9521 */
    0x47C0, 0x4440, 0x77C0, 0x8440, 0xFFC0, 0x2400, 0xF7E0, 0x2AA0, 
    0x22A0, 0x3520, 0x22C0, 0x0000,     /* [1207] '锦' U+9526 */
0x4100, 0x47C0, 0x7C40, 0x87C0, 
    0xFC40, 0x27C0, 0xF900, 0x2FE0, 0x2920, 0x3960, 0x2100, 0x0000, 
    /* [1208] '镇' U+9547 */
    0x4100, 0x4FE0, 0x7100, 0x87C0, 0xFC40, 0x2740, 0xFDC0, 0x2440, 
    0x2FE0, 0x3280, 0x2C60, 0x0000,     /* [1209] '闵' U+95F5 */
0x27E0, 0x9020, 0x8420, 0xBFA0, 
    0x8220, 0x8A20, 0x8420, 0x8A20, 0x9120, 0xA120, 0x8060, 0x0000, 
    /* [1210] '闾' U+95FE */
    0x27E0, 0x1020, 0x4F20, 0x4920, 0x4F20, 0x4020, 0x5FA0, 0x50A0, 
    0x5FA0, 0x4020, 0x4060, 0x0000,     /* [1211] '阁' U+9601 */
0x9FE0, 0x4820, 0x0F20, 0x9920, 
    0xA620, 0x8920, 0xBFA0, 0x9120, 0x9F20, 0x9120, 0x8060, 0x0000, 
    /* [1212] '阆' U+9606 */
    0x2FE0, 0x1020, 0x4420, 0x5F20, 0x5120, 0x5F20, 0x5120, 0x5F20, 
    0x54A0, 0x5B20, 0x40E0, 0x0000,     /* [1213] '阜' U+961C */
0x0800, 0x7F80, 0x4080, 0x7F80, 
    0x4000, 0x7FC0, 0x4040, 0x7FC0, 0x0400, 0xFFE0, 0x0400, 0x0000, 
    /* [1214] '阡' U+9621 */
    0xF0C0, 0x9700, 0xA100, 0xC100, 0xAFE0, 0x9100, 0x9100, 0xF100, 
    0xA100, 0x8100, 0x8100, 0x0000,     /* [1215] '阿' U+963F */
0xF7E0, 0x9040, 0xA040, 0xA740, 
    0xA540, 0x9540, 0x9540, 0xD740, 0xA040, 0x8040, 0x80C0, 0x0000, 
    /* [1216] '陀' U+9640 */
    0xF200, 0x9100, 0xAFE0, 0xC820, 0xA200, 0x9240, 0x9280, 0xD300, 
    0xA220, 0x8220, 0x81E0, 0x0000,     /* [1217] '陂' U+9642 */
0xF100, 0x9100, 0xA7E0, 0xC520, 
    0xA500, 0x97C0, 0x9540, 0xF540, 0xA480, 0x8940, 0x9620, 0x0000, 
    /* [1218] '际' U+9645 */
    0xF7C0, 0x9000, 0xA000, 0xCFE0, 0xA100, 0x9540, 0x9540, 0xD520, 
    0xA920, 0x8100, 0x8300, 0x0000,     /* [1219] '陆' U+9646 */
0xF100, 0x97C0, 0xA100, 0xC100, 
    0xAFE0, 0x9100, 0x9520, 0xF520, 0xA520, 0x87E0, 0x8420, 0x0000, 
    /* [1220] '陉' U+9649 */
    0xF7C0, 0x9040, 0xA080, 0xC140, 0xA620, 0x9000, 0x97C0, 0xF100, 
    0xA100, 0x8100, 0x8FE0, 0x0000,     /* [1221] '隆' U+9686 */
0xF400, 0x97C0, 0xAC40, 0xC380, 
    0xAC60, 0x9500, 0x97E0, 0xF900, 0xA7C0, 0x8100, 0x9FE0, 0x0000, 
    /* [1222] '随' U+968F */
    0xE100, 0xB7E0, 0xAA00, 0xC7C0, 0xA240, 0xBBC0, 0xAA40, 0xCBC0, 
    0x8A40, 0x8C00, 0x93E0, 0x0000,     /* [1223] '障' U+969C */
0xF100, 0x9FE0, 0xA480, 0xCFE0, 
    0xA440, 0x97C0, 0x9440, 0xF7C0, 0xA100, 0x8FE0, 0x8100, 0x0000, 
    /* [1224] '雄' U+96C4 */
    0x1100, 0x1280, 0xFFE0, 0x2280, 0x2680, 0x53E0, 0x5280, 0x93E0, 
    0xA280, 0x2A80, 0x7BE0, 0x0000,     /* [1225] '雅' U+96C5 */
0xFB00, 0x1280, 0x53E0, 0x5680, 
    0xFBE0, 0x1280, 0x3280, 0x53E0, 0x9280, 0x1280, 0x73E0, 0x0000, 
    /* [1226] '集' U+96C6 */
    0x1400, 0x2200, 0x7FE0, 0xA400, 0x3FC0, 0x2400, 0x3FC0, 0x2400, 
    0xFFE0, 0x1500, 0xE4E0, 0x0000,     /* [1227] '霆' U+9706 */
0x7FC0, 0x0400, 0xFFE0, 0xA4A0, 
    0xF7C0, 0x2100, 0x77C0, 0x1100, 0x5FE0, 0x2000, 0xDFE0, 0x0000, 
    /* [1228] '霍' U+970D */
    0x7FC0, 0x0400, 0xFFE0, 0xA4A0, 0x3FE0, 0x1200, 0x3FC0, 0x5200, 
    0x9FC0, 0x1200, 0x1FE0, 0x0000,     /* [1229] '霸' U+9738 */
0x7FC0, 0x0400, 0xFFE0, 0x9520, 
    0xFFC0, 0x4A40, 0xFBC0, 0xAA40, 0xFFC0, 0x2240, 0x24C0, 0x0000, 
    /* [1230] '靖' U+9756 */
    0x4100, 0x27E0, 0xF900, 0x07C0, 0x9100, 0x5FE0, 0x5440, 0x27C0, 
    0x3440, 0xC7C0, 0x0440, 0x0000,     /* [1231] '鞍' U+978D */
0x5100, 0xFFE0, 0x5420, 0x7100, 
    0x2100, 0xFFE0, 0xA940, 0xFA40, 0x2180, 0xF940, 0x2620, 0x0000, 
    /* [1232] '韶' U+97F6 */
    0x23E0, 0xF920, 0x8920, 0x51E0, 0xFA40, 0x0400, 0xFBE0, 0x8A20, 
    0xFA20, 0x8BE0, 0xFA20, 0x0000,     /* [1233] '项' U+9879 */
0x07E0, 0xF900, 0x27E0, 0x2420, 
    0x2520, 0x2520, 0x2520, 0x3D20, 0xC180, 0x0240, 0x0C20, 0x0000, 
    /* [1234] '颍' U+988D */
    0x4BE0, 0x5080, 0x67E0, 0x4220, 0x7EA0, 0x12A0, 0xF6A0, 0x3AA0, 
    0x5EA0, 0x9140, 0x3220, 0x0000,     /* [1235] '饶' U+9976 */
0x4200, 0x47E0, 0x7A80, 0x9120, 
    0xAEE0, 0x2000, 0x27E0, 0x2A80, 0x32A0, 0x24A0, 0x0860, 0x0000, 
    /* [1236] '首' U+9996 */
    0x2080, 0x1100, 0xFFE0, 0x0800, 0x3F80, 0x2080, 0x3F80, 0x2080, 
    0x3F80, 0x2080, 0x3F80, 0x0000,     /* [1237] '香' U+9999 */
0x0180, 0x7E00, 0x0400, 0xFFE0, 
    0x1500, 0x2480, 0xFFE0, 0x2080, 0x3F80, 0x2080, 0x3F80, 0x0000, 
    /* [1238] '驰' U+9A70 */
    0xF080, 0x12A0, 0x52E0, 0x53A0, 0x56A0, 0x7AA0, 0x0AC0, 0xEA80, 
    0x0A20, 0x0A20, 0x31E0, 0x0000,     /* [1239] '驳' U+9A73 */
0xF440, 0x1280, 0x5100, 0x5280, 
    0x5440, 0x7820, 0x0C40, 0xEA80, 0x0980, 0x0A40, 0x3420, 0x0000, 
    /* [1240] '驻' U+9A7B */
    0xF100, 0x1080, 0x57E0, 0x5080, 0x5080, 0x7880, 0x0BE0, 0xE880, 
    0x0880, 0x0880, 0x37E0, 0x0000,     /* [1241] '驾' U+9A7E */
0x2000, 0xFDE0, 0x2520, 0x5DE0, 
    0x8000, 0x7F80, 0x1080, 0x1FE0, 0x0020, 0xFF20, 0x00C0, 0x0000, 
    /* [1242] '骅' U+9A85 */
    0xF180, 0x12A0, 0x56C0, 0x53A0, 0x52A0, 0x7A60, 0x0880, 0xEFE0, 
    0x0880, 0x0880, 0x3080, 0x0000,     /* [1243] '验' U+9A8C */
0xF100, 0x1100, 0x5280, 0x5C60, 
    0x5380, 0x7800, 0x0A40, 0x3D40, 0xCA80, 0x0900, 0x37E0, 0x0000, 
    /* [1244] '骑' U+9A91 */
    0xF100, 0x17E0, 0x5140, 0x5220, 0x57E0, 0x7820, 0x0BA0, 0xEAA0, 
    0x0BA0, 0x0820, 0x3060, 0x0000,     /* [1245] '鲅' U+9C85 */
0x4280, 0x7A40, 0x9200, 0xFFE0, 
    0xAA00, 0xFBC0, 0xAA40, 0xFB40, 0x0480, 0x3940, 0xCA20, 0x0000, 
    /* [1246] '鲍' U+9C8D */
    0x4200, 0x7BE0, 0x9420, 0xFBA0, 0xAAA0, 0xFAA0, 0xABA0, 0xFA60, 
    0x0200, 0x1A20, 0xE1E0, 0x0000,     /* [1247] '鸿' U+9E3F */
0x4100, 0x3FC0, 0x8A40, 0x4B40, 
    0x2AC0, 0x2A80, 0x2FE0, 0xD820, 0x47A0, 0x4020, 0x40C0, 0x0000, 
    /* [1248] '鹤' U+9E64 */
    0x1100, 0xFFC0, 0xA640, 0x5340, 0x7EC0, 0xD280, 0x7BE0, 0x5020, 
    0x7BE0, 0x5020, 0x7C60, 0x0000,     /* [1249] '鹰' U+9E70 */
0x0200, 0x7FE0, 0x5500, 0x7FC0, 
    0x5500, 0x5FE0, 0x5280, 0x5FE0, 0x4020, 0xBF20, 0x80C0, 0x0000, 
    /* [1250] '鹿' U+9E7F */
    0x0200, 0x7FE0, 0x4900, 0x7FE0, 0x4920, 0x7FE0, 0x5120, 0x5D40, 
    0x51A0, 0x9D20, 0x90E0, 0x0000,     /* [1251] '麓' U+9E93 */
0x2080, 0xFFE0, 0x6AC0, 0xA4A0, 
    0x7FE0, 0x4A40, 0x7FC0, 0x6240, 0x7FA0, 0xA220, 0xBBE0, 0x0000, 
    /* [1252] '黎' U+9ECE */
    0xF200, 0x23E0, 0xFCA0, 0x70A0, 0xAD20, 0x2AC0, 0x1500, 0xF5E0, 
    0x0E00, 0x75C0, 0x0C00, 0x0000,     /* [1253] '鼓' U+9F13 */
0x2080, 0xFC80, 0x23E0, 0x7880, 
    0x03E0, 0x7A20, 0x4940, 0x7940, 0x4880, 0x3D40, 0xC620, 0x0000, 
    /* [1254] '齐' U+9F50 */
    0x0400, 0xFFE0, 0x1080, 0x0900, 0x0600, 0x1980, 0xE060, 0x0900, 
    0x0900, 0x1100, 0x6100, 0x0000,     /* [1255] '局' U+5C40 */
0x3FC0, 0x2040, 0x3FC0, 0x2000, 
    0x3FE0, 0x2020, 0x2F20, 0x2920, 0x4F20, 0x4920, 0x80C0, 0x0000, 
    /* [1256] '乘' U+4E58 */
    0x0380, 0x7C00, 0x0400, 0xFFE0, 0x1540, 0x75A0, 0x1520, 0xFEE0, 
    0x1500, 0x2480, 0xC460, 0x0000,     /* [1257] '执' U+6267 */
0x2200, 0x2200, 0xFF80, 0x2280, 
    0x2A80, 0x3680, 0x6280, 0xA7A0, 0x24A0, 0xA8A0, 0x5060, 0x0000, 
    /* [1258] '事' U+4E8B */
    0x0400, 0xFFE0, 0x2480, 0x2480, 0x7FC0, 0x0440, 0xFFE0, 0x0440, 
    0x7FC0, 0x0400, 0x1C00, 0x0000,     /* [1259] '迪' U+8FEA */
0x4100, 0x2100, 0x2FE0, 0x0920, 
    0xE920, 0x2FE0, 0x2920, 0x2920, 0x2FE0, 0x5000, 0x8FE0, 0x0000, 
    /* [1260] '刷' U+5237 */
    0x7E20, 0x4220, 0x7EA0, 0x48A0, 0x48A0, 0x7EA0, 0x6AA0, 0xAAA0, 
    0xAAA0, 0x2E20, 0x08E0, 0x0000,     /* [1261] '址' U+5740 */
0x2100, 0x2100, 0x2100, 0xFD00, 
    0x25E0, 0x2500, 0x2500, 0x2500, 0x3D00, 0xC500, 0x1FE0, 0x0000, 
    /* [1262] '共' U+5171 */
    0x1100, 0x1100, 0x7FC0, 0x1100, 0x1100, 0x1100, 0xFFE0, 0x0000, 
    0x1100, 0x2080, 0x4040, 0x0000,     /* [1263] '窑' U+7A91 */
0x0400, 0xFFE0, 0x9120, 0xA0A0, 
    0x5040, 0x3FC0, 0x0400, 0xFFE0, 0x0400, 0x4440, 0x7FC0, 0x0000, 
    /* [1264] '装' U+88C5 */
    0x1100, 0x9FE0, 0x5100, 0x3100, 0xD7C0, 0x1200, 0xFFE0, 0x0C40, 
    0x3280, 0xD100, 0x18E0, 0x0000,     /* [1265] '旅' U+65C5 */
0x2200, 0x13E0, 0xFE00, 0x24C0, 
    0x3B00, 0x2AA0, 0x2AC0, 0x2A80, 0x4A40, 0x4A40, 0x9B20, 0x0000, 
    /* [1266] '眠' U+7720 */
    0x07E0, 0xF420, 0x97E0, 0xF480, 0x9480, 0x97E0, 0xF480, 0x9480, 
    0xF4A0, 0x9660, 0x0420, 0x0000,     /* [1267] '司' U+53F8 */
0x7FC0, 0x0040, 0xFF40, 0x0040, 
    0x7E40, 0x4240, 0x4240, 0x7E40, 0x0040, 0x0040, 0x0380, 0x0000, 
    /* [1268] '窦' U+7AA6 */
    0x0400, 0xFFE0, 0xA4A0, 0x5F40, 0x0400, 0xFFC0, 0x2A40, 0x1200, 
    0xFFE0, 0x0500, 0x78E0, 0x0000,     /* [1269] '客' U+5BA2 */
0x0400, 0x7FE0, 0x4820, 0x1F80, 
    0x2900, 0x4600, 0x1980, 0x7FE0, 0x1080, 0x1080, 0x1F80, 0x0000, 
    /* [1270] '苹' U+82F9 */
    0x1100, 0xFFE0, 0x1100, 0x7FC0, 0x2480, 0x1480, 0x1500, 0xFFE0, 
    0x0400, 0x0400, 0x0400, 0x0000,     /* [1271] '卓' U+5353 */
0x0400, 0x07C0, 0x0400, 0x3F80, 
    0x2080, 0x3F80, 0x2080, 0x3F80, 0x0400, 0xFFE0, 0x0400, 0x0000, 
    /* [1272] '软' U+8F6F */
    0x4200, 0x4200, 0xFBE0, 0x4220, 0xA540, 0xF900, 0x2100, 0x3A80, 
    0xE280, 0x2440, 0x2820, 0x0000,     /* [1273] '件' U+4EF6 */
0x1100, 0x1500, 0x2500, 0x2FC0, 
    0x7100, 0xA100, 0x2FE0, 0x2100, 0x2100, 0x2100, 0x2100, 0x0000, 
    /* [1274] '脑' U+8111 */
    0x7100, 0x5080, 0x57E0, 0x7000, 0x54A0, 0x56A0, 0x7520, 0x56A0, 
    0x5420, 0x97E0, 0xB420, 0x0000,     /* [1275] '单' U+5355 */
0x1100, 0x0A00, 0x7FC0, 0x4440, 
    0x7FC0, 0x4440, 0x7FC0, 0x0400, 0xFFE0, 0x0400, 0x0400, 0x0000, 
    /* [1276] '儿' U+513F */
    0x1100, 0x1100, 0x1100, 0x1100, 0x1100, 0x1100, 0x1100, 0x1100, 
    0x2120, 0x4120, 0x80E0, 0x0000,     /* [1277] '韵' U+97F5 */
0x2200, 0xFA00, 0x8BE0, 0x5420, 
    0xFA20, 0x0120, 0xF820, 0x89A0, 0xFE20, 0x8820, 0xF8C0, 0x0000, 
    /* [1278] '体' U+4F53 */
    0x2200, 0x2200, 0x5FC0, 0x4200, 0xC700, 0x4A80, 0x5240, 0x6220, 
    0x4F80, 0x4200, 0x4200, 0x0000,     /* [1279] '情' U+60C5 */
0x2100, 0x27C0, 0xA100, 0xB7C0, 
    0xA100, 0xAFE0, 0x2440, 0x2740, 0x25C0, 0x2440, 0x24C0, 0x0000, 
    /* [1280] '芙' U+8299 */
    0x1100, 0xFFE0, 0x1100, 0x0400, 0x7FC0, 0x0400, 0xFFE0, 0x0400, 
    0x0A00, 0x1100, 0xE0E0, 0x0000,     /* [1281] '蓉' U+84C9 */
0x1100, 0xFFE0, 0x1500, 0xFFE0, 
    0x9120, 0x6AC0, 0x1100, 0x3F80, 0xD160, 0x1100, 0x1F00, 0x0000, 
    /* [1282] '祈' U+7948 */
    0x4060, 0x2380, 0xFA00, 0x0A00, 0x13E0, 0x3240, 0x6A40, 0xAA40, 
    0x2440, 0x2440, 0x2840, 0x0000,     /* [1283] '叁' U+53C1 */
0x0800, 0x1100, 0x3F80, 0x0440, 
    0xFFE0, 0x2080, 0xDF60, 0x0000, 0x3F80, 0x0000, 0xFFE0, 0x0000, 
    /* [1284] '始' U+59CB */
    0x2100, 0x2100, 0xFA40, 0x2A20, 0x2FE0, 0x4800, 0x53E0, 0x3220, 
    0x2A20, 0x4BE0, 0x8220, 0x0000,     /* [1285] '象' U+8C61 */
0x1F00, 0x2200, 0x7FC0, 0xA440, 
    0x3FC0, 0x1440, 0x6E80, 0x1300, 0x6680, 0x1A60, 0xE600, 0x0000, 
    /* [1286] '矩' U+77E9 */
    0x4000, 0x43E0, 0x7E00, 0x9200, 0x13E0, 0xFE20, 0x1220, 0x2BE0, 
    0x2A00, 0x4A00, 0x83E0, 0x0000,     /* [1287] '屏' U+5C4F */
0x3FE0, 0x2020, 0x3FE0, 0x2840, 
    0x2480, 0x3FE0, 0x2480, 0x3FE0, 0x2480, 0x4880, 0x9080, 0x0000, 
    /* [1288] '引' U+5F15 */
    0x7E20, 0x0220, 0x0220, 0x3E20, 0x2020, 0x7E20, 0x0220, 0x0220, 
    0x0220, 0x1420, 0x0820, 0x0000,     /* [1289] '物' U+7269 */
0x2200, 0xA200, 0xA7E0, 0xFAA0, 
    0xA2A0, 0x32A0, 0x64A0, 0xA920, 0x2220, 0x2520, 0x28C0, 0x0000, 
    /* [1290] '玩' U+73A9 */
    0x03C0, 0xF800, 0x2000, 0x2000, 0x77E0, 0x2280, 0x2280, 0x3A80, 
    0xC2A0, 0x04A0, 0x1860, 0x0000,     /* [1291] '具' U+5177 */
0x3F80, 0x2080, 0x3F80, 0x2080, 
    0x3F80, 0x2080, 0x3F80, 0x2080, 0xFFE0, 0x1100, 0xE0E0, 0x0000, 
    /* [1292] '伟' U+4F1F */
    0x1100, 0x1100, 0x2FE0, 0x2100, 0x67C0, 0xA100, 0x2FE0, 0x2120, 
    0x2120, 0x2160, 0x2100, 0x0000,     /* [1293] '炜' U+709C */
0x2100, 0x27E0, 0x2900, 0xB7E0, 
    0xA100, 0xAFE0, 0x2120, 0x3120, 0x4960, 0x4900, 0x8100, 0x0000, 
    /* [1294] '护' U+62A4 */
    0x2100, 0x2080, 0xF7E0, 0x2420, 0x2420, 0x37E0, 0x6400, 0xA400, 
    0x2400, 0x2800, 0xF000, 0x0000,     /* [1295] '择' U+62E9 */
0x2FE0, 0x2240, 0xF980, 0x2240, 
    0x2C20, 0x3100, 0x67C0, 0xA100, 0x2FE0, 0x2100, 0xE100, 0x0000, 
    /* [1296] '选' U+9009 */
    0x4500, 0x2500, 0x27C0, 0x0900, 0xEFE0, 0x2280, 0x22A0, 0x24A0, 
    0x2860, 0x5000, 0x8FE0, 0x0000,     /* [1297] '闭' U+95ED */
0x47E0, 0x2020, 0x8220, 0x8220, 
    0xBFA0, 0x8620, 0x8A20, 0x9220, 0xA220, 0x8620, 0x80E0, 0x0000, 
    /* [1298] '预' U+9884 */
    0xFBE0, 0x1080, 0x63E0, 0x2220, 0xFAA0, 0x2AA0, 0x22A0, 0x22A0, 
    0x22A0, 0x2140, 0x6620, 0x0000,     /* [1299] '免' U+514D */
0x1000, 0x1F00, 0x2200, 0x7FC0, 
    0x2440, 0x2440, 0x3FC0, 0x0A00, 0x0A20, 0x1220, 0x61E0, 0x0000, 
    /* [1300] '滤' U+6EE4 */
    0x41E0, 0x2100, 0x0FE0, 0x8920, 0x4FC0, 0x2920, 0x29E0, 0xCB40, 
    0x4AA0, 0x5640, 0x69C0, 0x0000,     /* [1301] '所' U+6240 */
0x1860, 0x6380, 0x4200, 0x7A00, 
    0x4BE0, 0x4A40, 0x7A40, 0x4240, 0x4240, 0x4440, 0x8840, 0x0000, 
    /* [1302] '值' U+503C */
    0x1100, 0x1FE0, 0x2200, 0x27C0, 0x6440, 0xA7C0, 0x2440, 0x2740, 
    0x25C0, 0x2440, 0x2FE0, 0x0000,     /* [1303] '佬' U+4F6C */
0x1200, 0x1FA0, 0x2240, 0x2280, 
    0x7FE0, 0xA200, 0x24C0, 0x2F00, 0x3420, 0x2420, 0x23E0, 0x0000, 
    /* [1304] '洁' U+6D01 */
    0x4100, 0x2FE0, 0x8100, 0x5100, 0x17C0, 0x2000, 0x27C0, 0xC440, 
    0x4440, 0x4440, 0x47C0, 0x0000,     /* [1305] '讲' U+8BB2 */
0x8480, 0x4480, 0x1FE0, 0xC480, 
    0x4480, 0x5FE0, 0x4480, 0x5480, 0x6480, 0x4880, 0x1080, 0x0000, 
    /* [1306] '禾' U+79BE */
    0x00C0, 0x7F00, 0x0400, 0x0400, 0xFFE0, 0x0400, 0x0E00, 0x1500, 
    0x2480, 0x4440, 0x8420, 0x0000,     /* [1307] '渔' U+6E14 */
0x4200, 0x23C0, 0x0480, 0x8FE0, 
    0x5920, 0x2FE0, 0x2920, 0xCFE0, 0x4820, 0x4000, 0x5FE0, 0x0000, 
    /* [1308] '鹏' U+9E4F */
    0x0100, 0xEFC0, 0xAA40, 0xEF40, 0xAAC0, 0xAA00, 0xEFE0, 0xAA20, 
    0xABA0, 0xAA20, 0xB6C0, 0x0000,     /* [1309] '铭' U+94ED */
0x4100, 0x41E0, 0x7A20, 0x8540, 
    0xF880, 0x2100, 0xFBE0, 0x2620, 0x2A20, 0x33E0, 0x2220, 0x0000, 
    /* [1310] '缺' U+7F3A */
    0x4100, 0x4100, 0x7BC0, 0xA140, 0x2140, 0xFFE0, 0x2100, 0xA900, 
    0xAA80, 0xFA40, 0x0420, 0x0000,     /* [1311] '君' U+541B */
0x3FC0, 0x0440, 0xFFE0, 0x0840, 
    0x3FC0, 0x1000, 0x2000, 0x5FC0, 0x9040, 0x1040, 0x1FC0, 0x0000, 
    /* [1312] '餐' U+9910 */
    0x3FE0, 0x2240, 0x7580, 0xAA40, 0x5FC0, 0xB0A0, 0x5F80, 0x1080, 
    0x1FA0, 0x1540, 0x18E0, 0x0000,     /* [1313] '足' U+8DB3 */
0x3F80, 0x2080, 0x2080, 0x3F80, 
    0x0400, 0x2400, 0x27C0, 0x2400, 0x5400, 0x4C00, 0x83E0, 0x0000, 
    /* [1314] '浴' U+6D74 */
    0x4280, 0x2440, 0x8920, 0x5280, 0x1440, 0x2820, 0x37C0, 0xC440, 
    0x4440, 0x47C0, 0x4440, 0x0000,     /* [1315] '娱' U+5A31 */
0x27C0, 0x2440, 0xFC40, 0x57C0, 
    0x5000, 0x97C0, 0x5100, 0x2FE0, 0x2280, 0x5440, 0x8820, 0x0000, 
    /* [1316] '留' U+7559 */
    0x1800, 0x63E0, 0x4920, 0x5920, 0x6AA0, 0x4440, 0x3FC0, 0x2440, 
    0x3FC0, 0x2440, 0x3FC0, 0x0000,     /* [1317] '橘' U+6A58 */
0x2FE0, 0x2280, 0xFFE0, 0x2520, 
    0x2940, 0x3FE0, 0x6AA0, 0xAC60, 0x2BA0, 0x2AA0, 0x2BE0, 0x0000, 
    /* [1318] '桔' U+6854 */
    0x2100, 0x2100, 0xFFE0, 0x2100, 0x27C0, 0x3000, 0x6FC0, 0xA440, 
    0x2440, 0x2440, 0x27C0, 0x0000,     /* [1319] '错' U+9519 */
0x4280, 0x4FE0, 0x7280, 0x8280, 
    0xEFE0, 0x4000, 0xF7C0, 0x4440, 0x47C0, 0x5440, 0x67C0, 0x0000, 
    /* [1320] '那' U+90A3 */
    0xFDE0, 0x2520, 0x2540, 0xFD40, 0x2540, 0x2520, 0xFD20, 0x25A0, 
    0x2540, 0x4500, 0x8D00, 0x0000,     /* [1321] '吧' U+5427 */
0x0FC0, 0xE940, 0xA940, 0xA940, 
    0xA940, 0xAFC0, 0xE800, 0xA800, 0x0820, 0x0820, 0x07E0, 0x0000, 
    /* [1322] '吨' U+5428 */
    0x0200, 0xE200, 0xBFE0, 0xA200, 0xAA40, 0xAA40, 0xEFC0, 0x0200, 
    0x0220, 0x0220, 0x01E0, 0x0000,     /* [1323] '架' U+67B6 */
0x2000, 0xFBE0, 0x2A20, 0x2A20, 
    0x4BE0, 0x9220, 0x0400, 0xFFE0, 0x1500, 0x2480, 0xC460, 0x0000, 
    /* [1324] '支' U+652F */
    0x0400, 0x0400, 0xFFE0, 0x0400, 0x3F80, 0x1100, 0x1100, 0x0A00, 
    0x0400, 0x1B00, 0xE0E0, 0x0000,     /* [1325] '凰' U+51F0 */
0x7F80, 0x4880, 0x5E80, 0x5280, 
    0x5E80, 0x5280, 0x7F80, 0x4480, 0x5FA0, 0x8460, 0xBFA0, 0x0000, 
    /* [1326] '非' U+975E */
    0x0A00, 0x0A00, 0xFBE0, 0x0A00, 0x0A00, 0x7BC0, 0x0A00, 0x0A00, 
    0xFBE0, 0x0A00, 0x0A00, 0x0000,     /* [1327] '蓟' U+84DF */
0x1100, 0xFFE0, 0x1100, 0x30A0, 
    0x7CA0, 0xD4A0, 0x7CA0, 0x54A0, 0x7CA0, 0x0020, 0x7CE0, 0x0000, 
    /* [1328] '舒' U+8212 */
    0x13E0, 0x2840, 0x4580, 0xB880, 0x13E0, 0xFCA0, 0x10C0, 0x7C80, 
    0x4480, 0x4480, 0x7D80, 0x0000,     /* [1329] '吊' U+540A */
0x3F80, 0x2080, 0x2080, 0x3F80, 
    0x0400, 0x7FC0, 0x4440, 0x4440, 0x4440, 0x44C0, 0x0400, 0x0000, 
    /* [1330] '笼' U+7B3C */
    0x4100, 0x7DE0, 0x9280, 0x0A40, 0x0900, 0xFFE0, 0x0A80, 0x0A80, 
    0x1320, 0x2620, 0x49E0, 0x0000,     /* [1331] '杉' U+6749 */
0x1040, 0x1080, 0xFD00, 0x1220, 
    0x1840, 0x3480, 0x5300, 0x9020, 0x1040, 0x1080, 0x1300, 0x0000, 
    /* [1332] '乔' U+4E54 */
    0x01C0, 0x7E00, 0x0800, 0xFFE0, 0x1100, 0x2080, 0xD160, 0x1100, 
    0x1100, 0x2100, 0x4100, 0x0000,     /* [1333] '俊' U+4FCA */
0x1200, 0x1440, 0x2FE0, 0x22A0, 
    0x6640, 0xABE0, 0x2440, 0x2A80, 0x2100, 0x2280, 0x2C60, 0x0000, 
    /* [1334] '禄' U+7984 */
    0x4FC0, 0x2040, 0xF7C0, 0x1040, 0x2FE0, 0x7140, 0xAD80, 0x2340, 
    0x2520, 0x2920, 0x2300, 0x0000,     /* [1335] '佰' U+4F70 */
0x1FE0, 0x1100, 0x2200, 0x27C0, 
    0x6440, 0xA440, 0x27C0, 0x2440, 0x2440, 0x27C0, 0x2440, 0x0000, 
    /* [1336] '缙' U+7F19 */
    0x2FE0, 0x2AA0, 0x4EC0, 0x5280, 0xEFE0, 0x2000, 0x47C0, 0xF440, 
    0x0FC0, 0x3440, 0xC7C0, 0x0000,     /* [1337] '赛' U+8D5B */
0x0400, 0xFFE0, 0x9220, 0x7FC0, 
    0x1200, 0xFFE0, 0x3180, 0xD560, 0x1500, 0x0B00, 0x70C0, 0x0000, 
    /* [1338] '裁' U+88C1 */
    0x1100, 0x7D40, 0x1120, 0xFFE0, 0x1100, 0xFF20, 0x2540, 0x7880, 
    0xA5A0, 0x3260, 0x2420, 0x0000,     /* [1339] '判' U+5224 */
0x9220, 0x52A0, 0x54A0, 0x10A0, 
    0x7CA0, 0x10A0, 0xFEA0, 0x10A0, 0x1020, 0x2020, 0xC0E0, 0x0000, 
    /* [1340] '踢' U+8E22 */
    0xF7C0, 0x9440, 0x97C0, 0x9440, 0xF7C0, 0x2200, 0xBFE0, 0xA2A0, 
    0xA520, 0xBA20, 0xE4C0, 0x0000,     /* [1341] '专' U+4E13 */
0x0400, 0x3FC0, 0x0400, 0x0400, 
    0xFFE0, 0x0800, 0x1FC0, 0x0080, 0x0D00, 0x0200, 0x0100, 0x0000, 
    /* [1342] '众' U+4F17 */
    0x0400, 0x0400, 0x0A00, 0x1100, 0x2080, 0xD160, 0x1100, 0x1100, 
    0x2A80, 0x4440, 0x8820, 0x0000,     /* [1343] '谱' U+8C31 */
0x4440, 0x2FE0, 0x0AA0, 0x06C0, 
    0xEFE0, 0x2000, 0x27C0, 0x2C40, 0x37C0, 0x2440, 0x07C0, 0x0000, 
    /* [1344] '轨' U+8F68 */
    0x4200, 0x4200, 0xF280, 0x4FC0, 0xA280, 0xF280, 0x2280, 0x34A0, 
    0xE4A0, 0x28A0, 0x3060, 0x0000,     /* [1345] '规' U+89C4 */
0x27C0, 0x2440, 0xFD40, 0x2540, 
    0x2540, 0xFD40, 0x2540, 0x3180, 0x2AA0, 0x44A0, 0x9860, 0x0000, 
    /* [1346] '燃' U+71C3 */
    0x2880, 0x2EC0, 0xAAA0, 0xB7E0, 0xAA80, 0xA540, 0x2A20, 0x2000, 
    0x5540, 0x4AA0, 0x8AA0, 0x0000,     /* [1347] '烧' U+70E7 */
0x2200, 0x22E0, 0x2F40, 0xB2A0, 
    0xA1A0, 0xAE60, 0x2000, 0x37E0, 0x4A80, 0x44A0, 0x8860, 0x0000, 
    /* [1348] '烤' U+70E4 */
    0x2240, 0x27C0, 0x2A80, 0xB7E0, 0xA200, 0xA7E0, 0x2A00, 0x33C0, 
    0x4840, 0x4840, 0x8180, 0x0000,     /* [1349] '凯' U+51EF */
0xABC0, 0xAA40, 0xFA40, 0x0240, 
    0xFA40, 0x0A40, 0xFA40, 0x8240, 0x9240, 0xA440, 0xC860, 0x0000, 
    /* [1350] '夫' U+592B */
    0x0400, 0x0400, 0x7FC0, 0x0400, 0x0400, 0xFFE0, 0x0400, 0x0A00, 
    0x1100, 0x2080, 0xC060, 0x0000,     /* [1351] '嗨' U+55E8 */
0x1200, 0x0BE0, 0xE400, 0xB3E0, 
    0xAAA0, 0xA2A0, 0xA7E0, 0xFAA0, 0x0BE0, 0x0820, 0x08C0, 0x0000, 
    /* [1352] '仑' U+4ED1 */
    0x0400, 0x0A00, 0x1100, 0x2080, 0xD060, 0x1100, 0x1200, 0x1C00, 
    0x1040, 0x1040, 0x0FC0, 0x0000,     /* [1353] '鹦' U+9E66 */
0xEE80, 0xABC0, 0xAA40, 0xAB40, 
    0x44C0, 0xAA00, 0x13E0, 0xFC20, 0x2BA0, 0x1020, 0x6C60, 0x0000, 
    /* [1354] '鹉' U+9E49 */
    0x0900, 0xEFC0, 0x0A40, 0xFF40, 0x2AC0, 0xBA00, 0xABE0, 0xA820, 
    0xABA0, 0xB420, 0xC260, 0x0000,     /* [1355] '锋' U+950B */
0x43C0, 0x4640, 0x7980, 0x8660, 
    0xF900, 0x27E0, 0xF900, 0x23C0, 0x2900, 0x37E0, 0x2100, 0x0000, 
    /* [1356] '棱' U+68F1 */
    0x2100, 0x27C0, 0xF100, 0x2FE0, 0x2440, 0x3A20, 0x6BC0, 0xA680, 
    0x2900, 0x2280, 0x2C60, 0x0000,     /* [1357] '世' U+4E16 */
0x0480, 0x2480, 0x2480, 0xFFE0, 
    0x2480, 0x2480, 0x2480, 0x2780, 0x2000, 0x2000, 0x3FE0, 0x0000, 
    /* [1358] '辰' U+8FB0 */
    0x3FE0, 0x2000, 0x2FC0, 0x2000, 0x3FE0, 0x2A00, 0x2A40, 0x2980, 
    0x4880, 0x4A40, 0x8C20, 0x0000,     /* [1359] '效' U+6548 */
0x2100, 0x1100, 0xFDE0, 0x2B40, 
    0x4540, 0x8940, 0x2940, 0x1080, 0x2880, 0x4140, 0x8620, 0x0000, 
    /* [1360] '军' U+519B */
    0x7FE0, 0x4020, 0x0400, 0x3FC0, 0x0800, 0x1200, 0x3FC0, 0x0200, 
    0x7FE0, 0x0200, 0x0200, 0x0000,     /* [1361] '寒' U+5BD2 */
0x0400, 0xFFE0, 0x8920, 0xBFA0, 
    0x0900, 0xFFE0, 0x0900, 0x1480, 0xE360, 0x0C00, 0x0300, 0x0000, 
    /* [1362] '见' U+89C1 */
    0x3F80, 0x2080, 0x2480, 0x2480, 0x2480, 0x2480, 0x2480, 0x0A00, 
    0x1220, 0x2220, 0xC1E0, 0x0000,     /* [1363] '男' U+7537 */
0x3FC0, 0x2440, 0x3FC0, 0x2440, 
    0x3FC0, 0x0400, 0x7FE0, 0x0420, 0x0820, 0x1120, 0x60C0, 0x0000, 
    /* [1364] '杰' U+6770 */
    0x0400, 0x0400, 0xFFE0, 0x1500, 0x2480, 0x4440, 0x8420, 0x0000, 
    0x5240, 0x4920, 0x8920, 0x0000,     /* [1365] '诚' U+8BDA */
0x4140, 0x2120, 0x1FE0, 0xD100, 
    0x5100, 0x5D40, 0x5540, 0x5480, 0x74A0, 0x5960, 0x2220, 0x0000, 
    /* [1366] '玲' U+73B2 */
    0x0100, 0xFA80, 0x2440, 0x2A20, 0x7100, 0x2000, 0x27E0, 0x3840, 
    0xC280, 0x0100, 0x0080, 0x0000,     /* [1367] '焕' U+7115 */
0x2400, 0x2780, 0x2900, 0xB7C0, 
    0xA540, 0xA540, 0x2FE0, 0x3100, 0x4A80, 0x4440, 0x9820, 0x0000, 
    /* [1368] '官' U+5B98 */
    0x0400, 0x7FE0, 0x4020, 0x9FC0, 0x1080, 0x1F80, 0x1000, 0x1FC0, 
    0x1040, 0x1FC0, 0x1040, 0x0000,     /* [1369] '雁' U+96C1 */
0x7FE0, 0x4A00, 0x4A80, 0x53E0, 
    0x5680, 0x7BC0, 0x5280, 0x53C0, 0x5280, 0x93E0, 0x9200, 0x0000, 
    /* [1370] '峨' U+5CE8 */
    0x21C0, 0x26A0, 0xAA80, 0xAFE0, 0xAA80, 0xAB80, 0xAEA0, 0xFAC0, 
    0x8AA0, 0x0360, 0x0620, 0x0000,     /* [1371] '栎' U+680E */
0x2040, 0x2380, 0xFC00, 0x2480, 
    0x2480, 0x37E0, 0x6880, 0xA2C0, 0x24A0, 0x28A0, 0x2180, 0x0000, 
    /* [1372] '勤' U+52E4 */
    0x2880, 0xFE80, 0x2880, 0x7FE0, 0x54A0, 0x54A0, 0x7CA0, 0x10A0, 
    0x7D20, 0x1120, 0xFE60, 0x0000,     /* [1373] '知' U+77E5 */
0x2000, 0x2000, 0x7DE0, 0x9120, 
    0x1120, 0xFF20, 0x1120, 0x1120, 0x2920, 0x45E0, 0x8000, 0x0000, 
    /* [1374] '萨' U+8428 */
    0x1100, 0xFFE0, 0x1100, 0xF7E0, 0xA440, 0xC280, 0xA7E0, 0x9400, 
    0xE400, 0x8800, 0x9000, 0x0000,     /* [1375] '麋' U+9E8B */
0x0400, 0x7FE0, 0x4A40, 0x7FC0, 
    0x5120, 0x5DE0, 0x6480, 0x5500, 0x7FE0, 0x9500, 0xA4C0, 0x0000, 
    /* [1376] '混' U+6DF7 */
    0x4FC0, 0x2840, 0x0FC0, 0x8840, 0x5FC0, 0x2920, 0x2940, 0xCF80, 
    0x4920, 0x4B20, 0x4CE0, 0x0000,     /* [1377] '研' U+7814 */
0xF7E0, 0x2240, 0x2240, 0x4240, 
    0xFFE0, 0x4A40, 0x4A40, 0x4A40, 0x7A40, 0x4C40, 0x0840, 0x0000, 
    /* [1378] '采' U+91C7 */
    0x0780, 0x7840, 0x2480, 0x1100, 0x0400, 0xFFE0, 0x0E00, 0x1500, 
    0x2480, 0x4460, 0x8420, 0x0000,     /* [1379] '管' U+7BA1 */
0x2100, 0x3DE0, 0x5280, 0xFFE0, 
    0x8020, 0x3F80, 0x2080, 0x3FC0, 0x2040, 0x2040, 0x3FC0, 0x0000, 
    /* [1380] '森' U+68EE */
    0x0400, 0xFFE0, 0x1500, 0x2480, 0xC460, 0x1100, 0xFFE0, 0x3180, 
    0x5B40, 0x9520, 0x1100, 0x0000,     /* [1381] '煲' U+7172 */
0x2FC0, 0x2840, 0x4FC0, 0xC200, 
    0x5FE0, 0x4A80, 0x5240, 0x0400, 0x2480, 0x1B00, 0xE0E0, 0x0000, 
    /* [1382] '离' U+79BB */
    0x0400, 0xFFE0, 0x2A80, 0x2480, 0x2A80, 0x3F80, 0x0400, 0x7FC0, 
    0x4940, 0x5F40, 0x40C0, 0x0000,     /* [1383] '总' U+603B */
0x1100, 0x0A00, 0x3F80, 0x2080, 
    0x2080, 0x3F80, 0x2080, 0x0440, 0x52A0, 0x50A0, 0x8F80, 0x0000, 
    /* [1384] '游' U+6E38 */
    0x4880, 0x24E0, 0x1F00, 0x88E0, 0x5E20, 0x2A40, 0x2BE0, 0xCA40, 
    0x4A40, 0x5240, 0x66C0, 0x0000,     /* [1385] '侠' U+4FA0 */
0x1100, 0x1100, 0x2FE0, 0x2920, 
    0x6540, 0xA100, 0x2FE0, 0x2100, 0x2280, 0x2440, 0x2820, 0x0000, 
    /* [1386] '埔' U+57D4 */
    0x2140, 0x2120, 0x2FE0, 0xF100, 0x2FE0, 0x2920, 0x2FE0, 0x3920, 
    0xCFE0, 0x0920, 0x0860, 0x0000,     /* [1387] '融' U+878D */
0xFC80, 0x0080, 0x7BE0, 0x4AA0, 
    0x7AA0, 0x02A0, 0xFFE0, 0xD480, 0xFCA0, 0xA4E0, 0xAF20, 0x0000, 
    /* [1388] '媒' U+5A92 */
    0x2440, 0x2FE0, 0x2440, 0xF7C0, 0x5440, 0x57C0, 0x5100, 0x2FE0, 
    0x3380, 0x4D40, 0x8920, 0x0000,     /* [1389] '圩' U+5729 */
0x27C0, 0x2100, 0x2100, 0xF100, 
    0x2FE0, 0x2100, 0x2100, 0x3100, 0xC100, 0x0500, 0x0200, 0x0000, 
    /* [1390] '锚' U+951A */
    0x4240, 0x47E0, 0x7A40, 0x8000, 0xFFE0, 0x24A0, 0xFCA0, 0x27E0, 
    0x2CA0, 0x37E0, 0x2420, 0x0000,     /* [1391] '娇' U+5A07 */
0x20C0, 0x2700, 0xF100, 0x5FE0, 
    0x5240, 0x5420, 0x9240, 0x6240, 0x2240, 0x5440, 0x8840, 0x0000, 
    /* [1392] '额' U+989D */
    0x23E0, 0xFC80, 0x87E0, 0x7A20, 0xCAA0, 0x32A0, 0x4AA0, 0xFEA0, 
    0x4AA0, 0x7940, 0x4E20, 0x0000,     /* [1393] '彦' U+5F66 */
0x0200, 0x3FC0, 0x1080, 0x0900, 
    0x7FE0, 0x4300, 0x5CC0, 0x4300, 0x5CC0, 0x4300, 0x9C00, 0x0000, 
    /* [1394] '淖' U+6DD6 */
    0x4100, 0x21E0, 0x0100, 0x97C0, 0x5440, 0x27C0, 0x2440, 0xC7C0, 
    0x4100, 0x4FE0, 0x4100, 0x0000,     /* [1395] '邻' U+90BB */
0x11E0, 0x1920, 0x2540, 0x5340, 
    0x8980, 0x0140, 0x7F20, 0x0520, 0x29E0, 0x1140, 0x0900, 0x0000, 
    /* [1396] '氯' U+6C2F */
    0x7FE0, 0x4000, 0xBF80, 0x0280, 0x3E80, 0x0280, 0xFF80, 0x4A80, 
    0x2CA0, 0x4A60, 0x9920, 0x0000,     /* [1397] '铺' U+94FA */
0x4180, 0x4140, 0x7FE0, 0x8100, 
    0xFFE0, 0x2520, 0xFFE0, 0x2520, 0x2FE0, 0x3520, 0x2560, 0x0000, 
    /* [1398] '告' U+544A */
    0x2400, 0x2400, 0x3FC0, 0x4400, 0x0400, 0xFFE0, 0x0000, 0x3F80, 
    0x2080, 0x2080, 0x3F80, 0x0000,     /* [1399] '舶' U+8236 */
0x2080, 0x7900, 0x4BE0, 0x6A20, 
    0x5A20, 0x4BE0, 0xFA20, 0x6A20, 0x5A20, 0x4BE0, 0x9A20, 0x0000, 
    /* [1400] '女' U+5973 */
    0x0800, 0x0800, 0x0800, 0xFFE0, 0x1100, 0x1100, 0x2100, 0x3A00, 
    0x0600, 0x0980, 0x7040, 0x0000,     /* [1401] '职' U+804C */
0xFFE0, 0x4A20, 0x4A20, 0x7A20, 
    0x4A20, 0x7BE0, 0x4800, 0x4D40, 0xF940, 0x0A20, 0x0C20, 0x0000, 
    /* [1402] '童' U+7AE5 */
    0x0400, 0x7FC0, 0x1100, 0x0A00, 0xFFE0, 0x2480, 0x3F80, 0x2480, 
    0x7FC0, 0x0400, 0xFFE0, 0x0000,     /* [1403] '濠' U+6FE0 */
0x4100, 0x2FE0, 0x8440, 0x5FE0, 
    0x3020, 0x2FC0, 0x2940, 0xD280, 0x4DC0, 0x42A0, 0x5D20, 0x0000, 
    /* [1404] '穿' U+7A7F */
    0x0400, 0xFFE0, 0x9120, 0xA0A0, 0x7F80, 0x2200, 0x7FC0, 0x0A00, 
    0x1200, 0x2200, 0xCE00, 0x0000,     /* [1405] '遇' U+9047 */
0x0FC0, 0x8A40, 0x4FC0, 0x0A40, 
    0xCFC0, 0x4200, 0x5FE0, 0x52A0, 0x57A0, 0xB040, 0x9FE0, 0x0000, 
    /* [1406] '险' U+9669 */
    0xF100, 0x9280, 0xA440, 0xC820, 0xA7C0, 0x9000, 0x9A40, 0xD540, 
    0xA540, 0x8080, 0x8FE0, 0x0000,     /* [1407] '馨' U+99A8 */
0x7DC0, 0x1140, 0x7FE0, 0x5540, 
    0x7C80, 0x8540, 0xFFE0, 0x1480, 0x7FE0, 0x1080, 0x1F80, 0x0000, 
    /* [1408] '澄' U+6F84 */
    0x5F40, 0x2AA0, 0x0440, 0x8FC0, 0x5020, 0x27C0, 0x2440, 0xC7C0, 
    0x4440, 0x4280, 0x4FE0, 0x0000,     /* [1409] '玺' U+73BA */
0x2000, 0x3FC0, 0x4440, 0x1500, 
    0x2480, 0x4440, 0x7FC0, 0x0400, 0x3FC0, 0x0480, 0xFFE0, 0x0000, 
    /* [1410] '蕲' U+8572 */
    0x1100, 0xFFE0, 0x5480, 0x29E0, 0x7D00, 0x5500, 0x7DE0, 0x5540, 
    0xFF40, 0x1240, 0x1440, 0x0000,     /* [1411] '产' U+4EA7 */
0x0400, 0x7FE0, 0x1080, 0x0900, 
    0x3FE0, 0x2000, 0x2000, 0x2000, 0x4000, 0x4000, 0x8000, 0x0000

};

/* Unicode → font index mapping */
/* Write to SPI Flash at CN_FONT_FLASH_BASE + CN_FONT_BITMAP_SIZE */
static const uint32_t cn_font_index[1412] = {
    0x76840000, 0x662F000C, 0x4E000018, 0x4E0D0024, 0x4E860030, 0x5728003C, 0x4EBA0048, 0x67090054, 
    0x62110060, 0x4ED6006C, 0x8FD90078, 0x4E2D0084, 0x59270090, 0x6765009C, 0x4E0A00A8, 0x4E2A00B4, 
    0x56FD00C0, 0x523000CC, 0x8BF400D8, 0x4EEC00E4, 0x4E3A00F0, 0x5B5000FC, 0x548C0108, 0x4F600114, 
    0x57300120, 0x51FA012C, 0x4F1A0138, 0x4E5F0144, 0x65F60150, 0x8981015C, 0x5C310168, 0x80FD0174, 
    0x4E0B0180, 0x884C018C, 0x5BF90198, 0x774001A4, 0x751F01B0, 0x91CC01BC, 0x5E7401C8, 0x524D01D4, 
    0x976201E0, 0x540E01EC, 0x4E1C01F8, 0x897F0204, 0x53570210, 0x5317021C, 0x5C0F0228, 0x9AD80234, 
    0x591A0240, 0x5C11024C, 0x957F0258, 0x77ED0264, 0x5FEB0270, 0x6162027C, 0x597D0288, 0x65B00294, 
    0x65E702A0, 0x8FDC02AC, 0x8FD102B8, 0x5B8902C4, 0x537102D0, 0x9ED102DC, 0x540902E8, 0x8FBD02F4, 
    0x51800300, 0x9C81030C, 0x8C6B0318, 0x664B0324, 0x96550330, 0x7518033C, 0x5DDD0348, 0x91020354, 
    0x6E580360, 0x7696036C, 0x8D630378, 0x82CF0384, 0x6D590390, 0x95FD039C, 0x7CA403A8, 0x6EC703B4, 
    0x9ED403C0, 0x743C03CC, 0x4EAC03D8, 0x6D2503E4, 0x6CAA03F0, 0x6E1D03FC, 0x84990408, 0x5B810414, 
    0x85CF0420, 0x7586042C, 0x97520438, 0x68420444, 0x547C0450, 0x6C88045C, 0x54C80468, 0x676D0474, 
    0x54080480, 0x798F048C, 0x6D4E0498, 0x90D104A4, 0x6B6604B0, 0x6C9904BC, 0x5E7F04C8, 0x6DF104D4, 
    0x621004E0, 0x660604EC, 0x8D3504F8, 0x51700504, 0x94F60510, 0x53A6051C, 0x73E00528, 0x4F5B0534, 
    0x839E0540, 0x60E0054C, 0x5DDE0558, 0x6CC90564, 0x70DF0570, 0x53F0057C, 0x5A010588, 0x6D770594, 
    0x5F9005A0, 0x6E2905AC, 0x560905B8, 0x7ECD05C4, 0x91D105D0, 0x67F305DC, 0x68A705E8, 0x4E0905F4, 
    0x4E9A0600, 0x6CF8060C, 0x7EF50618, 0x5FB70624, 0x96330630, 0x4E50063C, 0x90750648, 0x4E490654, 
    0x6BD50660, 0x94DC066C, 0x4EC10678, 0x987A0684, 0x90FD0690, 0x5300069C, 0x738B06A8, 0x674E06B4, 
    0x5F2006C0, 0x521806CC, 0x964806D8, 0x676806E4, 0x8D7506F0, 0x9EC406FC, 0x54680708, 0x54340714, 
    0x5B590720, 0x9A6C072C, 0x67310738, 0x80E10744, 0x90ED0750, 0x4F55075C, 0x67970768, 0x7F570774, 
    0x68810780, 0x8C22078C, 0x5B8B0798, 0x551007A4, 0x97E907B0, 0x51AF07BC, 0x846307C8, 0x7A0B07D4, 
    0x852107E0, 0x66F907EC, 0x888107F8, 0x90930804, 0x8BB80810, 0x5085081C, 0x66FE0828, 0x5F6D0834, 
    0x54150840, 0x5362084C, 0x848B0858, 0x8D3E0864, 0x4E010870, 0x9B4F087C, 0x859B0888, 0x53F60894, 
    0x960E08A0, 0x4F5908AC, 0x6F5808B8, 0x675C08C4, 0x5DE608D0, 0x53F308DC, 0x518508E8, 0x591608F4, 
    0x4E3B0900, 0x526F090C, 0x6B630918, 0x504F0924, 0x65360930, 0x53D1093C, 0x5B880948, 0x542C0954, 
    0x53EB0960, 0x7D27096C, 0x60250978, 0x65510984, 0x63F40990, 0x6D88099C, 0x963209A8, 0x533B09B4, 
    0x759709C0, 0x4FDD09CC, 0x7EF409D8, 0x4FEE09E4, 0x68C009F0, 0x67E509FC, 0x6D4B0A08, 0x8BD50A14, 
    0x62A50A20, 0x8B660A2C, 0x4FE10A38, 0x53F70A44, 0x8FDE0A50, 0x63A50A5C, 0x65AD0A68, 0x5F000A74, 
    0x5C040A80, 0x98910A8C, 0x90530A98, 0x6CE20AA4, 0x6BB50AB0, 0x529F0ABC, 0x73870AC8, 0x97F30AD4, 
    0x91CF0AE0, 0x51730AEC, 0x542F0AF8, 0x505C0B04, 0x66820B10, 0x7EE70B1C, 0x8FD40B28, 0x786E0B34, 
    0x8BA40B40, 0x53D60B4C, 0x4E8C0B58, 0x56DB0B64, 0x4E940B70, 0x516D0B7C, 0x4E030B88, 0x516B0B94, 
    0x4E5D0BA0, 0x53410BAC, 0x767E0BB8, 0x53430BC4, 0x4E070BD0, 0x534A0BDC, 0x70B90BE8, 0x96F60BF4, 
    0x4E240C00, 0x51E00C0C, 0x7B2C0C18, 0x6BCF0C24, 0x54040C30, 0x533A0C3C, 0x680B0C48, 0x5C420C54, 
    0x63920C60, 0x5EA70C6C, 0x95F40C78, 0x7EC40C84, 0x961F0C90, 0x59570C9C, 0x59290CA8, 0x6C340CB4, 
    0x706B0CC0, 0x98CE0CCC, 0x5C710CD8, 0x6CB30CE4, 0x8DEF0CF0, 0x68650CFC, 0x6E2F0D08, 0x67510D14, 
    0x7AD90D20, 0x95E80D2C, 0x53E30D38, 0x8F660D44, 0x82390D50, 0x88570D5C, 0x5DF70D68, 0x576A0D74, 
    0x575D0D80, 0x6E7E0D8C, 0x57610D98, 0x5CAD0DA4, 0x5CF00DB0, 0x8C370DBC, 0x6D1E0DC8, 0x6EAA0DD4, 
    0x6C600DE0, 0x6E560DEC, 0x6C5F0DF8, 0x6D320E04, 0x5C9B0E10, 0x7EA20E1C, 0x84DD0E28, 0x7EFF0E34, 
    0x767D0E40, 0x7D2B0E4C, 0x94C10E58, 0x660E0E64, 0x4EAE0E70, 0x66970E7C, 0x6E050E88, 0x5F3A0E94, 
    0x5F310EA0, 0x8F7B0EAC, 0x91CD0EB8, 0x70ED0EC4, 0x51B70ED0, 0x51C90EDC, 0x5E720EE8, 0x6E7F0EF4, 
    0x7A330F00, 0x6EE10F0C, 0x7A7A0F18, 0x771F0F24, 0x50470F30, 0x574F0F3C, 0x8FDB0F48, 0x90000F54, 
    0x53470F60, 0x964D0F6C, 0x589E0F78, 0x51CF0F84, 0x5B580F90, 0x52200F9C, 0x6DFB0FA8, 0x52A00FB4, 
    0x66F40FC0, 0x63620FCC, 0x79FB0FD8, 0x52A80FE4, 0x62690FF0, 0x7F290FFC, 0x663E1008, 0x793A1014, 
    0x8F931020, 0x5165102C, 0x8BFB1038, 0x51991044, 0x64AD1050, 0x901A105C, 0x963B1068, 0x90061074, 
    0x5E381080, 0x5F02108C, 0x4F181098, 0x514810A4, 0x5DE510B0, 0x538210BC, 0x697C10C8, 0x623F10D4, 
    0x5C4B10E0, 0x820D10EC, 0x966210F8, 0x573A1104, 0x56ED1110, 0x9986111C, 0x5FC31128, 0x5BA41134, 
    0x53851140, 0x7A97114C, 0x5F391158, 0x58991164, 0x58C11170, 0x67F1117C, 0x98761188, 0x5E951194, 
    0x677F11A0, 0x68AF11AC, 0x8D7011B8, 0x5ECA11C4, 0x753511D0, 0x566811DC, 0x6CB911E8, 0x6C7D11F4, 
    0x71641200, 0x96F7120C, 0x51491218, 0x58F01224, 0x82721230, 0x5F62123C, 0x5BBD1248, 0x7A841254, 
    0x6D451260, 0x4F4E126C, 0x539A1278, 0x85841284, 0x7C971290, 0x7EC6129C, 0x758F12A8, 0x5BC612B4, 
    0x7EA712C0, 0x79CD12CC, 0x7C7B12D8, 0x683712E4, 0x673A12F0, 0x98DE12FC, 0x6F5C1308, 0x722C1314, 
    0x8DF31320, 0x8DD1132C, 0x7ACB1338, 0x57501344, 0x53671350, 0x5012135C, 0x62FF1368, 0x653E1374, 
    0x90011380, 0x8FCE138C, 0x8FD81398, 0x4E7013A4, 0x535613B0, 0x501F13BC, 0x770B13C8, 0x60F313D4, 
    0x601D13E0, 0x613F13EC, 0x610F13F8, 0x6B321404, 0x97001410, 0x5FC5141C, 0x987B1428, 0x53EF1434, 
    0x8BE51440, 0x5E94144C, 0x88AB1458, 0x628A1464, 0x7ED91470, 0x8BA9147C, 0x54111488, 0x4ECE1494, 
    0x8FC714A0, 0x65E014AC, 0x6CA114B8, 0x53C814C4, 0x82B114D0, 0x834914DC, 0x681114E8, 0x672814F4, 
    0x7AF91500, 0x7C73150C, 0x9EA61518, 0x8C461524, 0x74DC1530, 0x679C153C, 0x83DC1548, 0x83361554, 
    0x836F1560, 0x9C7C156C, 0x9E1F1578, 0x517D1584, 0x866B1590, 0x9F99159C, 0x51E415A8, 0x864E15B4, 
    0x72EE15C0, 0x718A15CC, 0x72FC15D8, 0x732B15E4, 0x72D715F0, 0x9E2115FC, 0x9E2D1608, 0x9E451614, 
    0x94DD1620, 0x94A2162C, 0x73891638, 0x77F31644, 0x73BB1650, 0x7483165C, 0x96761668, 0x74F71674, 
    0x6F061680, 0x5E03168C, 0x7EB81698, 0x76AE16A4, 0x6BDB16B0, 0x68C916BC, 0x9EBB16C8, 0x4E1D16D4, 
    0x7EF816E0, 0x7F0E16EC, 0x546216F8, 0x7ED21704, 0x66251710, 0x590F171C, 0x79CB1728, 0x51AC1734, 
    0x66681740, 0x660F174C, 0x65E91758, 0x665A1764, 0x65E51770, 0x591C177C, 0x671D1788, 0x59151794, 
    0x963417A0, 0x667417AC, 0x96E817B8, 0x96EA17C4, 0x971C17D0, 0x973217DC, 0x96FE17E8, 0x4E9117F4, 
    0x971E1800, 0x8679180C, 0x8D641818, 0x6A591824, 0x70701830, 0x8910183C, 0x7C891848, 0x5F691854, 
    0x6D531860, 0x6DE1186C, 0x5DC51878, 0x660C1884, 0x5E731890, 0x534F189C, 0x621818A8, 0x659718B4, 
    0x73ED18C0, 0x967518CC, 0x851A18D8, 0x53BF18E4, 0x82D118F0, 0x510B18FC, 0x83031908, 0x56F41914, 
    0x76D21920, 0x624D192C, 0x554A1938, 0x95EB1944, 0x515A1950, 0x9698195C, 0x670D1968, 0x66D91974, 
    0x70891980, 0x7D22198C, 0x86DF1998, 0x8F7D19A4, 0x767B19B0, 0x9B3C19BC, 0x670B19C8, 0x9F0E19D4, 
    0x8A8919E0, 0x500C19EC, 0x732A19F8, 0x4F691A04, 0x83521A10, 0x67CF1A1C, 0x5EAD1A28, 0x4E1A1A34, 
    0x4E341A40, 0x4E8E1A4C, 0x4EC51A58, 0x4EEA1A64, 0x4F5C1A70, 0x4FA71A7C, 0x50191A88, 0x50A81A94, 
    0x51681AA0, 0x51761AAC, 0x51781AB8, 0x51C61AC4, 0x52061AD0, 0x52071ADC, 0x52171AE8, 0x52361AF4, 
    0x529B1B00, 0x53051B0C, 0x53601B18, 0x53731B24, 0x538B1B30, 0x53CC1B3C, 0x53CD1B48, 0x53EE1B54, 
    0x540D1B60, 0x547D1B6C, 0x514B1B78, 0x549A1B84, 0x54CD1B90, 0x566A1B9C, 0x56DE1BA8, 0x578B1BB4, 
    0x590D1BC0, 0x5B831BCC, 0x5B8C1BD8, 0x5B9A1BE4, 0x5BFC1BF0, 0x5C3E1BFC, 0x5DEE1C08, 0x5E261C14, 
    0x5EA61C20, 0x5F0F1C2C, 0x5F851C38, 0x5FD91C44, 0x5FF51C50, 0x60621C5C, 0x606F1C68, 0x62371C74, 
    0x624B1C80, 0x62531C8C, 0x626B1C98, 0x63CF1CA4, 0x63011CB0, 0x63091CBC, 0x63A71CC8, 0x62DF1CD4, 
    0x63D01CE0, 0x65871CEC, 0x67001CF8, 0x67611D04, 0x68211D10, 0x6A211D1C, 0x6B621D28, 0x6B651D34, 
    0x6BD41D40, 0x72481D4C, 0x73B01D58, 0x753B1D64, 0x76CA1D70, 0x76D11D7C, 0x76D81D88, 0x76F41D94, 
    0x78011DA0, 0x79811DAC, 0x79F01DB8, 0x7AEF1DC4, 0x7B491DD0, 0x7B801DDC, 0x7CBE1DE8, 0x7CFB1DF4, 
    0x7E411E00, 0x7EAA1E0C, 0x7ECF1E18, 0x7EDF1E24, 0x7F6E1E30, 0x80541E3C, 0x81EA1E48, 0x822A1E54, 
    0x80CC1E60, 0x82821E6C, 0x82F11E78, 0x88681E84, 0x89C61E90, 0x89C91E9C, 0x89E31EA8, 0x8BED1EB4, 
    0x8A001EC0, 0x8BBE1ECC, 0x8C031ED8, 0x8BF71EE4, 0x8DE81EF0, 0x90E81EFC, 0x94C31F08, 0x95011F14, 
    0x952E1F20, 0x96501F2C, 0x96641F38, 0x97591F44, 0x98751F50, 0x9B451F5C, 0x9ED81F68, 0x5B571F74, 
    0x65701F80, 0x65B91F8C, 0x75281F98, 0x77011FA4, 0x4E181FB0, 0x4E301FBC, 0x4E391FC8, 0x4E3D1FD4, 
    0x4E4B1FE0, 0x4E4C1FEC, 0x4E611FF8, 0x4E7E2004, 0x4E922010, 0x4E93201C, 0x4E952028, 0x4EA42034, 
    0x4EAD2040, 0x4EB3204C, 0x4EC02058, 0x4ECB2064, 0x4ED32070, 0x4ED4207C, 0x4ED92088, 0x4EE42094, 
    0x4EFB20A0, 0x4F0A20AC, 0x4F0D20B8, 0x4F1120C4, 0x4F7320D0, 0x4F9D20DC, 0x4FF120E8, 0x504320F4, 
    0x50B22100, 0x5143210C, 0x51442118, 0x51452124, 0x51462130, 0x5156213C, 0x516C2148, 0x51742154, 
    0x51752160, 0x5188216C, 0x51952178, 0x519C2184, 0x51A02190, 0x51B6219C, 0x51CC21A8, 0x520A21B4, 
    0x522921C0, 0x525121CC, 0x52A121D8, 0x52B221E4, 0x52B321F0, 0x52C721FC, 0x52D22208, 0x53162214, 
    0x534E2220, 0x535A222C, 0x53612238, 0x536B2244, 0x539F2250, 0x53CA225C, 0x53CB2268, 0x53E42274, 
    0x53E52280, 0x540C228C, 0x543E2298, 0x54B822A4, 0x54E522B0, 0x554622BC, 0x558022C8, 0x558422D4, 
    0x563422E0, 0x56E222EC, 0x56FA22F8, 0x57062304, 0x57082310, 0x571F231C, 0x57232328, 0x57332334, 
    0x574A2340, 0x575B234C, 0x57662358, 0x577B2364, 0x57A32370, 0x57A6237C, 0x57AB2388, 0x57AD2394, 
    0x57CE23A0, 0x57D723AC, 0x57E023B8, 0x57FA23C4, 0x580223D0, 0x582123DC, 0x583023E8, 0x585423F4, 
    0x58582400, 0x585E240C, 0x58A82418, 0x58A92424, 0x58EB2430, 0x58F6243C, 0x59072448, 0x592A2454, 
    0x59342460, 0x5937246C, 0x59472478, 0x59492484, 0x594E2490, 0x5982249C, 0x59D124A8, 0x59DA24B4, 
    0x59DC24C0, 0x5A0424CC, 0x5AC224D8, 0x5B5424E4, 0x5B5D24F0, 0x5B5F24FC, 0x5B662508, 0x5B8F2514, 
    0x5B9C2520, 0x5B9D252C, 0x5B9E2538, 0x5BA12544, 0x5BA32550, 0x5BAB255C, 0x5BB62568, 0x5BB92574, 
    0x5BBE2580, 0x5BBF258C, 0x5BCC2598, 0x5BE825A4, 0x5BEE25B0, 0x5BFA25BC, 0x5BFF25C8, 0x5C0125D4, 
    0x5C0925E0, 0x5C1425EC, 0x5C1625F8, 0x5C1A2604, 0x5C242610, 0x5C27261C, 0x5C452628, 0x5C552634, 
    0x5C6F2640, 0x5C7F264C, 0x5C912658, 0x5C972664, 0x5CA92670, 0x5CB3267C, 0x5CB82688, 0x5CD92694, 
    0x5CE126A0, 0x5CEA26AC, 0x5D0226B8, 0x5D0726C4, 0x5D0E26D0, 0x5D1626DC, 0x5D4A26E8, 0x5D6926F4, 
    0x5DE22700, 0x5DE8270C, 0x5DE92718, 0x5DF42724, 0x5E022730, 0x5E08273C, 0x5E152748, 0x5E2E2754, 
    0x5E3D2760, 0x5E78276C, 0x5E842778, 0x5E862784, 0x5E902790, 0x5E93279C, 0x5E9727A8, 0x5E9927B4, 
    0x5E9C27C0, 0x5EB727CC, 0x5EF627D8, 0x5EFA27E4, 0x5F1327F0, 0x5F1F27FC, 0x5F532808, 0x5F812814, 
    0x5F922820, 0x5FAE282C, 0x5FBD2838, 0x5FD72844, 0x5FE02850, 0x5FFB285C, 0x60002868, 0x60692874, 
    0x609F2880, 0x60A6288C, 0x611F2898, 0x614828A4, 0x624E28B0, 0x625828BC, 0x626C28C8, 0x627628D4, 
    0x627F28E0, 0x628028EC, 0x629A28F8, 0x62A22904, 0x62C92910, 0x62CD291C, 0x62D42928, 0x62DB2934, 
    0x62EC2940, 0x6311294C, 0x632F2958, 0x63882964, 0x63962970, 0x641C297C, 0x64692988, 0x65002994, 
    0x654529A0, 0x656629AC, 0x657429B8, 0x65AF29C4, 0x65BD29D0, 0x65CF29DC, 0x65D729E8, 0x65FA29F4, 
    0x66132A00, 0x66142A0C, 0x661D2A18, 0x661F2A24, 0x662D2A30, 0x666E2A3C, 0x666F2A48, 0x66A82A54, 
    0x66F22A60, 0x67082A6C, 0x67102A78, 0x67142A84, 0x67172A90, 0x671B2A9C, 0x672A2AA8, 0x672C2AB4, 
    0x672F2AC0, 0x67352ACC, 0x67432AD8, 0x675E2AE4, 0x677E2AF0, 0x67812AFC, 0x679D2B08, 0x67A32B14, 
    0x67F42B20, 0x68072B2C, 0x680F2B38, 0x682A2B44, 0x683C2B50, 0x683E2B5C, 0x68432B68, 0x68502B74, 
    0x68512B80, 0x68532B8C, 0x68662B98, 0x68852BA4, 0x68932BB0, 0x68A82BBC, 0x69122BC8, 0x695A2BD4, 
    0x69842BE0, 0x69862BEC, 0x69952BF8, 0x699C2C04, 0x6A1F2C10, 0x6A2A2C1C, 0x6A352C28, 0x6B4C2C34, 
    0x6C0F2C40, 0x6C112C4C, 0x6C382C58, 0x6C472C64, 0x6C492C70, 0x6C552C7C, 0x6C5D2C88, 0x6C642C94, 
    0x6C682CA0, 0x6C7E2CAC, 0x6C812CB8, 0x6C822CC4, 0x6C852CD0, 0x6C9B2CDC, 0x6C9F2CE8, 0x6CA72CF4, 
    0x6CAD2D00, 0x6CBB2D0C, 0x6CBD2D18, 0x6CBE2D24, 0x6CCA2D30, 0x6CD52D3C, 0x6CD72D48, 0x6CEE2D54, 
    0x6CF02D60, 0x6CFD2D6C, 0x6CFE2D78, 0x6D082D84, 0x6D0B2D90, 0x6D1B2D9C, 0x6D2A2DA8, 0x6D312DB4, 
    0x6D412DC0, 0x6D4F2DCC, 0x6D662DD8, 0x6D692DE4, 0x6D6A2DF0, 0x6D6E2DFC, 0x6D892E08, 0x6D9E2E14, 
    0x6D9F2E20, 0x6DA12E2C, 0x6DA62E38, 0x6DBF2E44, 0x6DC42E50, 0x6DEE2E5C, 0x6DFC2E68, 0x6E112E74, 
    0x6E202E80, 0x6E2D2E8C, 0x6E442E98, 0x6E5B2EA4, 0x6E862EB0, 0x6E902EBC, 0x6EA72EC8, 0x6EC12ED4, 
    0x6ECB2EE0, 0x6ED12EEC, 0x6ED42EF8, 0x6ED52F04, 0x6EE62F10, 0x6EE82F1C, 0x6EE92F28, 0x6F142F34, 
    0x6F202F40, 0x6F2F2F4C, 0x6F332F58, 0x6F4D2F64, 0x6F622F70, 0x6F6D2F7C, 0x6F6E2F88, 0x6F7C2F94, 
    0x6F9C2FA0, 0x6FA72FAC, 0x6FB32FB8, 0x6FEE2FC4, 0x70232FD0, 0x704C2FDC, 0x706F2FE8, 0x70752FF4, 
    0x70AC3000, 0x70FD300C, 0x71263018, 0x714C3024, 0x71673030, 0x7199303C, 0x719F3048, 0x71D53054, 
    0x72313060, 0x725B306C, 0x725F3078, 0x72613084, 0x72793090, 0x72D0309C, 0x72EC30A8, 0x731B30B4, 
    0x732E30C0, 0x739B30CC, 0x73AF30D8, 0x740330E4, 0x740630F0, 0x745E30FC, 0x74F63108, 0x752A3114, 
    0x75303120, 0x7531312C, 0x75383138, 0x754C3144, 0x756A3150, 0x7687315C, 0x768B3168, 0x76D03174, 
    0x76D63180, 0x76DB318C, 0x76DF3198, 0x76F131A4, 0x76F831B0, 0x770931BC, 0x771931C8, 0x773C31D4, 
    0x776231E0, 0x77FF31EC, 0x780031F8, 0x78023204, 0x78913210, 0x78A7321C, 0x78D03228, 0x793E3234, 
    0x79413240, 0x795E324C, 0x79653258, 0x79853264, 0x79B93270, 0x79BA327C, 0x79C03288, 0x79C13294, 
    0x79D132A0, 0x79DF32AC, 0x79E632B8, 0x7A3732C4, 0x7AE032D0, 0x7B2632DC, 0x7DA632E8, 0x7EB532F4, 
    0x7EBF3300, 0x7EDB330C, 0x7EE53318, 0x7F513324, 0x7F8E3330, 0x7FA4333C, 0x7FBD3348, 0x80013354, 
    0x80033360, 0x8005336C, 0x80333378, 0x804A3384, 0x805A3390, 0x8083339C, 0x808733A8, 0x80A533B4, 
    0x80DC33C0, 0x80F633CC, 0x811A33D8, 0x814A33E4, 0x817F33F0, 0x81F333FC, 0x81F43408, 0x821E3414, 
    0x821F3420, 0x8247342C, 0x826F3438, 0x827A3444, 0x82923450, 0x829C345C, 0x82A63468, 0x82AC3474, 
    0x82B33480, 0x82B7348C, 0x82CD3498, 0x830234A4, 0x834634B0, 0x835434BC, 0x836334C8, 0x837734D4, 
    0x838634E0, 0x838E34EC, 0x839234F8, 0x83983504, 0x83B13510, 0x83B2351C, 0x83B73528, 0x83C13534, 
    0x83CF3540, 0x841D354C, 0x84253558, 0x84273564, 0x843D3570, 0x845B357C, 0x846B3588, 0x84B23594, 
    0x84E535A0, 0x84EC35AC, 0x865E35B8, 0x868C35C4, 0x870035D0, 0x870235DC, 0x87E035E8, 0x886135F4, 
    0x88623600, 0x8912360C, 0x89443618, 0x89863624, 0x89C23630, 0x89C8363C, 0x89D23648, 0x8BAF3654, 
    0x8BF83660, 0x8D1D366C, 0x8D213678, 0x8D243684, 0x8D3A3690, 0x8D44369C, 0x8D6B36A8, 0x8D8536B4, 
    0x8D8A36C0, 0x8F6C36CC, 0x8F7F36D8, 0x8F8936E4, 0x8F9B36F0, 0x8FB936FC, 0x8FBE3708, 0x8FC13714, 
    0x8FD03720, 0x900A372C, 0x901F3738, 0x90423744, 0x90913750, 0x90A1375C, 0x90A23768, 0x90AF3774, 
    0x90B13780, 0x90B3378C, 0x90B53798, 0x90B937A4, 0x90C137B0, 0x90CA37BC, 0x90CE37C8, 0x90CF37D4, 
    0x90D337E0, 0x90E137EC, 0x90EB37F8, 0x90EF3804, 0x90F43810, 0x90F8381C, 0x91043828, 0x91313834, 
    0x91523840, 0x91B4384C, 0x91CE3858, 0x949F3864, 0x94A63870, 0x94FE387C, 0x95213888, 0x95263894, 
    0x954738A0, 0x95F538AC, 0x95FE38B8, 0x960138C4, 0x960638D0, 0x961C38DC, 0x962138E8, 0x963F38F4, 
    0x96403900, 0x9642390C, 0x96453918, 0x96463924, 0x96493930, 0x9686393C, 0x968F3948, 0x969C3954, 
    0x96C43960, 0x96C5396C, 0x96C63978, 0x97063984, 0x970D3990, 0x9738399C, 0x975639A8, 0x978D39B4, 
    0x97F639C0, 0x987939CC, 0x988D39D8, 0x997639E4, 0x999639F0, 0x999939FC, 0x9A703A08, 0x9A733A14, 
    0x9A7B3A20, 0x9A7E3A2C, 0x9A853A38, 0x9A8C3A44, 0x9A913A50, 0x9C853A5C, 0x9C8D3A68, 0x9E3F3A74, 
    0x9E643A80, 0x9E703A8C, 0x9E7F3A98, 0x9E933AA4, 0x9ECE3AB0, 0x9F133ABC, 0x9F503AC8, 0x5C403AD4, 
    0x4E583AE0, 0x62673AEC, 0x4E8B3AF8, 0x8FEA3B04, 0x52373B10, 0x57403B1C, 0x51713B28, 0x7A913B34, 
    0x88C53B40, 0x65C53B4C, 0x77203B58, 0x53F83B64, 0x7AA63B70, 0x5BA23B7C, 0x82F93B88, 0x53533B94, 
    0x8F6F3BA0, 0x4EF63BAC, 0x81113BB8, 0x53553BC4, 0x513F3BD0, 0x97F53BDC, 0x4F533BE8, 0x60C53BF4, 
    0x82993C00, 0x84C93C0C, 0x79483C18, 0x53C13C24, 0x59CB3C30, 0x8C613C3C, 0x77E93C48, 0x5C4F3C54, 
    0x5F153C60, 0x72693C6C, 0x73A93C78, 0x51773C84, 0x4F1F3C90, 0x709C3C9C, 0x62A43CA8, 0x62E93CB4, 
    0x90093CC0, 0x95ED3CCC, 0x98843CD8, 0x514D3CE4, 0x6EE43CF0, 0x62403CFC, 0x503C3D08, 0x4F6C3D14, 
    0x6D013D20, 0x8BB23D2C, 0x79BE3D38, 0x6E143D44, 0x9E4F3D50, 0x94ED3D5C, 0x7F3A3D68, 0x541B3D74, 
    0x99103D80, 0x8DB33D8C, 0x6D743D98, 0x5A313DA4, 0x75593DB0, 0x6A583DBC, 0x68543DC8, 0x95193DD4, 
    0x90A33DE0, 0x54273DEC, 0x54283DF8, 0x67B63E04, 0x652F3E10, 0x51F03E1C, 0x975E3E28, 0x84DF3E34, 
    0x82123E40, 0x540A3E4C, 0x7B3C3E58, 0x67493E64, 0x4E543E70, 0x4FCA3E7C, 0x79843E88, 0x4F703E94, 
    0x7F193EA0, 0x8D5B3EAC, 0x88C13EB8, 0x52243EC4, 0x8E223ED0, 0x4E133EDC, 0x4F173EE8, 0x8C313EF4, 
    0x8F683F00, 0x89C43F0C, 0x71C33F18, 0x70E73F24, 0x70E43F30, 0x51EF3F3C, 0x592B3F48, 0x55E83F54, 
    0x4ED13F60, 0x9E663F6C, 0x9E493F78, 0x950B3F84, 0x68F13F90, 0x4E163F9C, 0x8FB03FA8, 0x65483FB4, 
    0x519B3FC0, 0x5BD23FCC, 0x89C13FD8, 0x75373FE4, 0x67703FF0, 0x8BDA3FFC, 0x73B24008, 0x71154014, 
    0x5B984020, 0x96C1402C, 0x5CE84038, 0x680E4044, 0x52E44050, 0x77E5405C, 0x84284068, 0x9E8B4074, 
    0x6DF74080, 0x7814408C, 0x91C74098, 0x7BA140A4, 0x68EE40B0, 0x717240BC, 0x79BB40C8, 0x603B40D4, 
    0x6E3840E0, 0x4FA040EC, 0x57D440F8, 0x878D4104, 0x5A924110, 0x5729411C, 0x951A4128, 0x5A074134, 
    0x989D4140, 0x5F66414C, 0x6DD64158, 0x90BB4164, 0x6C2F4170, 0x94FA417C, 0x544A4188, 0x82364194, 
    0x597341A0, 0x804C41AC, 0x7AE541B8, 0x6FE041C4, 0x7A7F41D0, 0x904741DC, 0x966941E8, 0x99A841F4, 
    0x6F844200, 0x73BA420C, 0x85724218, 0x4EA74224
};

/* Pinyin lookup table */
/* Write to SPI Flash at CN_FONT_FLASH_BASE + CN_FONT_PY_OFFSET */
/* Format per entry: [str_len:1][ascii:str_len][char_count:1][indices:char_count*2] */
#define CN_FONT_PY_TOTAL_SIZE  4595u

static const uint8_t cn_pinyin_data[4595] = {
    /* a      */ 0x01, 0x61, 0x02, 0x02, 0x1A, 0x04, 0xBF,  /* a → 2 chars */
    /* ai     */ 0x02, 0x61, 0x69, 0x02, 0x02, 0x1D, 0x04, 0x08,  /* ai → 2 chars */
    /* an     */ 0x02, 0x61, 0x6E, 0x05, 0x00, 0x3B, 0x01, 0x35, 0x02, 0x65, 0x03, 0x36, 0x04, 0xCF,  /* an → 5 chars */
    /* ao     */ 0x02, 0x61, 0x6F, 0x02, 0x02, 0xC0, 0x03, 0xFA,  /* ao → 2 chars */
    /* ba     */ 0x02, 0x62, 0x61, 0x08, 0x00, 0xF7, 0x01, 0x20, 0x01, 0xB3, 0x03, 0x43, 0x03, 0x6E, 0x04, 0xCD, 0x04, 0xDD, 0x05, 0x29,  /* ba → 8 chars */
    /* bai    */ 0x03, 0x62, 0x61, 0x69, 0x04, 0x00, 0xFA, 0x01, 0x30, 0x02, 0x2D, 0x05, 0x37,  /* bai → 4 chars */
    /* ban    */ 0x03, 0x62, 0x61, 0x6E, 0x04, 0x00, 0xFD, 0x01, 0x78, 0x02, 0x10, 0x02, 0x71,  /* ban → 4 chars */
    /* bang   */ 0x04, 0x62, 0x61, 0x6E, 0x67, 0x03, 0x03, 0x47, 0x03, 0xAB, 0x04, 0x7B,  /* bang → 3 chars */
    /* bao    */ 0x03, 0x62, 0x61, 0x6F, 0x08, 0x00, 0xD1, 0x00, 0xD8, 0x02, 0x41, 0x02, 0xFD, 0x03, 0x19, 0x04, 0x81, 0x04, 0xDE, 0x05, 0x65,  /* bao → 8 chars */
    /* bei    */ 0x03, 0x62, 0x65, 0x69, 0x07, 0x00, 0x2D, 0x01, 0xB2, 0x02, 0x88, 0x03, 0x06, 0x04, 0x2C, 0x04, 0x89, 0x04, 0xC1,  /* bei → 7 chars */
    /* ben    */ 0x03, 0x62, 0x65, 0x6E, 0x01, 0x03, 0x8F,  /* ben → 1 chars */
    /* bi     */ 0x02, 0x62, 0x69, 0x06, 0x00, 0x88, 0x01, 0x74, 0x01, 0xAD, 0x02, 0x70, 0x04, 0x2D, 0x05, 0x11,  /* bi → 6 chars */
    /* bian   */ 0x04, 0x62, 0x69, 0x61, 0x6E, 0x01, 0x04, 0x95,  /* bian → 1 chars */
    /* biao   */ 0x04, 0x62, 0x69, 0x61, 0x6F, 0x02, 0x02, 0x8B, 0x03, 0x99,  /* biao → 2 chars */
    /* bin    */ 0x03, 0x62, 0x69, 0x6E, 0x02, 0x03, 0x20, 0x03, 0xED,  /* bin → 2 chars */
    /* bing   */ 0x04, 0x62, 0x69, 0x6E, 0x67, 0x01, 0x02, 0xC8,  /* bing → 1 chars */
    /* bo     */ 0x02, 0x62, 0x6F, 0x08, 0x00, 0xE3, 0x01, 0x5C, 0x01, 0x8B, 0x01, 0xDC, 0x02, 0xB1, 0x02, 0xD9, 0x04, 0xD7, 0x05, 0x77,  /* bo → 8 chars */
    /* bu     */ 0x02, 0x62, 0x75, 0x06, 0x00, 0x03, 0x01, 0xE1, 0x02, 0x6F, 0x02, 0x95, 0x02, 0xF9, 0x02, 0xFA,  /* bu → 6 chars */
    /* cai    */ 0x03, 0x63, 0x61, 0x69, 0x06, 0x00, 0xA8, 0x01, 0xC6, 0x02, 0x07, 0x02, 0x19, 0x05, 0x3A, 0x05, 0x62,  /* cai → 6 chars */
    /* can    */ 0x03, 0x63, 0x61, 0x6E, 0x01, 0x05, 0x20,  /* can → 1 chars */
    /* cang   */ 0x04, 0x63, 0x61, 0x6E, 0x67, 0x03, 0x02, 0xB4, 0x03, 0xBF, 0x04, 0x62,  /* cang → 3 chars */
    /* cao    */ 0x03, 0x63, 0x61, 0x6F, 0x02, 0x00, 0xA9, 0x01, 0xBD,  /* cao → 2 chars */
    /* ce     */ 0x02, 0x63, 0x65, 0x02, 0x00, 0xD6, 0x02, 0x35,  /* ce → 2 chars */
    /* cen    */ 0x03, 0x63, 0x65, 0x6E, 0x01, 0x03, 0x32,  /* cen → 1 chars */
    /* ceng   */ 0x04, 0x63, 0x65, 0x6E, 0x67, 0x01, 0x01, 0x07,  /* ceng → 1 chars */
    /* cha    */ 0x03, 0x63, 0x68, 0x61, 0x03, 0x00, 0xD5, 0x01, 0xC7, 0x02, 0x56,  /* cha → 3 chars */
    /* chai   */ 0x04, 0x63, 0x68, 0x61, 0x69, 0x01, 0x03, 0x98,  /* chai → 1 chars */
    /* chan   */ 0x04, 0x63, 0x68, 0x61, 0x6E, 0x02, 0x04, 0x33, 0x05, 0x83,  /* chan → 2 chars */
    /* chang  */ 0x05, 0x63, 0x68, 0x61, 0x6E, 0x67, 0x05, 0x00, 0x32, 0x01, 0x60, 0x01, 0x65, 0x01, 0x6B, 0x02, 0x0B,  /* chang → 5 chars */
    /* chao   */ 0x04, 0x63, 0x68, 0x61, 0x6F, 0x03, 0x03, 0x40, 0x03, 0xF6, 0x04, 0x8F,  /* chao → 3 chars */
    /* che    */ 0x03, 0x63, 0x68, 0x65, 0x01, 0x01, 0x1B,  /* che → 1 chars */
    /* chen   */ 0x04, 0x63, 0x68, 0x65, 0x6E, 0x04, 0x00, 0x92, 0x01, 0xF0, 0x04, 0xAC, 0x05, 0x4E,  /* chen → 4 chars */
    /* cheng  */ 0x05, 0x63, 0x68, 0x65, 0x6E, 0x67, 0x09, 0x00, 0x68, 0x00, 0xA7, 0x02, 0x03, 0x02, 0x7A, 0x02, 0xF8, 0x03, 0x68, 0x04, 0xE8, 0x05, 0x55, 0x05, 0x80,  /* cheng → 9 chars */
    /* chi    */ 0x03, 0x63, 0x68, 0x69, 0x05, 0x01, 0x28, 0x02, 0x02, 0x02, 0x64, 0x02, 0xF3, 0x04, 0xD6,  /* chi → 5 chars */
    /* chong  */ 0x05, 0x63, 0x68, 0x6F, 0x6E, 0x67, 0x03, 0x01, 0xCC, 0x02, 0xC3, 0x03, 0x3B,  /* chong → 3 chars */
    /* chou   */ 0x04, 0x63, 0x68, 0x6F, 0x75, 0x01, 0x01, 0xE8,  /* chou → 1 chars */
    /* chu    */ 0x03, 0x63, 0x68, 0x75, 0x05, 0x00, 0x19, 0x02, 0x37, 0x02, 0x9A, 0x03, 0xA7, 0x03, 0xE7,  /* chu → 5 chars */
    /* chuan  */ 0x05, 0x63, 0x68, 0x75, 0x61, 0x6E, 0x03, 0x00, 0x46, 0x01, 0x1C, 0x05, 0x7C,  /* chuan → 3 chars */
    /* chuang */ 0x06, 0x63, 0x68, 0x75, 0x61, 0x6E, 0x67, 0x01, 0x01, 0x71,  /* chuang → 1 chars */
    /* chun   */ 0x04, 0x63, 0x68, 0x75, 0x6E, 0x01, 0x01, 0xEC,  /* chun → 1 chars */
    /* ci     */ 0x02, 0x63, 0x69, 0x02, 0x01, 0xDF, 0x03, 0x63,  /* ci → 2 chars */
    /* cong   */ 0x04, 0x63, 0x6F, 0x6E, 0x67, 0x01, 0x01, 0xB7,  /* cong → 1 chars */
    /* cu     */ 0x02, 0x63, 0x75, 0x01, 0x01, 0x8C,  /* cu → 1 chars */
    /* cun    */ 0x03, 0x63, 0x75, 0x6E, 0x02, 0x01, 0x17, 0x01, 0x4C,  /* cun → 2 chars */
    /* cuo    */ 0x03, 0x63, 0x75, 0x6F, 0x01, 0x05, 0x27,  /* cuo → 1 chars */
    /* da     */ 0x02, 0x64, 0x61, 0x03, 0x00, 0x0C, 0x02, 0x61, 0x04, 0x96,  /* da → 3 chars */
    /* dai    */ 0x03, 0x64, 0x61, 0x69, 0x02, 0x02, 0x57, 0x02, 0x5A,  /* dai → 2 chars */
    /* dan    */ 0x03, 0x64, 0x61, 0x6E, 0x05, 0x02, 0x09, 0x02, 0x15, 0x02, 0xA6, 0x04, 0xAD, 0x04, 0xFB,  /* dan → 5 chars */
    /* dang   */ 0x04, 0x64, 0x61, 0x6E, 0x67, 0x03, 0x02, 0x1C, 0x03, 0x56, 0x04, 0x2A,  /* dang → 3 chars */
    /* dao    */ 0x03, 0x64, 0x61, 0x6F, 0x05, 0x00, 0x11, 0x00, 0xE2, 0x01, 0x2C, 0x01, 0x9D, 0x02, 0x54,  /* dao → 5 chars */
    /* de     */ 0x02, 0x64, 0x65, 0x02, 0x00, 0x00, 0x00, 0x83,  /* de → 2 chars */
    /* deng   */ 0x04, 0x64, 0x65, 0x6E, 0x67, 0x04, 0x00, 0xAB, 0x02, 0x24, 0x02, 0x7C, 0x03, 0xFE,  /* deng → 4 chars */
    /* di     */ 0x02, 0x64, 0x69, 0x06, 0x00, 0x18, 0x01, 0x02, 0x01, 0x77, 0x01, 0x89, 0x03, 0x55, 0x04, 0xEB,  /* di → 6 chars */
    /* dian   */ 0x04, 0x64, 0x69, 0x61, 0x6E, 0x08, 0x00, 0x4F, 0x00, 0xFE, 0x01, 0x7C, 0x02, 0x0A, 0x02, 0x3A, 0x02, 0xF6, 0x03, 0x4E, 0x04, 0x1A,  /* dian → 8 chars */
    /* diao   */ 0x04, 0x64, 0x69, 0x61, 0x6F, 0x01, 0x05, 0x31,  /* diao → 1 chars */
    /* ding   */ 0x04, 0x64, 0x69, 0x6E, 0x67, 0x05, 0x00, 0xB4, 0x01, 0x76, 0x02, 0x27, 0x02, 0x47, 0x02, 0x53,  /* ding → 5 chars */
    /* dong   */ 0x04, 0x64, 0x6F, 0x6E, 0x67, 0x07, 0x00, 0x2A, 0x00, 0xA6, 0x01, 0x06, 0x01, 0x26, 0x01, 0x53, 0x01, 0xEF, 0x02, 0x4B,  /* dong → 7 chars */
    /* dou    */ 0x03, 0x64, 0x6F, 0x75, 0x03, 0x01, 0xC3, 0x02, 0x0F, 0x04, 0xF4,  /* dou → 3 chars */
    /* du     */ 0x02, 0x64, 0x75, 0x05, 0x00, 0x8C, 0x00, 0xBB, 0x01, 0x5A, 0x02, 0x58, 0x04, 0x0E,  /* du → 5 chars */
    /* duan   */ 0x04, 0x64, 0x75, 0x61, 0x6E, 0x05, 0x00, 0x33, 0x00, 0xDE, 0x00, 0xE4, 0x01, 0xE9, 0x02, 0x7B,  /* duan → 5 chars */
    /* dui    */ 0x03, 0x64, 0x75, 0x69, 0x02, 0x00, 0x22, 0x01, 0x0C,  /* dui → 2 chars */
    /* dun    */ 0x03, 0x64, 0x75, 0x6E, 0x03, 0x03, 0x03, 0x03, 0x79, 0x05, 0x2A,  /* dun → 3 chars */
    /* duo    */ 0x03, 0x64, 0x75, 0x6F, 0x02, 0x00, 0x30, 0x03, 0x91,  /* duo → 2 chars */
    /* e      */ 0x01, 0x65, 0x04, 0x00, 0x47, 0x01, 0xD7, 0x05, 0x5A, 0x05, 0x70,  /* e → 4 chars */
    /* en     */ 0x02, 0x65, 0x6E, 0x01, 0x03, 0x5F,  /* en → 1 chars */
    /* er     */ 0x02, 0x65, 0x72, 0x05, 0x00, 0xF2, 0x03, 0x29, 0x03, 0xCF, 0x04, 0x4A, 0x04, 0xFC,  /* er → 5 chars */
    /* fa     */ 0x02, 0x66, 0x61, 0x02, 0x00, 0xC5, 0x03, 0xC5,  /* fa → 2 chars */
    /* fan    */ 0x03, 0x66, 0x61, 0x6E, 0x05, 0x00, 0xEE, 0x02, 0x16, 0x02, 0x46, 0x02, 0x80, 0x04, 0x1C,  /* fan → 5 chars */
    /* fang   */ 0x04, 0x66, 0x61, 0x6E, 0x67, 0x07, 0x00, 0xCE, 0x01, 0x67, 0x01, 0x9F, 0x02, 0xA1, 0x02, 0xF0, 0x04, 0x60, 0x04, 0x9D,  /* fang → 7 chars */
    /* fei    */ 0x03, 0x66, 0x65, 0x69, 0x03, 0x01, 0x95, 0x04, 0x4F, 0x05, 0x2E,  /* fei → 3 chars */
    /* fen    */ 0x03, 0x66, 0x65, 0x6E, 0x04, 0x02, 0x06, 0x02, 0x3C, 0x03, 0xB9, 0x04, 0x5F,  /* fen → 4 chars */
    /* feng   */ 0x04, 0x66, 0x65, 0x6E, 0x67, 0x0A, 0x00, 0xA5, 0x01, 0x11, 0x01, 0x24, 0x01, 0xCE, 0x02, 0xA5, 0x03, 0x0B, 0x03, 0x27, 0x04, 0x01, 0x04, 0x7D, 0x05, 0x4B,  /* feng → 10 chars */
    /* fo     */ 0x02, 0x66, 0x6F, 0x01, 0x00, 0x6F,  /* fo → 1 chars */
    /* fu     */ 0x02, 0x66, 0x75, 0x0F, 0x00, 0x61, 0x00, 0xAD, 0x00, 0xC1, 0x02, 0x1E, 0x02, 0x50, 0x03, 0x22, 0x03, 0x50, 0x03, 0x67, 0x03, 0x6A, 0x03, 0xD5, 0x04, 0x3D, 0x04, 0x83, 0x04, 0xBD, 0x05, 0x00, 0x05, 0x46,  /* fu → 15 chars */
    /* gai    */ 0x03, 0x67, 0x61, 0x69, 0x02, 0x01, 0xB0, 0x04, 0x20,  /* gai → 2 chars */
    /* gan    */ 0x03, 0x67, 0x61, 0x6E, 0x04, 0x00, 0x45, 0x00, 0x4A, 0x01, 0x3E, 0x03, 0x62,  /* gan → 4 chars */
    /* gang   */ 0x04, 0x67, 0x61, 0x6E, 0x67, 0x04, 0x01, 0x16, 0x01, 0xD9, 0x02, 0xC9, 0x03, 0x33,  /* gang → 4 chars */
    /* gao    */ 0x03, 0x67, 0x61, 0x6F, 0x03, 0x00, 0x2F, 0x04, 0x1E, 0x05, 0x76,  /* gao → 3 chars */
    /* ge     */ 0x02, 0x67, 0x65, 0x07, 0x00, 0x0F, 0x01, 0x04, 0x02, 0xE4, 0x03, 0x9C, 0x03, 0xAF, 0x04, 0x75, 0x04, 0xBB,  /* ge → 7 chars */
    /* gei    */ 0x03, 0x67, 0x65, 0x69, 0x01, 0x01, 0xB4,  /* gei → 1 chars */
    /* geng   */ 0x04, 0x67, 0x65, 0x6E, 0x67, 0x01, 0x01, 0x50,  /* geng → 1 chars */
    /* gong   */ 0x04, 0x67, 0x6F, 0x6E, 0x67, 0x08, 0x00, 0xE5, 0x01, 0x64, 0x02, 0xC6, 0x03, 0x1D, 0x03, 0x42, 0x03, 0x54, 0x04, 0x8A, 0x04, 0xEE,  /* gong → 8 chars */
    /* gou    */ 0x03, 0x67, 0x6F, 0x75, 0x02, 0x01, 0xD4, 0x03, 0xBE,  /* gou → 2 chars */
    /* gu     */ 0x02, 0x67, 0x75, 0x07, 0x01, 0x25, 0x02, 0xDF, 0x02, 0xEA, 0x03, 0x0E, 0x03, 0x78, 0x03, 0xC2, 0x04, 0xE5,  /* gu → 7 chars */
    /* gua    */ 0x03, 0x67, 0x75, 0x61, 0x01, 0x01, 0xC4,  /* gua → 1 chars */
    /* guan   */ 0x04, 0x67, 0x75, 0x61, 0x6E, 0x09, 0x00, 0x70, 0x00, 0xE9, 0x01, 0x6D, 0x02, 0x29, 0x02, 0xCC, 0x03, 0xFD, 0x04, 0x84, 0x05, 0x58, 0x05, 0x63,  /* guan → 9 chars */
    /* guang  */ 0x05, 0x67, 0x75, 0x61, 0x6E, 0x67, 0x02, 0x00, 0x66, 0x01, 0x82,  /* guang → 2 chars */
    /* gui    */ 0x03, 0x67, 0x75, 0x69, 0x05, 0x00, 0x5B, 0x00, 0x6A, 0x02, 0x25, 0x05, 0x40, 0x05, 0x41,  /* gui → 5 chars */
    /* guo    */ 0x03, 0x67, 0x75, 0x6F, 0x04, 0x00, 0x10, 0x00, 0x9C, 0x01, 0xB8, 0x01, 0xC5,  /* guo → 4 chars */
    /* ha     */ 0x02, 0x68, 0x61, 0x01, 0x00, 0x5E,  /* ha → 1 chars */
    /* hai    */ 0x03, 0x68, 0x61, 0x69, 0x02, 0x00, 0x77, 0x05, 0x47,  /* hai → 2 chars */
    /* han    */ 0x03, 0x68, 0x61, 0x6E, 0x04, 0x00, 0xA4, 0x03, 0xB4, 0x04, 0x9F, 0x05, 0x51,  /* han → 4 chars */
    /* hang   */ 0x04, 0x68, 0x61, 0x6E, 0x67, 0x03, 0x00, 0x21, 0x00, 0x5F, 0x02, 0x87,  /* hang → 3 chars */
    /* hao    */ 0x03, 0x68, 0x61, 0x6F, 0x04, 0x00, 0x36, 0x00, 0xDB, 0x03, 0xD3, 0x05, 0x7B,  /* hao → 4 chars */
    /* he     */ 0x02, 0x68, 0x65, 0x0C, 0x00, 0x16, 0x00, 0x60, 0x00, 0x9D, 0x01, 0x13, 0x02, 0x05, 0x02, 0x18, 0x04, 0x67, 0x04, 0x70, 0x04, 0x8C, 0x04, 0x8E, 0x04, 0xE0, 0x05, 0x1A,  /* he → 12 chars */
    /* hei    */ 0x03, 0x68, 0x65, 0x69, 0x01, 0x00, 0x3D,  /* hei → 1 chars */
    /* heng   */ 0x04, 0x68, 0x65, 0x6E, 0x67, 0x02, 0x03, 0xAD, 0x04, 0x7F,  /* heng → 2 chars */
    /* hong   */ 0x04, 0x68, 0x6F, 0x6E, 0x67, 0x05, 0x01, 0x2D, 0x02, 0x01, 0x03, 0x17, 0x03, 0xCE, 0x04, 0xDF,  /* hong → 5 chars */
    /* hou    */ 0x03, 0x68, 0x6F, 0x75, 0x03, 0x00, 0x29, 0x01, 0x8A, 0x02, 0x36,  /* hou → 3 chars */
    /* hu     */ 0x02, 0x68, 0x75, 0x0B, 0x00, 0x54, 0x00, 0x5C, 0x00, 0x9B, 0x01, 0x29, 0x01, 0xCF, 0x02, 0x5F, 0x02, 0xAC, 0x03, 0x05, 0x04, 0x0D, 0x04, 0x76, 0x05, 0x0E,  /* hu → 11 chars */
    /* hua    */ 0x03, 0x68, 0x75, 0x61, 0x07, 0x01, 0xBC, 0x02, 0x73, 0x02, 0xD7, 0x02, 0xD8, 0x03, 0xA2, 0x03, 0xE9, 0x04, 0xDA,  /* hua → 7 chars */
    /* huai   */ 0x04, 0x68, 0x75, 0x61, 0x69, 0x03, 0x01, 0x45, 0x03, 0x5E, 0x03, 0xDD,  /* huai → 3 chars */
    /* huan   */ 0x04, 0x68, 0x75, 0x61, 0x6E, 0x05, 0x01, 0x51, 0x01, 0xA2, 0x03, 0xA1, 0x04, 0x12, 0x05, 0x57,  /* huan → 5 chars */
    /* huang  */ 0x05, 0x68, 0x75, 0x61, 0x6E, 0x67, 0x06, 0x00, 0x95, 0x02, 0x2C, 0x03, 0xF4, 0x04, 0x03, 0x04, 0x1D, 0x05, 0x2D,  /* huang → 6 chars */
    /* hui    */ 0x03, 0x68, 0x75, 0x69, 0x08, 0x00, 0x1A, 0x00, 0x71, 0x02, 0x04, 0x02, 0x4E, 0x02, 0x5D, 0x03, 0x5A, 0x03, 0xB3, 0x04, 0x93,  /* hui → 8 chars */
    /* hun    */ 0x03, 0x68, 0x75, 0x6E, 0x02, 0x01, 0xF1, 0x05, 0x60,  /* hun → 2 chars */
    /* huo    */ 0x03, 0x68, 0x75, 0x6F, 0x03, 0x01, 0x10, 0x04, 0x6E, 0x04, 0xCC,  /* huo → 3 chars */
    /* ji     */ 0x02, 0x6A, 0x69, 0x14, 0x00, 0x3E, 0x00, 0x40, 0x00, 0x62, 0x00, 0xCA, 0x00, 0xED, 0x01, 0x01, 0x01, 0x90, 0x01, 0x94, 0x01, 0xD5, 0x02, 0x43, 0x02, 0x81, 0x02, 0xDD, 0x02, 0xFB, 0x03, 0x69, 0x03, 0x87, 0x03, 0x95, 0x04, 0x3B, 0x04, 0xC2, 0x04, 0xCA, 0x05, 0x2F,  /* ji → 20 chars */
    /* jia    */ 0x03, 0x6A, 0x69, 0x61, 0x09, 0x00, 0x7A, 0x00, 0xB3, 0x01, 0x44, 0x01, 0x4F, 0x02, 0xBC, 0x03, 0x1E, 0x04, 0xA7, 0x04, 0xD9, 0x05, 0x2B,  /* jia → 9 chars */
    /* jian   */ 0x04, 0x6A, 0x69, 0x61, 0x6E, 0x0B, 0x00, 0xD4, 0x01, 0x0A, 0x01, 0x4B, 0x02, 0x75, 0x02, 0x7D, 0x02, 0x98, 0x02, 0xD1, 0x03, 0x2A, 0x03, 0x53, 0x04, 0xF9, 0x05, 0x52,  /* jian → 11 chars */
    /* jiang  */ 0x05, 0x6A, 0x69, 0x61, 0x6E, 0x67, 0x07, 0x00, 0x59, 0x00, 0xB2, 0x01, 0x2A, 0x01, 0x49, 0x03, 0x10, 0x04, 0x41, 0x05, 0x19,  /* jiang → 7 chars */
    /* jiao   */ 0x04, 0x6A, 0x69, 0x61, 0x6F, 0x0B, 0x00, 0xC8, 0x02, 0x22, 0x02, 0xAF, 0x03, 0xA6, 0x04, 0x02, 0x04, 0x51, 0x04, 0x52, 0x04, 0x86, 0x04, 0x92, 0x04, 0xA5, 0x05, 0x6F,  /* jiao → 11 chars */
    /* jie    */ 0x03, 0x6A, 0x69, 0x65, 0x0A, 0x00, 0xDD, 0x01, 0x1D, 0x01, 0xA5, 0x02, 0x89, 0x02, 0x8E, 0x02, 0xB3, 0x04, 0x1B, 0x05, 0x18, 0x05, 0x26, 0x05, 0x54,  /* jie → 10 chars */
    /* jin    */ 0x03, 0x6A, 0x69, 0x6E, 0x0B, 0x00, 0x3A, 0x00, 0x43, 0x00, 0x53, 0x00, 0x7C, 0x00, 0xC9, 0x01, 0x46, 0x02, 0x32, 0x02, 0x79, 0x02, 0xD3, 0x04, 0xB7, 0x05, 0x38,  /* jin → 11 chars */
    /* jing   */ 0x04, 0x6A, 0x69, 0x6E, 0x67, 0x0B, 0x00, 0x52, 0x00, 0xD9, 0x02, 0x7E, 0x02, 0x82, 0x02, 0x9B, 0x02, 0xAE, 0x03, 0x86, 0x03, 0xCA, 0x04, 0x64, 0x04, 0x6F, 0x04, 0xCE,  /* jing → 11 chars */
    /* jiu    */ 0x03, 0x6A, 0x69, 0x75, 0x05, 0x00, 0x1E, 0x00, 0x38, 0x00, 0xCB, 0x00, 0xF8, 0x04, 0xB0,  /* jiu → 5 chars */
    /* ju     */ 0x02, 0x6A, 0x75, 0x0C, 0x02, 0xBE, 0x02, 0xE0, 0x03, 0x2E, 0x03, 0x41, 0x04, 0x00, 0x04, 0x4C, 0x04, 0x6A, 0x04, 0xE7, 0x05, 0x06, 0x05, 0x0B, 0x05, 0x25, 0x05, 0x26,  /* ju → 12 chars */
    /* juan   */ 0x04, 0x6A, 0x75, 0x61, 0x6E, 0x01, 0x04, 0xAE,  /* juan → 1 chars */
    /* jue    */ 0x03, 0x6A, 0x75, 0x65, 0x01, 0x02, 0x8D,  /* jue → 1 chars */
    /* jun    */ 0x03, 0x6A, 0x75, 0x6E, 0x04, 0x04, 0xA9, 0x05, 0x1F, 0x05, 0x35, 0x05, 0x50,  /* jun → 4 chars */
    /* ka     */ 0x02, 0x6B, 0x61, 0x02, 0x02, 0xDA, 0x02, 0xE6,  /* ka → 2 chars */
    /* kai    */ 0x03, 0x6B, 0x61, 0x69, 0x02, 0x00, 0xDF, 0x05, 0x45,  /* kai → 2 chars */
    /* kan    */ 0x03, 0x6B, 0x61, 0x6E, 0x02, 0x01, 0xA6, 0x02, 0xCF,  /* kan → 2 chars */
    /* kang   */ 0x04, 0x6B, 0x61, 0x6E, 0x67, 0x01, 0x03, 0x51,  /* kang → 1 chars */
    /* kao    */ 0x03, 0x6B, 0x61, 0x6F, 0x02, 0x04, 0x48, 0x05, 0x44,  /* kao → 2 chars */
    /* ke     */ 0x02, 0x6B, 0x65, 0x04, 0x01, 0xAF, 0x02, 0x4A, 0x04, 0x38, 0x04, 0xF5,  /* ke → 4 chars */
    /* ken    */ 0x03, 0x6B, 0x65, 0x6E, 0x01, 0x02, 0xF5,  /* ken → 1 chars */
    /* kong   */ 0x04, 0x6B, 0x6F, 0x6E, 0x67, 0x03, 0x01, 0x42, 0x02, 0x66, 0x03, 0x13,  /* kong → 3 chars */
    /* kou    */ 0x03, 0x6B, 0x6F, 0x75, 0x01, 0x01, 0x1A,  /* kou → 1 chars */
    /* ku     */ 0x02, 0x6B, 0x75, 0x01, 0x03, 0x4D,  /* ku → 1 chars */
    /* kua    */ 0x03, 0x6B, 0x75, 0x61, 0x01, 0x02, 0x94,  /* kua → 1 chars */
    /* kuai   */ 0x04, 0x6B, 0x75, 0x61, 0x69, 0x01, 0x00, 0x34,  /* kuai → 1 chars */
    /* kuan   */ 0x04, 0x6B, 0x75, 0x61, 0x6E, 0x01, 0x01, 0x86,  /* kuan → 1 chars */
    /* kuang  */ 0x05, 0x6B, 0x75, 0x61, 0x6E, 0x67, 0x01, 0x04, 0x29,  /* kuang → 1 chars */
    /* kui    */ 0x03, 0x6B, 0x75, 0x69, 0x01, 0x03, 0x0C,  /* kui → 1 chars */
    /* kun    */ 0x03, 0x6B, 0x75, 0x6E, 0x01, 0x00, 0x69,  /* kun → 1 chars */
    /* kuo    */ 0x03, 0x6B, 0x75, 0x6F, 0x02, 0x01, 0x54, 0x03, 0x70,  /* kuo → 2 chars */
    /* la     */ 0x02, 0x6C, 0x61, 0x02, 0x03, 0x6C, 0x04, 0x53,  /* la → 2 chars */
    /* lai    */ 0x03, 0x6C, 0x61, 0x69, 0x03, 0x00, 0x0D, 0x03, 0xD7, 0x04, 0x6C,  /* lai → 3 chars */
    /* lan    */ 0x03, 0x6C, 0x61, 0x6E, 0x06, 0x00, 0x6B, 0x01, 0x2E, 0x03, 0x9A, 0x03, 0xA8, 0x03, 0xF8, 0x04, 0x85,  /* lan → 6 chars */
    /* lang   */ 0x04, 0x6C, 0x61, 0x6E, 0x67, 0x06, 0x01, 0x7B, 0x01, 0xD2, 0x03, 0x8C, 0x03, 0xD4, 0x04, 0xA6, 0x04, 0xBC,  /* lang → 6 chars */
    /* lao    */ 0x03, 0x6C, 0x61, 0x6F, 0x04, 0x02, 0xD4, 0x03, 0x3A, 0x04, 0x47, 0x05, 0x17,  /* lao → 4 chars */
    /* le     */ 0x02, 0x6C, 0x65, 0x02, 0x00, 0x04, 0x00, 0x85,  /* le → 2 chars */
    /* lei    */ 0x03, 0x6C, 0x65, 0x69, 0x03, 0x01, 0x81, 0x01, 0x92, 0x02, 0xD6,  /* lei → 3 chars */
    /* leng   */ 0x04, 0x6C, 0x65, 0x6E, 0x67, 0x02, 0x01, 0x3C, 0x05, 0x4C,  /* leng → 2 chars */
    /* li     */ 0x02, 0x6C, 0x69, 0x10, 0x00, 0x25, 0x00, 0x8F, 0x01, 0x9A, 0x01, 0xDD, 0x02, 0x40, 0x02, 0xA7, 0x02, 0xD0, 0x03, 0xA5, 0x03, 0xE6, 0x03, 0xF9, 0x04, 0x14, 0x04, 0x65, 0x04, 0xB1, 0x04, 0xE4, 0x05, 0x5B, 0x05, 0x66,  /* li → 16 chars */
    /* lian   */ 0x04, 0x6C, 0x69, 0x61, 0x6E, 0x05, 0x00, 0xDC, 0x02, 0x85, 0x03, 0xD8, 0x04, 0x6D, 0x04, 0xB5,  /* lian → 5 chars */
    /* liang  */ 0x05, 0x6C, 0x69, 0x61, 0x6E, 0x67, 0x06, 0x00, 0xA0, 0x00, 0xE8, 0x01, 0x00, 0x01, 0x34, 0x01, 0x3D, 0x04, 0x5A,  /* liang → 6 chars */
    /* liao   */ 0x04, 0x6C, 0x69, 0x61, 0x6F, 0x04, 0x00, 0x3F, 0x00, 0xD0, 0x03, 0x24, 0x04, 0x4B,  /* liao → 4 chars */
    /* lie    */ 0x03, 0x6C, 0x69, 0x65, 0x01, 0x02, 0x3E,  /* lie → 1 chars */
    /* lin    */ 0x03, 0x6C, 0x69, 0x6E, 0x03, 0x00, 0x9E, 0x02, 0x30, 0x05, 0x73,  /* lin → 3 chars */
    /* ling   */ 0x04, 0x6C, 0x69, 0x6E, 0x67, 0x08, 0x00, 0xFF, 0x01, 0x23, 0x02, 0x11, 0x02, 0x96, 0x02, 0xB7, 0x02, 0xCE, 0x03, 0xFF, 0x05, 0x56,  /* ling → 8 chars */
    /* liu    */ 0x03, 0x6C, 0x69, 0x75, 0x06, 0x00, 0x7D, 0x00, 0x91, 0x00, 0xF5, 0x03, 0xD0, 0x03, 0xD1, 0x05, 0x24,  /* liu → 6 chars */
    /* long   */ 0x04, 0x6C, 0x6F, 0x6E, 0x67, 0x03, 0x01, 0xCD, 0x04, 0xC5, 0x05, 0x32,  /* long → 3 chars */
    /* lou    */ 0x03, 0x6C, 0x6F, 0x75, 0x02, 0x01, 0x66, 0x03, 0x11,  /* lou → 2 chars */
    /* lu     */ 0x02, 0x6C, 0x75, 0x0D, 0x00, 0x41, 0x00, 0x81, 0x00, 0xB1, 0x01, 0x14, 0x01, 0xFD, 0x02, 0x20, 0x03, 0x4C, 0x04, 0x17, 0x04, 0x5E, 0x04, 0xC3, 0x04, 0xE2, 0x04, 0xE3, 0x05, 0x36,  /* lu → 13 chars */
    /* luan   */ 0x04, 0x6C, 0x75, 0x61, 0x6E, 0x02, 0x03, 0x9D, 0x03, 0xEC,  /* luan → 2 chars */
    /* lun    */ 0x03, 0x6C, 0x75, 0x6E, 0x01, 0x05, 0x48,  /* lun → 1 chars */
    /* luo    */ 0x03, 0x6C, 0x75, 0x6F, 0x05, 0x00, 0x9F, 0x03, 0xCD, 0x03, 0xF1, 0x04, 0x71, 0x04, 0x74,  /* luo → 5 chars */
    /* lv     */ 0x02, 0x6C, 0x76, 0x08, 0x00, 0xB0, 0x00, 0xE6, 0x01, 0x2F, 0x01, 0xD8, 0x04, 0xBA, 0x04, 0xF1, 0x05, 0x14, 0x05, 0x74,  /* lv → 8 chars */
    /* ma     */ 0x02, 0x6D, 0x61, 0x04, 0x00, 0x99, 0x01, 0xE6, 0x02, 0x78, 0x04, 0x11,  /* ma → 4 chars */
    /* mai    */ 0x03, 0x6D, 0x61, 0x69, 0x03, 0x01, 0xA3, 0x01, 0xA4, 0x01, 0xC2,  /* mai → 3 chars */
    /* man    */ 0x03, 0x6D, 0x61, 0x6E, 0x02, 0x00, 0x35, 0x01, 0x41,  /* man → 2 chars */
    /* mang   */ 0x04, 0x6D, 0x61, 0x6E, 0x67, 0x02, 0x02, 0x5B, 0x04, 0x5C,  /* mang → 2 chars */
    /* mao    */ 0x03, 0x6D, 0x61, 0x6F, 0x05, 0x01, 0xD3, 0x01, 0xE4, 0x03, 0x48, 0x04, 0x63, 0x05, 0x6E,  /* mao → 5 chars */
    /* mei    */ 0x03, 0x6D, 0x65, 0x69, 0x09, 0x01, 0x03, 0x01, 0x80, 0x01, 0xBA, 0x02, 0x9D, 0x03, 0xA3, 0x03, 0xE2, 0x04, 0x25, 0x04, 0x44, 0x05, 0x6C,  /* mei → 9 chars */
    /* men    */ 0x03, 0x6D, 0x65, 0x6E, 0x02, 0x00, 0x13, 0x01, 0x19,  /* men → 2 chars */
    /* meng   */ 0x04, 0x6D, 0x65, 0x6E, 0x67, 0x04, 0x00, 0x56, 0x03, 0x15, 0x04, 0x0F, 0x04, 0x22,  /* meng → 4 chars */
    /* mi     */ 0x02, 0x6D, 0x69, 0x04, 0x01, 0x8F, 0x01, 0xC1, 0x03, 0xB8, 0x05, 0x5F,  /* mi → 4 chars */
    /* mian   */ 0x04, 0x6D, 0x69, 0x61, 0x6E, 0x07, 0x00, 0x28, 0x00, 0x82, 0x01, 0xE5, 0x02, 0xCA, 0x03, 0xDF, 0x04, 0xF2, 0x05, 0x13,  /* mian → 7 chars */
    /* miao   */ 0x04, 0x6D, 0x69, 0x61, 0x6F, 0x03, 0x02, 0x63, 0x03, 0x4F, 0x03, 0xDE,  /* miao → 3 chars */
    /* min    */ 0x03, 0x6D, 0x69, 0x6E, 0x03, 0x00, 0x4D, 0x03, 0xB1, 0x04, 0xB9,  /* min → 3 chars */
    /* ming   */ 0x04, 0x6D, 0x69, 0x6E, 0x67, 0x04, 0x01, 0x33, 0x02, 0x48, 0x02, 0x49, 0x05, 0x1D,  /* ming → 4 chars */
    /* mo     */ 0x02, 0x6D, 0x6F, 0x05, 0x02, 0x6D, 0x02, 0x9E, 0x03, 0x02, 0x03, 0x76, 0x03, 0xF0,  /* mo → 5 chars */
    /* mou    */ 0x03, 0x6D, 0x6F, 0x75, 0x01, 0x04, 0x0A,  /* mou → 1 chars */
    /* mu     */ 0x02, 0x6D, 0x75, 0x02, 0x01, 0xBF, 0x04, 0x0B,  /* mu → 2 chars */
    /* na     */ 0x02, 0x6E, 0x61, 0x02, 0x01, 0x9E, 0x05, 0x28,  /* na → 2 chars */
    /* nan    */ 0x03, 0x6E, 0x61, 0x6E, 0x02, 0x00, 0x2C, 0x05, 0x53,  /* nan → 2 chars */
    /* nao    */ 0x03, 0x6E, 0x61, 0x6F, 0x02, 0x04, 0xFA, 0x05, 0x72,  /* nao → 2 chars */
    /* nei    */ 0x03, 0x6E, 0x65, 0x69, 0x02, 0x00, 0xBE, 0x05, 0x28,  /* nei → 2 chars */
    /* neng   */ 0x04, 0x6E, 0x65, 0x6E, 0x67, 0x01, 0x00, 0x1F,  /* neng → 1 chars */
    /* ni     */ 0x02, 0x6E, 0x69, 0x04, 0x00, 0x17, 0x01, 0x5F, 0x01, 0xEA, 0x02, 0x67,  /* ni → 4 chars */
    /* nian   */ 0x04, 0x6E, 0x69, 0x61, 0x6E, 0x02, 0x00, 0x26, 0x02, 0x5C,  /* nian → 2 chars */
    /* niao   */ 0x04, 0x6E, 0x69, 0x61, 0x6F, 0x01, 0x01, 0xCA,  /* niao → 1 chars */
    /* ning   */ 0x04, 0x6E, 0x69, 0x6E, 0x67, 0x01, 0x00, 0x57,  /* ning → 1 chars */
    /* niu    */ 0x03, 0x6E, 0x69, 0x75, 0x01, 0x04, 0x09,  /* niu → 1 chars */
    /* nong   */ 0x04, 0x6E, 0x6F, 0x6E, 0x67, 0x02, 0x02, 0x08, 0x02, 0xCB,  /* nong → 2 chars */
    /* nv     */ 0x02, 0x6E, 0x76, 0x01, 0x05, 0x78,  /* nv → 1 chars */
    /* pa     */ 0x02, 0x70, 0x61, 0x02, 0x01, 0x97, 0x03, 0x46,  /* pa → 2 chars */
    /* pai    */ 0x03, 0x70, 0x61, 0x69, 0x02, 0x01, 0x08, 0x03, 0x6D,  /* pai → 2 chars */
    /* pan    */ 0x03, 0x70, 0x61, 0x6E, 0x07, 0x00, 0xBA, 0x02, 0x76, 0x03, 0x77, 0x03, 0xC7, 0x04, 0x2E, 0x04, 0x7E, 0x05, 0x3B,  /* pan → 7 chars */
    /* pao    */ 0x03, 0x70, 0x61, 0x6F, 0x01, 0x01, 0x99,  /* pao → 1 chars */
    /* pei    */ 0x03, 0x70, 0x65, 0x69, 0x02, 0x02, 0x2B, 0x03, 0xBD,  /* pei → 2 chars */
    /* peng   */ 0x04, 0x70, 0x65, 0x6E, 0x67, 0x04, 0x00, 0xAF, 0x02, 0x26, 0x04, 0x79, 0x05, 0x1C,  /* peng → 4 chars */
    /* pi     */ 0x02, 0x70, 0x69, 0x03, 0x01, 0xE3, 0x04, 0xA1, 0x04, 0xAA,  /* pi → 3 chars */
    /* pian   */ 0x04, 0x70, 0x69, 0x61, 0x6E, 0x01, 0x00, 0xC3,  /* pian → 1 chars */
    /* pin    */ 0x03, 0x70, 0x69, 0x6E, 0x01, 0x00, 0xE1,  /* pin → 1 chars */
    /* ping   */ 0x04, 0x70, 0x69, 0x6E, 0x67, 0x05, 0x01, 0x1F, 0x02, 0x0C, 0x04, 0x16, 0x04, 0xF6, 0x05, 0x07,  /* ping → 5 chars */
    /* po     */ 0x02, 0x70, 0x6F, 0x03, 0x01, 0x22, 0x03, 0xC4, 0x04, 0xAF,  /* po → 3 chars */
    /* pu     */ 0x02, 0x70, 0x75, 0x08, 0x03, 0x85, 0x03, 0xD2, 0x03, 0xFB, 0x04, 0x68, 0x04, 0x77, 0x05, 0x3F, 0x05, 0x6A, 0x05, 0x75,  /* pu → 8 chars */
    /* qi     */ 0x02, 0x71, 0x69, 0x11, 0x00, 0xEA, 0x00, 0xF6, 0x01, 0x7D, 0x01, 0x7F, 0x01, 0xE0, 0x02, 0x39, 0x02, 0xAD, 0x03, 0x0A, 0x03, 0x3C, 0x03, 0x7E, 0x03, 0x93, 0x04, 0x30, 0x04, 0x3E, 0x04, 0xDC, 0x04, 0xE6, 0x05, 0x02, 0x05, 0x82,  /* qi → 17 chars */
    /* qian   */ 0x04, 0x71, 0x69, 0x61, 0x6E, 0x08, 0x00, 0x27, 0x00, 0x50, 0x00, 0xFB, 0x01, 0x88, 0x01, 0x96, 0x02, 0xAB, 0x04, 0x97, 0x04, 0xBE,  /* qian → 8 chars */
    /* qiang  */ 0x05, 0x71, 0x69, 0x61, 0x6E, 0x67, 0x03, 0x01, 0x37, 0x01, 0x73, 0x03, 0x6B,  /* qiang → 3 chars */
    /* qiao   */ 0x04, 0x71, 0x69, 0x61, 0x6F, 0x03, 0x01, 0x15, 0x03, 0xAE, 0x05, 0x34,  /* qiao → 3 chars */
    /* qie    */ 0x03, 0x71, 0x69, 0x65, 0x01, 0x02, 0x3D,  /* qie → 1 chars */
    /* qin    */ 0x03, 0x71, 0x69, 0x6E, 0x04, 0x03, 0xBA, 0x04, 0x3A, 0x04, 0xB4, 0x05, 0x5C,  /* qin → 4 chars */
    /* qing   */ 0x04, 0x71, 0x69, 0x6E, 0x67, 0x07, 0x00, 0x5A, 0x01, 0x36, 0x01, 0x39, 0x01, 0xF9, 0x02, 0x93, 0x03, 0x4B, 0x04, 0xFF,  /* qing → 7 chars */
    /* qiong  */ 0x05, 0x71, 0x69, 0x6F, 0x6E, 0x67, 0x01, 0x00, 0x51,  /* qiong → 1 chars */
    /* qiu    */ 0x03, 0x71, 0x69, 0x75, 0x04, 0x01, 0xEE, 0x02, 0xA4, 0x04, 0x13, 0x04, 0xA0,  /* qiu → 4 chars */
    /* qu     */ 0x02, 0x71, 0x75, 0x06, 0x00, 0xF1, 0x01, 0x05, 0x03, 0x88, 0x03, 0x8A, 0x03, 0xE0, 0x04, 0x80,  /* qu → 6 chars */
    /* quan   */ 0x04, 0x71, 0x75, 0x61, 0x6E, 0x04, 0x00, 0x73, 0x02, 0x38, 0x02, 0xEC, 0x03, 0x92,  /* quan → 4 chars */
    /* que    */ 0x03, 0x71, 0x75, 0x65, 0x02, 0x00, 0xEF, 0x05, 0x1E,  /* que → 2 chars */
    /* qun    */ 0x03, 0x71, 0x75, 0x6E, 0x01, 0x04, 0x45,  /* qun → 1 chars */
    /* ran    */ 0x03, 0x72, 0x61, 0x6E, 0x01, 0x05, 0x42,  /* ran → 1 chars */
    /* rang   */ 0x04, 0x72, 0x61, 0x6E, 0x67, 0x01, 0x01, 0xB5,  /* rang → 1 chars */
    /* rao    */ 0x03, 0x72, 0x61, 0x6F, 0x01, 0x04, 0xD3,  /* rao → 1 chars */
    /* re     */ 0x02, 0x72, 0x65, 0x01, 0x01, 0x3B,  /* re → 1 chars */
    /* ren    */ 0x03, 0x72, 0x65, 0x6E, 0x04, 0x00, 0x06, 0x00, 0x8A, 0x00, 0xF0, 0x02, 0xB8,  /* ren → 4 chars */
    /* ri     */ 0x02, 0x72, 0x69, 0x01, 0x01, 0xF4,  /* ri → 1 chars */
    /* rong   */ 0x04, 0x72, 0x6F, 0x6E, 0x67, 0x06, 0x01, 0xEB, 0x03, 0x1F, 0x03, 0xAA, 0x04, 0x66, 0x05, 0x01, 0x05, 0x6B,  /* rong → 6 chars */
    /* ru     */ 0x02, 0x72, 0x75, 0x03, 0x01, 0x59, 0x03, 0x0D, 0x03, 0xB6,  /* ru → 3 chars */
    /* ruan   */ 0x04, 0x72, 0x75, 0x61, 0x6E, 0x01, 0x04, 0xF8,  /* ruan → 1 chars */
    /* rui    */ 0x03, 0x72, 0x75, 0x69, 0x01, 0x04, 0x15,  /* rui → 1 chars */
    /* run    */ 0x03, 0x72, 0x75, 0x6E, 0x01, 0x03, 0xDA,  /* run → 1 chars */
    /* ruo    */ 0x03, 0x72, 0x75, 0x6F, 0x01, 0x01, 0x38,  /* ruo → 1 chars */
    /* sa     */ 0x02, 0x73, 0x61, 0x01, 0x05, 0x5E,  /* sa → 1 chars */
    /* sai    */ 0x03, 0x73, 0x61, 0x69, 0x02, 0x03, 0x01, 0x05, 0x39,  /* sai → 2 chars */
    /* san    */ 0x03, 0x73, 0x61, 0x6E, 0x02, 0x00, 0x7F, 0x05, 0x03,  /* san → 2 chars */
    /* sang   */ 0x04, 0x73, 0x61, 0x6E, 0x67, 0x01, 0x03, 0xA0,  /* sang → 1 chars */
    /* sao    */ 0x03, 0x73, 0x61, 0x6F, 0x02, 0x02, 0x62, 0x03, 0x12,  /* sao → 2 chars */
    /* se     */ 0x02, 0x73, 0x65, 0x01, 0x01, 0x84,  /* se → 1 chars */
    /* sen    */ 0x03, 0x73, 0x65, 0x6E, 0x01, 0x05, 0x64,  /* sen → 1 chars */
    /* sha    */ 0x03, 0x73, 0x68, 0x61, 0x03, 0x00, 0x65, 0x04, 0x2B, 0x04, 0x69,  /* sha → 3 chars */
    /* shan   */ 0x04, 0x73, 0x68, 0x61, 0x6E, 0x06, 0x00, 0x44, 0x01, 0x12, 0x01, 0x4D, 0x02, 0xE7, 0x03, 0xB5, 0x05, 0x33,  /* shan → 6 chars */
    /* shang  */ 0x05, 0x73, 0x68, 0x61, 0x6E, 0x67, 0x03, 0x00, 0x0E, 0x02, 0xE5, 0x03, 0x2B,  /* shang → 3 chars */
    /* shao   */ 0x04, 0x73, 0x68, 0x61, 0x6F, 0x05, 0x00, 0x31, 0x00, 0x7B, 0x04, 0xA2, 0x04, 0xD0, 0x05, 0x43,  /* shao → 5 chars */
    /* she    */ 0x03, 0x73, 0x68, 0x65, 0x05, 0x00, 0xE0, 0x01, 0x69, 0x02, 0x91, 0x03, 0xD6, 0x04, 0x2F,  /* she → 5 chars */
    /* shen   */ 0x04, 0x73, 0x68, 0x65, 0x6E, 0x06, 0x00, 0x5D, 0x00, 0x67, 0x02, 0xB2, 0x03, 0x1B, 0x04, 0x31, 0x04, 0x6B,  /* shen → 6 chars */
    /* sheng  */ 0x05, 0x73, 0x68, 0x65, 0x6E, 0x67, 0x08, 0x00, 0x24, 0x01, 0x48, 0x01, 0x83, 0x02, 0xA3, 0x02, 0xEE, 0x03, 0x3E, 0x04, 0x21, 0x04, 0x50,  /* sheng → 8 chars */
    /* shi    */ 0x03, 0x73, 0x68, 0x69, 0x14, 0x00, 0x01, 0x00, 0x1C, 0x00, 0xD7, 0x00, 0xF9, 0x01, 0x3F, 0x01, 0x57, 0x01, 0x6F, 0x01, 0xD0, 0x01, 0xDB, 0x02, 0x59, 0x02, 0x8C, 0x03, 0x04, 0x03, 0x1A, 0x03, 0x44, 0x03, 0x45, 0x03, 0x7C, 0x03, 0xB0, 0x04, 0xEA, 0x05, 0x04, 0x05, 0x4D,  /* shi → 20 chars */
    /* shou   */ 0x04, 0x73, 0x68, 0x6F, 0x75, 0x07, 0x00, 0xC4, 0x00, 0xC6, 0x01, 0xCB, 0x02, 0x60, 0x03, 0x26, 0x03, 0x73, 0x04, 0xD4,  /* shou → 7 chars */
    /* shu    */ 0x03, 0x73, 0x68, 0x75, 0x0A, 0x01, 0x58, 0x01, 0x8E, 0x01, 0xBE, 0x02, 0x1F, 0x02, 0xA0, 0x03, 0x90, 0x03, 0xC0, 0x04, 0x06, 0x04, 0x7C, 0x05, 0x30,  /* shu → 10 chars */
    /* shua   */ 0x04, 0x73, 0x68, 0x75, 0x61, 0x01, 0x04, 0xEC,  /* shua → 1 chars */
    /* shuang */ 0x06, 0x73, 0x68, 0x75, 0x61, 0x6E, 0x67, 0x02, 0x01, 0xFC, 0x02, 0x45,  /* shuang → 2 chars */
    /* shui   */ 0x04, 0x73, 0x68, 0x75, 0x69, 0x01, 0x01, 0x0F,  /* shui → 1 chars */
    /* shun   */ 0x04, 0x73, 0x68, 0x75, 0x6E, 0x01, 0x00, 0x8B,  /* shun → 1 chars */
    /* shuo   */ 0x04, 0x73, 0x68, 0x75, 0x6F, 0x02, 0x00, 0x12, 0x03, 0x8B,  /* shuo → 2 chars */
    /* si     */ 0x02, 0x73, 0x69, 0x08, 0x00, 0xF3, 0x01, 0xA8, 0x01, 0xE7, 0x03, 0x25, 0x03, 0x7B, 0x03, 0xC6, 0x04, 0x37, 0x04, 0xF3,  /* si → 8 chars */
    /* song   */ 0x04, 0x73, 0x6F, 0x6E, 0x67, 0x04, 0x00, 0xA2, 0x01, 0xA0, 0x03, 0x3F, 0x03, 0x94,  /* song → 4 chars */
    /* sou    */ 0x03, 0x73, 0x6F, 0x75, 0x01, 0x03, 0x75,  /* sou → 1 chars */
    /* su     */ 0x02, 0x73, 0x75, 0x04, 0x00, 0x4B, 0x03, 0x21, 0x04, 0x4D, 0x04, 0x9A,  /* su → 4 chars */
    /* sui    */ 0x03, 0x73, 0x75, 0x69, 0x04, 0x04, 0x28, 0x04, 0x42, 0x04, 0x9B, 0x04, 0xC6,  /* sui → 4 chars */
    /* sun    */ 0x03, 0x73, 0x75, 0x6E, 0x01, 0x00, 0x98,  /* sun → 1 chars */
    /* suo    */ 0x03, 0x73, 0x75, 0x6F, 0x04, 0x01, 0x55, 0x02, 0x21, 0x02, 0x97, 0x05, 0x15,  /* suo → 4 chars */
    /* ta     */ 0x02, 0x74, 0x61, 0x03, 0x00, 0x09, 0x02, 0x51, 0x02, 0xFF,  /* ta → 3 chars */
    /* tai    */ 0x03, 0x74, 0x61, 0x69, 0x03, 0x00, 0x75, 0x03, 0x07, 0x03, 0xC8,  /* tai → 3 chars */
    /* tan    */ 0x03, 0x74, 0x61, 0x6E, 0x06, 0x01, 0x72, 0x02, 0xF1, 0x02, 0xF2, 0x03, 0xEE, 0x03, 0xF5, 0x04, 0xAB,  /* tan → 6 chars */
    /* tang   */ 0x04, 0x74, 0x61, 0x6E, 0x67, 0x04, 0x00, 0xA3, 0x02, 0xFC, 0x03, 0x00, 0x03, 0xB7,  /* tang → 4 chars */
    /* tao    */ 0x03, 0x74, 0x61, 0x6F, 0x04, 0x01, 0x0D, 0x01, 0xDE, 0x03, 0x9E, 0x03, 0xEA,  /* tao → 4 chars */
    /* te     */ 0x02, 0x74, 0x65, 0x01, 0x04, 0x0C,  /* te → 1 chars */
    /* teng   */ 0x04, 0x74, 0x65, 0x6E, 0x67, 0x01, 0x03, 0xEB,  /* teng → 1 chars */
    /* ti     */ 0x02, 0x74, 0x69, 0x04, 0x01, 0x79, 0x02, 0x68, 0x04, 0xFE, 0x05, 0x3C,  /* ti → 4 chars */
    /* tian   */ 0x04, 0x74, 0x69, 0x61, 0x6E, 0x03, 0x01, 0x0E, 0x01, 0x4E, 0x04, 0x18,  /* tian → 3 chars */
    /* tiao   */ 0x04, 0x74, 0x69, 0x61, 0x6F, 0x04, 0x01, 0x98, 0x02, 0x6B, 0x02, 0x92, 0x03, 0x71,  /* tiao → 4 chars */
    /* tie    */ 0x03, 0x74, 0x69, 0x65, 0x01, 0x01, 0x32,  /* tie → 1 chars */
    /* ting   */ 0x04, 0x74, 0x69, 0x6E, 0x67, 0x07, 0x00, 0xC7, 0x00, 0xEB, 0x01, 0x70, 0x02, 0x2E, 0x02, 0xB0, 0x04, 0x59, 0x04, 0xCB,  /* ting → 7 chars */
    /* tong   */ 0x04, 0x74, 0x6F, 0x6E, 0x67, 0x07, 0x00, 0x89, 0x01, 0x5D, 0x02, 0x83, 0x02, 0xE1, 0x03, 0x9F, 0x03, 0xF7, 0x05, 0x7A,  /* tong → 7 chars */
    /* tou    */ 0x03, 0x74, 0x6F, 0x75, 0x01, 0x03, 0x08,  /* tou → 1 chars */
    /* tu     */ 0x02, 0x74, 0x75, 0x02, 0x02, 0xED, 0x03, 0x58,  /* tu → 2 chars */
    /* tuan   */ 0x04, 0x74, 0x75, 0x61, 0x6E, 0x01, 0x02, 0xE9,  /* tuan → 1 chars */
    /* tui    */ 0x03, 0x74, 0x75, 0x69, 0x02, 0x01, 0x47, 0x04, 0x54,  /* tui → 2 chars */
    /* tun    */ 0x03, 0x74, 0x75, 0x6E, 0x01, 0x03, 0x30,  /* tun → 1 chars */
    /* tuo    */ 0x03, 0x74, 0x75, 0x6F, 0x02, 0x03, 0x65, 0x04, 0xC0,  /* tuo → 2 chars */
    /* wai    */ 0x03, 0x77, 0x61, 0x69, 0x01, 0x00, 0xBF,  /* wai → 1 chars */
    /* wan    */ 0x03, 0x77, 0x61, 0x6E, 0x06, 0x00, 0x49, 0x00, 0xFC, 0x01, 0x21, 0x01, 0xF3, 0x02, 0x52, 0x05, 0x0A,  /* wan → 6 chars */
    /* wang   */ 0x04, 0x77, 0x61, 0x6E, 0x67, 0x04, 0x00, 0x8E, 0x03, 0x7F, 0x03, 0x8D, 0x04, 0x43,  /* wang → 4 chars */
    /* wei    */ 0x03, 0x77, 0x65, 0x69, 0x12, 0x00, 0x14, 0x00, 0x3C, 0x00, 0x76, 0x00, 0xB5, 0x00, 0xD2, 0x02, 0x12, 0x02, 0x17, 0x02, 0x55, 0x02, 0xDB, 0x03, 0x28, 0x03, 0x59, 0x03, 0x8E, 0x03, 0xCB, 0x03, 0xE1, 0x03, 0xF3, 0x05, 0x0C, 0x05, 0x0D, 0x05, 0x6D,  /* wei → 18 chars */
    /* wen    */ 0x03, 0x77, 0x65, 0x6E, 0x03, 0x00, 0x79, 0x01, 0x40, 0x02, 0x69,  /* wen → 3 chars */
    /* wo     */ 0x02, 0x77, 0x6F, 0x03, 0x00, 0x08, 0x01, 0x9C, 0x03, 0xD9,  /* wo → 3 chars */
    /* wu     */ 0x02, 0x77, 0x75, 0x10, 0x00, 0x64, 0x00, 0x7E, 0x00, 0x97, 0x00, 0xF4, 0x01, 0x68, 0x01, 0xB9, 0x01, 0xFE, 0x02, 0xA9, 0x02, 0xBA, 0x02, 0xD2, 0x02, 0xE2, 0x03, 0x60, 0x04, 0x57, 0x04, 0x5D, 0x05, 0x09, 0x05, 0x4A,  /* wu → 16 chars */
    /* xi     */ 0x02, 0x78, 0x69, 0x0A, 0x00, 0x2B, 0x01, 0x27, 0x01, 0x8D, 0x01, 0xF7, 0x02, 0x5E, 0x02, 0x7F, 0x03, 0x81, 0x04, 0x05, 0x04, 0xB6, 0x05, 0x81,  /* xi → 10 chars */
    /* xia    */ 0x03, 0x78, 0x69, 0x61, 0x06, 0x00, 0x20, 0x00, 0x6D, 0x01, 0xED, 0x02, 0x00, 0x03, 0x38, 0x05, 0x69,  /* xia → 6 chars */
    /* xian   */ 0x04, 0x78, 0x69, 0x61, 0x6E, 0x0B, 0x01, 0x56, 0x01, 0x63, 0x02, 0x13, 0x02, 0x72, 0x02, 0x99, 0x02, 0xB6, 0x02, 0xE3, 0x04, 0x10, 0x04, 0x40, 0x04, 0x8B, 0x05, 0x7E,  /* xian → 11 chars */
    /* xiang  */ 0x05, 0x78, 0x69, 0x61, 0x6E, 0x67, 0x0C, 0x00, 0x48, 0x01, 0x1E, 0x01, 0xA7, 0x01, 0xB6, 0x02, 0x4C, 0x02, 0xAA, 0x04, 0x24, 0x04, 0x32, 0x04, 0x82, 0x04, 0xD1, 0x04, 0xD5, 0x05, 0x05,  /* xiang → 12 chars */
    /* xiao   */ 0x04, 0x78, 0x69, 0x61, 0x6F, 0x06, 0x00, 0x2E, 0x00, 0xCD, 0x02, 0x6C, 0x03, 0x14, 0x04, 0x73, 0x05, 0x4F,  /* xiao → 6 chars */
    /* xie    */ 0x03, 0x78, 0x69, 0x65, 0x04, 0x00, 0xA1, 0x01, 0x5B, 0x02, 0x0D, 0x03, 0xFC,  /* xie → 4 chars */
    /* xin    */ 0x03, 0x78, 0x69, 0x6E, 0x06, 0x00, 0x37, 0x00, 0xDA, 0x01, 0x6E, 0x03, 0x5D, 0x04, 0x94, 0x05, 0x7F,  /* xin → 6 chars */
    /* xing   */ 0x04, 0x78, 0x69, 0x6E, 0x67, 0x08, 0x00, 0x21, 0x01, 0x85, 0x02, 0x4F, 0x02, 0xC7, 0x03, 0x49, 0x03, 0x83, 0x04, 0x9E, 0x04, 0xC4,  /* xing → 8 chars */
    /* xiong  */ 0x05, 0x78, 0x69, 0x6F, 0x6E, 0x67, 0x03, 0x01, 0xD1, 0x02, 0xC2, 0x04, 0xC8,  /* xiong → 3 chars */
    /* xiu    */ 0x03, 0x78, 0x69, 0x75, 0x03, 0x00, 0xD3, 0x02, 0xBB, 0x04, 0x36,  /* xiu → 3 chars */
    /* xu     */ 0x02, 0x78, 0x75, 0x07, 0x00, 0x78, 0x00, 0xAC, 0x01, 0xAC, 0x01, 0xAE, 0x03, 0xE4, 0x04, 0x23, 0x05, 0x6D,  /* xu → 7 chars */
    /* xuan   */ 0x04, 0x78, 0x75, 0x61, 0x6E, 0x02, 0x03, 0x1C, 0x05, 0x10,  /* xuan → 2 chars */
    /* xue    */ 0x03, 0x78, 0x75, 0x65, 0x03, 0x00, 0xB6, 0x01, 0xFB, 0x03, 0x16,  /* xue → 3 chars */
    /* xun    */ 0x03, 0x78, 0x75, 0x6E, 0x02, 0x04, 0x87, 0x04, 0x99,  /* xun → 2 chars */
    /* ya     */ 0x02, 0x79, 0x61, 0x06, 0x00, 0x80, 0x01, 0xD6, 0x02, 0x44, 0x02, 0xF7, 0x03, 0x3D, 0x04, 0xC9,  /* ya → 6 chars */
    /* yan    */ 0x03, 0x79, 0x61, 0x6E, 0x11, 0x00, 0x74, 0x00, 0xB8, 0x02, 0x1B, 0x02, 0x90, 0x02, 0xBF, 0x02, 0xC5, 0x02, 0xFE, 0x03, 0x34, 0x03, 0x52, 0x03, 0xEF, 0x04, 0x07, 0x04, 0x1F, 0x04, 0x27, 0x04, 0xDB, 0x05, 0x59, 0x05, 0x61, 0x05, 0x71,  /* yan → 17 chars */
    /* yang   */ 0x04, 0x79, 0x61, 0x6E, 0x67, 0x05, 0x00, 0x84, 0x00, 0x93, 0x01, 0x93, 0x03, 0x66, 0x03, 0xCC,  /* yang → 5 chars */
    /* yao    */ 0x03, 0x79, 0x61, 0x6F, 0x05, 0x00, 0x1D, 0x01, 0xC8, 0x03, 0x0F, 0x03, 0x2D, 0x04, 0xEF,  /* yao → 5 chars */
    /* ye     */ 0x02, 0x79, 0x65, 0x08, 0x00, 0x1B, 0x00, 0xB7, 0x01, 0xF5, 0x02, 0x2F, 0x02, 0x9C, 0x02, 0xCD, 0x03, 0x74, 0x04, 0xB2,  /* ye → 8 chars */
    /* yi     */ 0x02, 0x79, 0x69, 0x11, 0x00, 0x02, 0x00, 0x87, 0x00, 0xCF, 0x01, 0x52, 0x01, 0x61, 0x01, 0xAA, 0x02, 0x33, 0x02, 0x74, 0x02, 0xB9, 0x02, 0xBD, 0x03, 0x09, 0x03, 0x18, 0x03, 0x80, 0x03, 0xBB, 0x04, 0x26, 0x04, 0x5B, 0x04, 0x9C,  /* yi → 17 chars */
    /* yin    */ 0x03, 0x79, 0x69, 0x6E, 0x04, 0x00, 0x6C, 0x00, 0xE7, 0x01, 0xF8, 0x05, 0x08,  /* yin → 4 chars */
    /* ying   */ 0x04, 0x79, 0x69, 0x6E, 0x67, 0x08, 0x01, 0xA1, 0x01, 0xB1, 0x02, 0x8A, 0x04, 0x72, 0x04, 0x78, 0x04, 0xD2, 0x04, 0xE1, 0x05, 0x49,  /* ying → 8 chars */
    /* yong   */ 0x04, 0x79, 0x6F, 0x6E, 0x67, 0x03, 0x02, 0xA2, 0x02, 0xD5, 0x03, 0xB2,  /* yong → 3 chars */
    /* you    */ 0x03, 0x79, 0x6F, 0x75, 0x09, 0x00, 0x07, 0x00, 0xBD, 0x01, 0x62, 0x01, 0x7E, 0x01, 0xBB, 0x02, 0xDE, 0x03, 0x2C, 0x04, 0x19, 0x05, 0x68,  /* you → 9 chars */
    /* yu     */ 0x02, 0x79, 0x75, 0x18, 0x00, 0x42, 0x00, 0x55, 0x00, 0xB9, 0x01, 0xAB, 0x01, 0xC9, 0x01, 0xDA, 0x01, 0xFA, 0x02, 0x12, 0x02, 0x28, 0x02, 0x31, 0x02, 0x8F, 0x03, 0x31, 0x03, 0x39, 0x03, 0xA9, 0x04, 0x34, 0x04, 0x35, 0x04, 0x46, 0x04, 0x7A, 0x04, 0xA4, 0x05, 0x12, 0x05, 0x1B, 0x05, 0x22, 0x05, 0x23, 0x05, 0x7D,  /* yu → 24 chars */
    /* yuan   */ 0x04, 0x79, 0x75, 0x61, 0x6E, 0x0D, 0x00, 0x39, 0x00, 0xAA, 0x00, 0xCC, 0x01, 0x6A, 0x01, 0x6C, 0x01, 0xA9, 0x02, 0x14, 0x02, 0xC1, 0x02, 0xDC, 0x02, 0xEB, 0x02, 0xF4, 0x03, 0xBC, 0x03, 0xE5,  /* yuan → 13 chars */
    /* yue    */ 0x03, 0x79, 0x75, 0x65, 0x05, 0x00, 0x4E, 0x03, 0x35, 0x03, 0x61, 0x03, 0x89, 0x04, 0x90,  /* yue → 5 chars */
    /* yun    */ 0x03, 0x79, 0x75, 0x6E, 0x05, 0x00, 0x8D, 0x01, 0xFF, 0x04, 0x98, 0x04, 0xA8, 0x04, 0xFD,  /* yun → 5 chars */
    /* zai    */ 0x03, 0x7A, 0x61, 0x69, 0x03, 0x00, 0x05, 0x02, 0x23, 0x02, 0xB5,  /* zai → 3 chars */
    /* zan    */ 0x03, 0x7A, 0x61, 0x6E, 0x02, 0x00, 0xEC, 0x03, 0x82,  /* zan → 2 chars */
    /* zang   */ 0x04, 0x7A, 0x61, 0x6E, 0x67, 0x01, 0x00, 0x58,  /* zang → 1 chars */
    /* zao    */ 0x03, 0x7A, 0x61, 0x6F, 0x03, 0x01, 0xF2, 0x02, 0x4D, 0x03, 0x97,  /* zao → 3 chars */
    /* ze     */ 0x02, 0x7A, 0x65, 0x02, 0x03, 0xC9, 0x05, 0x0F,  /* ze → 2 chars */
    /* zeng   */ 0x04, 0x7A, 0x65, 0x6E, 0x67, 0x02, 0x00, 0xAE, 0x01, 0x4A,  /* zeng → 2 chars */
    /* zha    */ 0x03, 0x7A, 0x68, 0x61, 0x01, 0x03, 0x64,  /* zha → 1 chars */
    /* zhai   */ 0x04, 0x7A, 0x68, 0x61, 0x69, 0x02, 0x01, 0x87, 0x03, 0x23,  /* zhai → 2 chars */
    /* zhan   */ 0x04, 0x7A, 0x68, 0x61, 0x6E, 0x06, 0x01, 0x18, 0x02, 0x0E, 0x02, 0x42, 0x03, 0x2F, 0x03, 0xC3, 0x03, 0xE3,  /* zhan → 6 chars */
    /* zhang  */ 0x05, 0x7A, 0x68, 0x61, 0x6E, 0x67, 0x05, 0x00, 0x90, 0x03, 0xAC, 0x03, 0xF2, 0x04, 0x3C, 0x04, 0xC7,  /* zhang → 5 chars */
    /* zhao   */ 0x04, 0x7A, 0x68, 0x61, 0x6F, 0x07, 0x00, 0x94, 0x01, 0xF6, 0x02, 0xC4, 0x03, 0x6F, 0x03, 0x84, 0x04, 0x04, 0x04, 0x4E,  /* zhao → 7 chars */
    /* zhe    */ 0x03, 0x7A, 0x68, 0x65, 0x04, 0x00, 0x0A, 0x00, 0x23, 0x00, 0x4C, 0x04, 0x49,  /* zhe → 4 chars */
    /* zhen   */ 0x04, 0x7A, 0x68, 0x65, 0x6E, 0x04, 0x01, 0x43, 0x02, 0xEF, 0x03, 0x72, 0x04, 0xB8,  /* zhen → 4 chars */
    /* zheng  */ 0x05, 0x7A, 0x68, 0x65, 0x6E, 0x67, 0x04, 0x00, 0x63, 0x00, 0xC2, 0x03, 0x57, 0x03, 0x7A,  /* zheng → 4 chars */
    /* zhi    */ 0x03, 0x7A, 0x68, 0x69, 0x13, 0x01, 0xE2, 0x02, 0x3F, 0x02, 0x6E, 0x02, 0x77, 0x02, 0x84, 0x02, 0xA8, 0x03, 0x37, 0x03, 0x5B, 0x03, 0x96, 0x03, 0xC1, 0x04, 0x55, 0x04, 0x56, 0x04, 0x61, 0x04, 0xE9, 0x04, 0xED, 0x05, 0x16, 0x05, 0x2C, 0x05, 0x5D, 0x05, 0x79,  /* zhi → 19 chars */
    /* zhong  */ 0x05, 0x7A, 0x68, 0x6F, 0x6E, 0x67, 0x06, 0x00, 0x0B, 0x01, 0x3A, 0x01, 0x91, 0x03, 0x5C, 0x04, 0xB3, 0x05, 0x3E,  /* zhong → 6 chars */
    /* zhou   */ 0x04, 0x7A, 0x68, 0x6F, 0x75, 0x04, 0x00, 0x72, 0x00, 0x96, 0x01, 0x2B, 0x04, 0x58,  /* zhou → 4 chars */
    /* zhu    */ 0x03, 0x7A, 0x68, 0x75, 0x09, 0x00, 0x6E, 0x00, 0x9A, 0x00, 0xC0, 0x01, 0x75, 0x01, 0xC0, 0x02, 0x2A, 0x03, 0x9B, 0x04, 0x88, 0x04, 0xD8,  /* zhu → 9 chars */
    /* zhuan  */ 0x05, 0x7A, 0x68, 0x75, 0x61, 0x6E, 0x02, 0x04, 0x91, 0x05, 0x3D,  /* zhuan → 2 chars */
    /* zhuang */ 0x06, 0x7A, 0x68, 0x75, 0x61, 0x6E, 0x67, 0x02, 0x03, 0x4A, 0x04, 0xF0,  /* zhuang → 2 chars */
    /* zhun   */ 0x04, 0x7A, 0x68, 0x75, 0x6E, 0x01, 0x02, 0x3B,  /* zhun → 1 chars */
    /* zhuo   */ 0x04, 0x7A, 0x68, 0x75, 0x6F, 0x02, 0x03, 0xDB, 0x04, 0xF7,  /* zhuo → 2 chars */
    /* zi     */ 0x02, 0x7A, 0x69, 0x08, 0x00, 0x15, 0x01, 0x31, 0x02, 0x86, 0x02, 0x9F, 0x03, 0xA4, 0x03, 0xDC, 0x03, 0xE8, 0x04, 0x8D,  /* zi → 8 chars */
    /* zong   */ 0x04, 0x7A, 0x6F, 0x6E, 0x67, 0x02, 0x04, 0x3F, 0x05, 0x67,  /* zong → 2 chars */
    /* zou    */ 0x03, 0x7A, 0x6F, 0x75, 0x02, 0x01, 0x7A, 0x04, 0xA3,  /* zou → 2 chars */
    /* zu     */ 0x02, 0x7A, 0x75, 0x05, 0x01, 0x0B, 0x01, 0x5E, 0x03, 0x7D, 0x04, 0x39, 0x05, 0x21,  /* zu → 5 chars */
    /* zui    */ 0x03, 0x7A, 0x75, 0x69, 0x02, 0x02, 0x6A, 0x02, 0xE8,  /* zui → 2 chars */
    /* zun    */ 0x03, 0x7A, 0x75, 0x6E, 0x01, 0x00, 0x86,  /* zun → 1 chars */
    /* zuo    */ 0x03, 0x7A, 0x75, 0x6F, 0x04, 0x00, 0xBC, 0x01, 0x09, 0x01, 0x9B, 0x02, 0x34  /* zuo → 4 chars */
};

/* Character list: 的是一不了在人有我他这中大来上个国到说们为子和你地出会也时要就能下行对着生里年前面后东西南北小高多少长短快慢好新旧远近安危黑吉辽冀鲁豫晋陕甘川鄂湘皖赣苏浙闽粤滇黔琼京津沪渝蒙宁藏疆青桂呼沈哈杭合福济郑武沙广深成昆贵兰银厦珠佛莞惠州泉烟台威海徐温嘉绍金柳梧三亚泸绵德阳乐遵义毕铜仁顺都匀王李张刘陈杨赵黄周吴孙马朱胡郭何林罗梁谢宋唐韩冯董程蔡曹袁邓许傅曾彭吕卢蒋贾丁魏薛叶阎余潘杜左右内外主副正偏收发守听叫紧急救援消防医疗保维修检查测试报警信号连接断开射频道波段功率音量关启停暂继返确认取二四五六七八九十百千万半点零两几第每各区栋层排座间组队套天水火风山河路桥港村站门口车船街巷坪坝湾坡岭峰谷洞溪池湖江洲岛红蓝绿白紫铁明亮暗清强弱轻重热冷凉干湿稳满空真假坏进退升降增减存删添加更换移动扩缩显示输入读写播通阻逆常异优先工厂楼房屋舍院场园馆心室厅窗弹墙壁柱顶底板梯走廊电器油汽煤雷光声色形宽窄浅低厚薄粗细疏密级种类样机飞潜爬跳跑立坐卧倒拿放送迎还买卖借看想思愿意欲需必须可该应被把给让向从过无没又花草树木竹米麦豆瓜果菜茶药鱼鸟兽虫龙凤虎狮熊狼猫狗鸡鸭鹅铝钢玉石玻璃陶瓷漆布纸皮毛棉麻丝绸缎呢绒春夏秋冬晨昏早晚日夜朝夕阴晴雨雪霜露雾云霞虹赤橙灰褐粉彩浓淡巅昌平协战斗班陵蔚县苑儋范围盒才啊闫党隘服曙炉索蛟载登鬼朋鼎誉倌猪佩荒柏庭业临于仅仪作侧候储全其典准分切列制力包占即压双反叮名命克咚响噪回型复它完定导尾差带度式待忙念恢息户手打扫描持按控拟提文最条校模止步比版现画益监盘直码禁称端等简精系繁纪经统置联自航背节英表视觉解语言设调请跨部铃锁键限除静页魅默字数方用省丘丰丹丽之乌乡乾互亓井交亭亳什介仓仔仙令任伊伍休佳依俱偃傲元兄充兆兖公兴兵冈冕农冠冶凌刊利剑务劲劳勇勒化华博卡卫原及友古句同吾咸哥商喀善嘴团固圆圈土圣圳坊坛坦坻垣垦垫垭城埗埠基堂堡堰塔塘塞墨墩士壶备太头夷奇奉奎如姑姚姜娄嫂孔孝孟学宏宜宝实审宣宫家容宾宿富寨寮寺寿封尉尔尖尚尤尧居展屯屿岑岗岩岳岸峙峡峪崂崇崎崖嵊嵩巢巨巩巴市师帕帮帽幸庄庆庐库店庙府康延建弓弟当征徒微徽志忠忻怀恩悟悦感慈扎托扬扶承技抚抢拉拍拔招括挑振授掖搜摩攀故敦整斯施族旗旺易昔昝星昭普景暨曲月朐朔朗望未本术朵权杞松极枝枣柴标栏株格栾桃桐桑桓桦梅梓梨椒楚榄榆榕榜樟横樵歌氏民永汇汉汕汝汤汨汾沁沂沅沛沟沧沭治沽沾泊法泗泮泰泽泾洈洋洛洪洱流浏浦浩浪浮涉涞涟涡润涿淄淮淼渑渠渭湄湛溆源溧滁滋滑滔滕滦滨滩演漠漯漳潍潢潭潮潼澜澧澳濮瀣灌灯灵炬烽焦煌照熙熟燕爱牛牟牡特狐独猛献玛环球理瑞瓶甪田由甸界番皇皋盐盖盛盟盱相眉眙眼睢矿砀砂碑碧磐社祁神祥禅禹禺秀私科租秦稷章符綦纵线绛绥网美群羽老考者耳聊聚肃肇肥胜胶脚腊腿至致舞舟艇良艺芒芜芦芬芳芷苍茂荆荔荣荷莆莎莒莘莱莲获菁菏萝营萧落葛葫蒲蓥蓬虞蚌蜀蜂蟠衡衢褒襄覆观览角讯诸贝贡贤贺资赫超越转轿辉辛边达迁运逊速遂邑邡邢邯邱邳邵邹郁郊郎郏郓郡郫郯郴郸鄄鄱酒醴野钟钦链锡锦镇闵闾阁阆阜阡阿陀陂际陆陉隆随障雄雅集霆霍霸靖鞍韶项颍饶首香驰驳驻驾骅验骑鲅鲍鸿鹤鹰鹿麓黎鼓齐局乘执事迪刷址共窑装旅眠司窦客苹卓软件脑单儿韵体情芙蓉祈叁始象矩屏引物玩具伟炜护择选闭预免滤所值佬洁讲禾渔鹏铭缺君餐足浴娱留橘桔错那吧吨架支凰非蓟舒吊笼杉乔俊禄佰缙赛裁判踢专众谱轨规燃烧烤凯夫嗨仑鹦鹉锋棱世辰效军寒见男杰诚玲焕官雁峨栎勤知萨麋混研采管森煲离总游侠埔融媒圩锚娇额彦淖邻氯铺告舶女职童濠穿遇险馨澄玺蕲产 */

#endif /* CN_FONT_DATA_H */
